"store_id","film_id","film_title","category","inventory_count","total_rentals","total_revenue","last_rental_date","average_rental_duration"
1,1,"Academy Dinosaur","Documentary",4,12,18.89,"2005-08-23 01:01:01",4.58
2,1,"Academy Dinosaur","Documentary",4,11,14.90,"2005-08-22 00:44:08",4.50
2,2,"Ace Goldfinger","Horror",3,7,52.93,"2006-02-14 15:16:03",5.33
2,3,"Adaptation Holes","Documentary",4,12,34.89,"2005-08-23 13:54:39",2.83
1,4,"Affair Prejudice","Horror",4,13,49.88,"2005-08-22 21:16:54",4.62
2,4,"Affair Prejudice","Horror",3,10,33.91,"2006-02-14 15:16:03",4.00
2,5,"African Egg","Family",3,12,47.89,"2006-02-14 15:16:03",6.73
1,6,"Agent Truman","Foreign",3,11,56.90,"2005-08-20 12:32:32",4.73
2,6,"Agent Truman","Foreign",3,10,54.91,"2005-08-21 16:03:01",5.70
1,7,"Airplane Sierra","Comedy",2,6,37.94,"2005-08-22 17:18:05",6.50
2,7,"Airplane Sierra","Comedy",3,9,44.91,"2005-08-21 04:34:11",2.22
2,8,"Airport Pollock","Horror",4,18,86.85,"2005-08-23 20:24:36",4.83
1,9,"Alabama Devil","Horror",3,8,43.92,"2005-08-23 14:26:51",4.63
2,9,"Alabama Devil","Horror",2,4,27.96,"2005-08-17 22:32:50",6.50
1,10,"Aladdin Calendar","Sports",4,11,62.89,"2005-08-21 20:49:21",4.55
2,10,"Aladdin Calendar","Sports",3,12,68.88,"2005-08-21 11:06:33",4.25
1,11,"Alamo Videotape","Foreign",4,13,15.88,"2005-08-22 04:04:31",3.85
2,11,"Alamo Videotape","Foreign",3,11,14.90,"2005-08-20 03:44:26",5.27
1,12,"Alaska Phantom","Music",3,11,12.90,"2005-08-22 17:37:02",4.27
2,12,"Alaska Phantom","Music",4,15,24.87,"2005-08-23 06:11:52",5.33
2,13,"Ali Forever","Horror",4,9,54.91,"2006-02-14 15:16:03",4.13
NULL,14,"Alice Fantasia","Classics",0,0,0,NULL,NULL
1,15,"Alien Center","Foreign",2,10,37.92,"2005-08-23 05:13:09",4.70
2,15,"Alien Center","Foreign",4,12,46.88,"2005-08-23 19:21:22",4.17
1,16,"Alley Evolution","Foreign",2,6,23.94,"2005-08-22 07:10:26",5.50
2,16,"Alley Evolution","Foreign",2,8,22.93,"2005-08-18 06:07:26",4.75
1,17,"Alone Trip","Music",3,7,24.93,"2006-02-14 15:16:03",5.17
2,17,"Alone Trip","Music",3,11,36.90,"2005-08-21 16:25:05",4.45
1,18,"Alter Victory","Animation",3,13,17.89,"2005-08-23 03:44:51",4.69
2,18,"Alter Victory","Animation",3,9,12.91,"2005-08-22 16:58:31",3.78
1,19,"Amadeus Holy","Action",4,13,22.88,"2005-08-21 17:51:06",5.00
2,19,"Amadeus Holy","Action",2,8,9.92,"2006-02-14 15:16:03",3.43
1,20,"Amelie Hellfighters","Music",3,10,67.90,"2005-08-23 12:07:51",4.40
1,21,"American Circus","Action",2,10,53.93,"2005-08-23 08:13:26",4.50
2,21,"American Circus","Action",4,12,92.88,"2006-02-14 15:16:03",5.18
1,22,"Amistad Midsummer","New",4,14,45.86,"2005-08-22 17:12:29",3.71
2,22,"Amistad Midsummer","New",3,7,24.93,"2006-02-14 15:16:03",5.33
1,23,"Anaconda Confessions","Animation",3,11,29.90,"2005-08-20 21:21:08",4.45
2,23,"Anaconda Confessions","Animation",2,10,21.92,"2005-08-17 18:13:07",3.60
1,24,"Analyze Hoosiers","Horror",4,14,55.86,"2005-08-22 17:58:27",5.14
1,25,"Angels Life","New",4,14,65.87,"2005-08-23 13:46:00",4.29
2,25,"Angels Life","New",2,8,37.93,"2005-08-21 01:15:59",5.63
1,26,"Annie Identity","Sci-Fi",2,10,20.92,"2005-08-22 15:55:48",3.70
2,26,"Annie Identity","Sci-Fi",3,12,29.89,"2005-08-23 03:30:51",3.92
1,27,"Anonymous Human","Sports",4,13,17.87,"2005-08-20 00:18:15",4.46
1,28,"Anthem Luke","Comedy",3,15,63.89,"2005-08-22 22:37:34",4.40
1,29,"Antitrust Tomatoes","Action",2,10,27.93,"2005-08-21 01:31:25",4.40
1,30,"Anything Savannah","Horror",2,9,43.92,"2005-08-22 02:09:12",5.00
1,31,"Apache Divine","Family",4,15,80.86,"2005-08-23 15:10:42",3.93
2,31,"Apache Divine","Family",4,16,79.86,"2005-08-23 12:47:26",3.50
2,32,"Apocalypse Flamingos","New",2,6,24.95,"2005-08-23 03:50:48",3.67
NULL,33,"Apollo Teen","Drama",0,0,0,NULL,NULL
2,34,"Arabia Dogma","Horror",4,13,21.88,"2005-08-20 07:47:05",3.92
1,35,"Arachnophobia Rollercoaster","Horror",4,13,59.88,"2005-08-22 21:47:53",5.31
2,35,"Arachnophobia Rollercoaster","Horror",3,11,49.89,"2005-08-22 23:26:32",4.64
NULL,36,"Argonauts Town","Animation",0,0,0,NULL,NULL
1,37,"Arizona Bang","Classics",4,11,56.89,"2005-08-23 05:08:58",3.91
2,37,"Arizona Bang","Classics",3,10,47.90,"2005-08-22 08:30:17",3.90
NULL,38,"Ark Ridgemont","Action",0,0,0,NULL,NULL
1,39,"Armageddon Lost","Sci-Fi",3,9,17.91,"2005-08-20 05:29:45",5.11
2,39,"Armageddon Lost","Sci-Fi",4,12,23.89,"2006-02-14 15:16:03",4.55
2,40,"Army Flintstones","Documentary",4,16,36.86,"2005-08-22 18:27:33",4.50
NULL,41,"Arsenic Independence","Travel",0,0,0,NULL,NULL
2,42,"Artist Coldblooded","Sports",4,16,59.86,"2005-08-22 19:44:53",4.88
1,43,"Atlantis Cause","Family",3,12,37.89,"2005-08-19 06:38:59",4.08
2,43,"Atlantis Cause","Family",4,12,37.90,"2005-08-19 05:20:25",4.33
1,44,"Attacks Hate","Sci-Fi",2,7,38.93,"2005-08-23 00:48:29",4.29
2,44,"Attacks Hate","Sci-Fi",3,9,62.91,"2005-08-23 04:48:12",6.00
1,45,"Attraction Newton","New",4,15,82.86,"2005-08-21 23:00:02",3.93
2,45,"Attraction Newton","New",2,9,50.92,"2005-08-20 09:53:44",4.00
2,46,"Autumn Crow","Games",3,11,74.90,"2005-08-21 22:25:53",4.55
2,47,"Baby Hall","Foreign",2,8,40.93,"2005-08-22 03:47:39",4.38
1,48,"Backlash Undefeated","Children",2,10,67.92,"2005-08-21 11:02:09",5.40
2,48,"Backlash Undefeated","Children",2,9,72.92,"2005-08-23 15:15:02",6.22
1,49,"Badman Dawn","Sci-Fi",3,9,30.91,"2005-08-23 15:23:50",3.33
2,49,"Badman Dawn","Sci-Fi",3,12,45.88,"2005-08-23 03:12:54",4.75
1,50,"Baked Cleopatra","Family",3,8,39.92,"2006-02-14 15:16:03",4.14
2,50,"Baked Cleopatra","Family",2,8,36.93,"2005-08-23 15:54:20",4.00
1,51,"Balloon Homeward","Music",2,9,33.92,"2005-08-22 13:41:49",5.67
2,51,"Balloon Homeward","Music",4,14,57.86,"2005-08-23 00:56:27",4.57
2,52,"Ballroom Mockingbird","Foreign",2,8,9.93,"2005-08-22 15:42:57",4.13
1,53,"Bang Kwai","Family",2,7,22.93,"2006-02-14 15:16:03",4.17
1,54,"Banger Pinocchio","Music",3,13,26.88,"2005-08-21 23:55:50",4.23
2,54,"Banger Pinocchio","Music",2,9,13.92,"2005-08-23 21:01:09",4.00
1,55,"Barbarella Streetcar","Sci-Fi",4,18,59.84,"2005-08-23 20:45:53",5.39
2,55,"Barbarella Streetcar","Sci-Fi",2,7,24.94,"2005-08-17 19:54:54",5.71
1,56,"Barefoot Manchurian","Action",3,11,35.90,"2005-08-23 09:52:55",4.73
2,56,"Barefoot Manchurian","Action",2,7,23.93,"2005-08-23 19:45:25",4.29
1,57,"Basic Easy","Travel",4,11,43.89,"2005-08-23 17:43:16",3.27
2,57,"Basic Easy","Travel",3,10,43.91,"2006-02-14 15:16:03",5.11
2,58,"Beach Heartbreakers","Documentary",4,17,55.86,"2005-08-23 15:29:17",4.71
1,59,"Bear Graceland","Children",3,12,57.89,"2005-08-23 11:56:22",5.00
2,59,"Bear Graceland","Children",2,10,35.92,"2005-08-21 05:35:17",5.00
1,60,"Beast Hunchback","Classics",3,11,69.90,"2005-08-22 19:28:02",4.00
1,61,"Beauty Grease","Drama",4,15,80.86,"2005-08-20 13:13:56",4.20
2,61,"Beauty Grease","Drama",2,7,44.93,"2005-08-23 21:34:33",4.29
2,62,"Bed Highball","Documentary",2,6,24.94,"2005-08-18 17:34:11",4.83
1,63,"Bedazzled Married","Family",2,7,6.94,"2005-08-23 02:04:57",3.86
2,63,"Bedazzled Married","Family",2,6,7.94,"2005-08-23 20:44:36",3.50
2,64,"Beethoven Exorcist","Drama",3,11,16.89,"2005-08-20 21:21:34",4.36
2,65,"Behavior Runaway","Horror",4,13,87.89,"2005-08-22 06:46:03",4.92
1,66,"Beneath Rush","Children",3,10,16.90,"2005-08-20 09:21:08",3.90
1,67,"Berets Agent","Action",2,6,22.94,"2005-08-17 18:27:49",4.50
2,67,"Berets Agent","Action",4,15,49.86,"2006-02-14 15:16:03",3.64
1,68,"Betrayed Rear","Children",2,7,36.94,"2005-08-21 04:29:11",5.57
2,68,"Betrayed Rear","Children",2,8,42.93,"2005-08-20 14:56:53",3.50
1,69,"Beverly Outlaw","Sci-Fi",4,9,58.91,"2005-08-23 07:03:19",5.78
2,69,"Beverly Outlaw","Sci-Fi",4,12,56.88,"2005-08-23 15:19:15",4.00
1,70,"Bikini Borrowers","Animation",2,8,39.93,"2005-08-22 20:03:46",4.75
2,70,"Bikini Borrowers","Animation",2,9,39.93,"2005-08-21 03:57:15",6.00
2,71,"Bilko Anonymous","Family",4,13,94.88,"2005-08-23 14:55:47",4.77
1,72,"Bill Others","Documentary",4,13,43.87,"2005-08-23 19:50:06",4.00
2,72,"Bill Others","Documentary",2,6,19.95,"2005-08-17 22:20:12",4.83
1,73,"Bingo Talented","Sci-Fi",4,14,61.88,"2005-08-22 09:03:04",6.00
2,73,"Bingo Talented","Sci-Fi",4,15,57.87,"2005-08-22 22:30:50",4.60
1,74,"Birch Antitrust","Music",3,6,35.94,"2005-08-22 00:57:43",4.50
2,74,"Birch Antitrust","Music",2,5,38.95,"2005-08-23 10:56:15",5.40
2,75,"Bird Independence","Travel",3,11,53.91,"2005-08-23 22:13:04",5.09
1,76,"Birdcage Casper","Music",3,9,23.91,"2005-08-20 08:27:30",4.67
1,77,"Birds Perdition","New",4,10,60.90,"2005-08-23 10:36:00",4.20
2,77,"Birds Perdition","New",2,8,41.93,"2005-08-20 12:53:12",4.00
1,78,"Blackout Private","Animation",3,14,43.88,"2005-08-22 04:51:42",4.93
2,78,"Blackout Private","Animation",4,13,34.89,"2005-08-23 01:39:10",2.69
1,79,"Blade Polish","Drama",3,10,16.91,"2005-08-22 08:56:48",4.20
2,79,"Blade Polish","Drama",3,12,12.90,"2006-02-14 15:16:03",3.09
1,80,"Blanket Beverly","Family",4,12,33.90,"2006-02-14 15:16:03",5.73
1,81,"Blindness Gun","Sci-Fi",4,14,71.87,"2005-08-23 09:41:28",4.64
1,82,"Blood Argonauts","Family",2,10,30.93,"2005-08-22 00:51:25",5.20
1,83,"Blues Instinct","Family",3,13,48.88,"2005-08-21 12:06:32",4.00
2,83,"Blues Instinct","Family",2,8,26.94,"2005-08-23 11:25:00",4.13
1,84,"Boiled Dares","Travel",4,15,66.87,"2005-08-21 04:30:47",4.27
2,85,"Bonnie Holocaust","Documentary",4,16,31.85,"2005-08-21 07:59:47",3.63
1,86,"Boogie Amelie","Music",4,17,84.85,"2006-02-14 15:16:03",4.25
2,86,"Boogie Amelie","Music",4,12,55.89,"2005-08-22 08:52:38",4.25
NULL,87,"Boondock Ballroom","Travel",0,0,0,NULL,NULL
2,88,"Born Spinal","Travel",4,12,59.88,"2005-08-23 13:45:44",3.58
1,89,"Borrowers Bedazzled","Animation",3,10,12.91,"2005-08-22 23:21:22",4.70
2,89,"Borrowers Bedazzled","Animation",3,12,12.89,"2005-08-23 17:42:42",5.25
1,90,"Boulevard Mob","New",3,10,25.92,"2006-02-14 15:16:03",4.89
2,90,"Boulevard Mob","New",3,8,30.92,"2005-08-22 05:52:39",5.50
1,91,"Bound Cheaper","Classics",4,10,23.90,"2005-08-22 00:39:31",5.20
2,91,"Bound Cheaper","Classics",4,14,26.86,"2006-02-14 15:16:03",4.38
1,92,"Bowfinger Gables","Horror",2,5,24.95,"2005-08-19 10:49:03",1.80
2,92,"Bowfinger Gables","Horror",2,6,31.94,"2005-08-18 12:41:41",3.50
2,93,"Brannigan Sunrise","New",3,12,56.91,"2005-08-23 16:24:24",3.92
1,94,"Braveheart Human","Family",2,5,16.95,"2005-08-20 16:05:11",3.40
1,95,"Breakfast Goldfinger","New",2,6,38.94,"2005-08-23 15:16:32",5.00
2,95,"Breakfast Goldfinger","New",3,11,65.90,"2005-08-23 18:59:33",4.64
1,96,"Breaking Home","New",3,13,41.90,"2005-08-19 10:15:19",3.54
1,97,"Bride Intrigue","Action",4,11,13.89,"2005-08-23 20:29:10",4.64
2,97,"Bride Intrigue","Action",2,8,6.93,"2005-08-22 00:23:13",3.25
1,98,"Bright Encounters","Drama",3,13,87.88,"2005-08-22 05:16:16",4.77
1,99,"Bringing Hysterical","Comedy",3,10,36.90,"2005-08-23 07:53:38",5.40
2,99,"Bringing Hysterical","Comedy",3,10,31.91,"2005-08-22 15:36:22",5.10
1,100,"Brooklyn Desert","Foreign",4,15,67.87,"2005-08-20 11:29:32",4.07
2,100,"Brooklyn Desert","Foreign",2,6,38.94,"2005-08-22 03:20:26",7.00
1,101,"Brotherhood Blanket","Documentary",4,17,64.85,"2005-08-20 19:08:32",5.18
2,101,"Brotherhood Blanket","Documentary",2,9,33.92,"2005-08-22 22:57:25",5.11
2,102,"Bubble Grosse","Sports",2,6,35.94,"2006-02-14 15:16:03",3.80
1,103,"Bucket Brotherhood","Travel",4,17,80.85,"2005-08-23 21:49:22",4.41
2,103,"Bucket Brotherhood","Travel",4,17,69.87,"2005-08-20 17:17:00",4.41
2,104,"Bugsy Song","Foreign",3,11,45.91,"2005-08-21 16:03:27",4.91
1,105,"Bull Shawshank","Action",2,5,5.95,"2005-08-21 19:39:43",4.00
2,105,"Bull Shawshank","Action",3,11,15.89,"2006-02-14 15:16:03",4.30
1,106,"Bulworth Commandments","Games",2,7,32.93,"2005-08-22 19:17:24",5.00
2,107,"Bunch Minds","Drama",2,5,25.95,"2005-08-21 16:05:11",5.40
NULL,108,"Butch Panther","New",0,0,0,NULL,NULL
1,109,"Butterfly Chocolat","New",4,16,67.86,"2005-08-21 18:51:28",6.06
2,109,"Butterfly Chocolat","New",4,14,40.88,"2005-08-22 20:47:48",4.57
1,110,"Cabin Flash","Children",4,15,39.86,"2005-08-21 15:57:25",4.87
2,111,"Caddyshack Jedi","Action",4,16,46.86,"2005-08-23 14:27:07",4.25
1,112,"Calendar Gunfight","Foreign",4,13,86.88,"2005-08-23 00:49:24",4.46
2,112,"Calendar Gunfight","Foreign",3,8,36.94,"2005-08-22 01:57:34",4.50
2,113,"California Birds","Sports",4,12,73.89,"2005-08-23 12:46:38",4.83
1,114,"Camelot Vacation","Sci-Fi",4,16,54.86,"2006-02-14 15:16:03",4.93
2,114,"Camelot Vacation","Sci-Fi",3,11,38.90,"2005-08-22 12:35:40",5.09
1,115,"Campus Remember","Action",3,6,28.94,"2005-08-22 19:46:36",5.50
2,115,"Campus Remember","Action",4,13,52.89,"2005-08-22 18:39:44",5.85
1,116,"Candidate Perdition","Classics",2,5,26.94,"2006-02-14 15:16:03",5.75
2,116,"Candidate Perdition","Classics",4,13,61.88,"2005-08-23 17:09:56",5.62
1,117,"Candles Grapes","Games",4,15,70.87,"2005-08-22 06:01:26",4.47
2,117,"Candles Grapes","Games",2,8,40.93,"2005-08-22 06:49:29",3.88
1,118,"Canyon Stock","Animation",4,13,21.87,"2006-02-14 15:16:03",5.00
2,118,"Canyon Stock","Animation",2,6,5.94,"2005-08-23 03:23:32",3.17
1,119,"Caper Motions","Comedy",3,7,12.93,"2005-08-23 22:18:51",4.43
2,119,"Caper Motions","Comedy",4,17,24.84,"2005-08-23 22:08:04",3.71
1,120,"Caribbean Liberty","Sports",3,9,66.92,"2005-08-23 00:05:57",5.33
1,121,"Carol Texas","Animation",3,8,42.92,"2005-08-23 11:55:50",5.38
2,121,"Carol Texas","Animation",3,10,36.91,"2005-08-22 13:49:18",4.30
1,122,"Carrie Bunch","Horror",4,15,22.85,"2005-08-23 21:17:17",3.87
2,122,"Carrie Bunch","Horror",3,8,11.92,"2005-08-22 12:12:58",4.75
1,123,"Casablanca Super","Travel",2,5,25.95,"2005-08-17 18:07:13",4.40
2,123,"Casablanca Super","Travel",3,11,56.89,"2005-08-23 01:16:55",3.36
2,124,"Casper Dragonfly","Children",3,8,45.93,"2005-08-21 20:01:34",3.88
2,125,"Cassidy Wyoming","Travel",2,6,23.94,"2005-08-23 19:14:07",5.17
2,126,"Casualties Encino","Action",3,9,61.92,"2005-08-21 14:47:09",5.67
1,127,"Cat Coneheads","Comedy",4,15,85.86,"2006-02-14 15:16:03",4.50
2,127,"Cat Coneheads","Comedy",4,15,73.87,"2005-08-23 15:45:42",4.80
NULL,128,"Catch Amistad","Foreign",0,0,0,NULL,NULL
1,129,"Cause Date","Documentary",3,7,48.93,"2005-08-23 16:23:08",6.29
2,129,"Cause Date","Documentary",3,14,65.88,"2005-08-22 10:55:42",4.71
1,130,"Celebrity Horn","Action",2,8,11.93,"2005-08-20 11:24:48",6.00
2,130,"Celebrity Horn","Action",4,16,16.86,"2005-08-23 14:59:51",4.25
1,131,"Center Dinosaur","Classics",4,17,80.86,"2005-08-20 13:03:26",3.59
2,131,"Center Dinosaur","Classics",2,7,40.93,"2006-02-14 15:16:03",4.33
1,132,"Chainsaw Uptown","Sci-Fi",4,12,15.89,"2005-08-19 15:18:55",3.50
2,132,"Chainsaw Uptown","Sci-Fi",2,9,15.92,"2005-08-23 15:37:31",5.33
1,133,"Chamber Italian","Music",2,5,19.96,"2006-02-14 15:16:03",4.00
2,133,"Chamber Italian","Music",2,8,45.92,"2005-08-20 03:50:15",7.25
2,134,"Champion Flatliners","Animation",3,13,62.90,"2005-08-23 16:44:25",4.38
1,135,"Chance Resurrection","Sports",3,10,43.91,"2005-08-23 16:30:55",4.70
2,135,"Chance Resurrection","Sports",4,17,80.85,"2005-08-22 10:14:39",4.47
1,136,"Chaplin License","New",3,8,23.92,"2005-08-20 16:02:28",3.75
2,137,"Charade Duffel","Sci-Fi",4,15,66.87,"2005-08-23 22:20:40",4.60
1,138,"Chariots Conspiracy","Sci-Fi",2,9,29.92,"2005-08-21 06:44:37",3.56
2,138,"Chariots Conspiracy","Sci-Fi",3,12,35.89,"2005-08-22 06:17:12",3.67
1,139,"Chasing Fight","Family",4,13,73.88,"2005-08-23 07:25:34",6.00
2,139,"Chasing Fight","Family",2,7,31.94,"2006-02-14 15:16:03",3.33
1,140,"Cheaper Clyde","Sci-Fi",2,8,14.93,"2005-08-22 15:47:05",6.13
2,140,"Cheaper Clyde","Sci-Fi",3,12,15.90,"2005-08-22 20:17:49",4.33
1,141,"Chicago North","Games",3,10,52.91,"2005-08-21 22:12:45",5.70
2,141,"Chicago North","Games",2,6,31.94,"2005-08-21 12:13:18",3.83
1,142,"Chicken Hellfighters","Documentary",3,14,41.88,"2005-08-23 22:06:34",4.64
2,142,"Chicken Hellfighters","Documentary",2,8,16.93,"2005-08-22 05:38:55",3.25
1,143,"Chill Luck","Drama",4,14,18.87,"2005-08-23 13:14:47",4.57
2,143,"Chill Luck","Drama",3,8,10.92,"2005-08-23 21:27:11",4.25
NULL,144,"Chinatown Gladiator","New",0,0,0,NULL,NULL
2,145,"Chisum Behavior","Family",3,13,50.90,"2005-08-20 08:57:28",4.08
1,146,"Chitty Lock","Drama",3,8,28.92,"2006-02-14 15:16:03",4.43
1,147,"Chocolat Harry","Family",3,12,29.89,"2005-08-20 05:54:27",5.67
2,147,"Chocolat Harry","Family",3,8,19.92,"2005-08-20 09:07:39",4.50
NULL,148,"Chocolate Duck","Foreign",0,0,0,NULL,NULL
1,149,"Christmas Moonshine","Children",3,11,16.90,"2005-08-22 06:45:57",4.73
2,149,"Christmas Moonshine","Children",3,10,9.91,"2005-08-22 11:56:02",5.00
1,150,"Cider Desire","Documentary",2,4,12.96,"2005-08-23 11:16:16",5.75
2,150,"Cider Desire","Documentary",4,15,43.87,"2005-08-22 22:31:20",4.60
1,151,"Cincinatti Whisperer","Sci-Fi",2,7,35.94,"2005-08-21 07:19:37",5.29
2,151,"Cincinatti Whisperer","Sci-Fi",2,6,35.95,"2006-02-14 15:16:03",7.00
1,152,"Circus Youth","Children",4,15,53.86,"2005-08-23 12:41:07",4.67
1,153,"Citizen Shrek","Sci-Fi",4,13,21.87,"2005-08-23 09:09:18",4.77
1,154,"Clash Freddy","Animation",3,9,31.91,"2005-08-21 14:33:58",3.67
2,154,"Clash Freddy","Animation",4,16,45.86,"2005-08-23 18:49:32",5.00
1,155,"Cleopatra Devil","New",2,7,12.94,"2005-08-21 15:39:01",6.00
2,155,"Cleopatra Devil","New",3,11,14.91,"2006-02-14 15:16:03",5.00
2,156,"Clerks Angels","Documentary",2,7,45.94,"2005-08-21 04:49:48",4.71
2,157,"Clockwork Paradise","Children",3,10,11.90,"2005-08-23 05:26:30",4.50
1,158,"Clones Pinocchio","Music",2,8,27.93,"2005-08-22 05:53:52",4.88
2,158,"Clones Pinocchio","Music",3,11,31.90,"2005-08-22 04:32:01",3.82
1,159,"Closer Bang","Comedy",4,16,89.86,"2005-08-22 21:28:59",4.44
2,159,"Closer Bang","Comedy",3,12,62.90,"2005-08-19 11:06:16",4.50
1,160,"Club Graffiti","Animation",2,8,10.92,"2006-02-14 15:16:03",3.00
2,160,"Club Graffiti","Animation",3,11,27.90,"2006-02-14 15:16:03",4.90
1,161,"Clue Grail","Music",2,7,40.93,"2005-08-18 22:11:37",5.00
1,162,"Clueless Bucket","Action",3,11,44.90,"2005-08-23 10:25:45",4.00
2,162,"Clueless Bucket","Action",4,14,60.87,"2005-08-23 00:44:15",4.64
2,163,"Clyde Theory","New",3,8,23.92,"2005-08-23 17:49:26",5.00
1,164,"Coast Rainbow","Documentary",2,7,12.94,"2005-08-23 10:00:24",3.71
2,164,"Coast Rainbow","Documentary",3,14,24.88,"2005-08-21 17:07:08",4.00
1,165,"Coldblooded Darling","Sci-Fi",3,11,61.89,"2005-08-23 05:39:06",5.45
2,165,"Coldblooded Darling","Sci-Fi",2,5,27.95,"2005-08-20 09:35:20",4.80
1,166,"Color Philadelphia","Classics",4,15,55.86,"2005-08-23 22:06:15",5.27
2,166,"Color Philadelphia","Classics",2,9,31.92,"2005-08-21 08:29:20",5.00
1,167,"Coma Head","Travel",4,15,70.87,"2005-08-23 02:06:41",3.47
2,167,"Coma Head","Travel",3,11,51.90,"2005-08-21 23:42:20",5.18
1,168,"Comancheros Enemy","Children",2,6,9.94,"2005-08-23 22:25:26",2.83
1,169,"Comforts Rush","Travel",2,7,37.93,"2005-08-18 15:52:12",4.71
2,169,"Comforts Rush","Travel",2,10,31.92,"2005-08-19 16:50:50",3.80
1,170,"Command Darling","Foreign",2,5,32.95,"2005-08-19 02:24:41",6.00
2,170,"Command Darling","Foreign",4,11,74.89,"2005-08-22 02:57:04",5.73
NULL,171,"Commandments Express","Horror",0,0,0,NULL,NULL
1,172,"Coneheads Smoochy","Drama",4,15,78.86,"2005-08-23 09:53:54",5.20
2,172,"Coneheads Smoochy","Drama",3,10,52.90,"2005-08-23 16:57:43",4.70
1,173,"Confessions Maguire","Drama",3,6,33.94,"2005-08-21 07:02:59",4.67
2,173,"Confessions Maguire","Drama",2,8,36.93,"2005-08-22 15:21:56",4.00
1,174,"Confidential Interview","Music",4,14,69.87,"2005-08-21 19:11:58",3.93
2,174,"Confidential Interview","Music",4,15,66.89,"2005-08-23 15:22:15",5.47
1,175,"Confused Candles","Family",2,6,29.95,"2005-08-19 15:00:58",4.67
2,175,"Confused Candles","Family",3,11,69.89,"2005-08-20 16:17:27",5.82
1,176,"Congeniality Quest","Sports",2,7,6.93,"2005-08-22 23:54:14",3.57
2,176,"Congeniality Quest","Sports",4,15,24.88,"2005-08-21 09:55:47",5.13
2,177,"Connecticut Tramp","Sci-Fi",3,13,75.89,"2005-08-22 06:23:54",5.08
1,178,"Connection Microcosmos","Comedy",2,7,8.95,"2006-02-14 15:16:03",4.67
1,179,"Conquerer Nuts","Drama",4,16,84.87,"2005-08-22 21:29:14",3.69
2,180,"Conspiracy Spirit","Classics",2,5,16.95,"2005-08-18 12:58:40",3.60
1,181,"Contact Anonymous","Travel",3,10,27.91,"2005-08-20 09:33:58",4.70
2,181,"Contact Anonymous","Travel",4,16,50.85,"2005-08-21 23:08:33",4.44
1,182,"Control Anthem","Comedy",2,7,31.94,"2005-08-22 17:47:40",4.71
1,183,"Conversation Downhill","Family",3,9,60.91,"2005-08-23 20:07:08",4.78
2,183,"Conversation Downhill","Family",3,8,53.92,"2006-02-14 15:16:03",5.57
1,184,"Core Suit","Classics",2,6,38.94,"2005-08-19 07:55:51",5.17
2,184,"Core Suit","Classics",3,12,53.90,"2005-08-23 04:20:16",4.67
1,185,"Cowboy Doom","Foreign",2,7,28.93,"2005-08-22 22:28:36",2.71
1,186,"Craft Outfield","Drama",2,10,11.92,"2005-08-21 10:19:25",3.50
2,186,"Craft Outfield","Drama",2,6,6.94,"2005-08-20 07:16:45",3.83
2,187,"Cranes Reservoir","Sports",3,11,33.91,"2005-08-22 12:01:06",4.82
1,188,"Crazy Home","Comedy",3,9,26.91,"2005-08-22 13:20:28",3.89
1,189,"Creatures Shakespeare","Games",2,6,25.94,"2006-02-14 15:16:03",7.50
2,189,"Creatures Shakespeare","Games",4,10,30.90,"2005-08-21 23:18:08",4.70
2,190,"Creepers Kane","Classics",4,14,77.87,"2005-08-23 01:15:07",3.79
1,191,"Crooked Frogmen","Children",3,10,14.91,"2005-08-20 01:28:42",3.90
2,191,"Crooked Frogmen","Children",3,13,23.88,"2006-02-14 15:16:03",5.17
NULL,192,"Crossing Divorce","Foreign",0,0,0,NULL,NULL
1,193,"Crossroads Casualties","Animation",4,11,37.90,"2005-08-22 09:36:00",3.45
2,193,"Crossroads Casualties","Animation",4,10,36.90,"2005-08-23 12:47:05",4.40
1,194,"Crow Grease","Action",2,6,6.94,"2005-08-23 07:31:10",3.83
2,194,"Crow Grease","Action",2,6,7.95,"2005-08-21 16:31:22",4.50
NULL,195,"Crowds Telemark","Sci-Fi",0,0,0,NULL,NULL
1,196,"Cruelty Unforgiven","Classics",2,7,6.94,"2005-08-23 02:39:37",3.29
1,197,"Crusade Honey","Sports",2,8,44.93,"2005-08-23 13:01:43",6.00
NULL,198,"Crystal Breaking","Foreign",0,0,0,NULL,NULL
1,199,"Cupboard Sinners","Documentary",4,12,58.89,"2005-08-18 11:28:55",5.08
2,199,"Cupboard Sinners","Documentary",4,11,44.89,"2005-08-22 09:37:54",4.18
1,200,"Curtain Videotape","Games",4,14,17.88,"2005-08-23 21:27:35",5.21
2,200,"Curtain Videotape","Games",4,13,16.89,"2006-02-14 15:16:03",5.00
1,201,"Cyclone Family","Foreign",4,15,43.87,"2006-02-14 15:16:03",4.71
1,202,"Daddy Pittsburgh","Comedy",3,13,63.89,"2005-08-22 01:17:16",4.77
2,203,"Daisy Menagerie","Sci-Fi",4,16,85.86,"2005-08-22 18:21:04",3.88
1,204,"Dalmations Sweden","Drama",4,13,36.88,"2005-08-21 23:09:32",5.00
2,204,"Dalmations Sweden","Drama",2,7,17.94,"2005-08-20 20:55:32",4.71
1,205,"Dances None","Action",4,14,28.87,"2006-02-14 15:16:03",3.67
1,206,"Dancing Fever","Documentary",4,12,25.89,"2005-08-22 11:11:51",6.42
2,206,"Dancing Fever","Documentary",4,15,23.87,"2005-08-21 01:03:30",5.27
1,207,"Dangerous Uptown","Foreign",4,12,66.88,"2005-08-23 10:32:52",5.58
1,208,"Dares Pluto","Animation",3,9,26.92,"2005-08-18 08:07:45",4.78
1,209,"Darkness War","Drama",4,13,45.88,"2005-08-22 00:40:49",5.15
2,210,"Darko Dorado","Action",3,11,72.90,"2005-08-23 11:32:35",4.82
1,211,"Darling Breaking","Games",2,9,44.92,"2005-08-21 19:14:48",4.78
1,212,"Darn Forrester","Action",3,12,57.89,"2005-08-22 05:31:53",5.25
2,212,"Darn Forrester","Action",2,6,29.94,"2005-08-23 21:54:02",5.33
1,213,"Date Speed","Family",4,13,41.88,"2005-08-21 16:32:32",5.31
2,214,"Daughter Madigan","Children",4,9,69.91,"2005-08-23 00:46:52",5.22
1,215,"Dawn Pond","Games",3,11,72.90,"2005-08-23 14:23:44",5.82
2,215,"Dawn Pond","Games",3,7,47.93,"2005-08-21 08:05:12",4.00
1,216,"Day Unfaithful","New",2,5,38.95,"2005-08-20 07:46:30",5.20
2,216,"Day Unfaithful","New",3,9,54.93,"2006-02-14 15:16:03",5.88
NULL,217,"Dazed Punk","Games",0,0,0,NULL,NULL
1,218,"Deceiver Betrayed","Drama",4,11,10.90,"2005-08-22 17:53:06",3.27
2,218,"Deceiver Betrayed","Drama",3,10,13.90,"2005-08-18 19:51:27",4.00
1,219,"Deep Crusade","Documentary",4,14,75.87,"2006-02-14 15:16:03",5.23
1,220,"Deer Virginian","Music",4,13,37.89,"2006-02-14 15:16:03",5.58
2,220,"Deer Virginian","Music",4,16,40.87,"2005-08-21 07:22:43",4.50
NULL,221,"Deliverance Mulholland","Documentary",0,0,0,NULL,NULL
1,222,"Desert Poseidon","Horror",2,7,38.93,"2005-08-23 18:40:41",2.86
2,222,"Desert Poseidon","Horror",4,12,79.88,"2005-08-23 11:52:18",4.92
2,223,"Desire Alien","Animation",2,8,25.92,"2005-08-22 16:22:53",3.88
1,224,"Desperate Trainspotting","Travel",2,6,31.94,"2005-08-22 00:34:17",3.83
1,225,"Destination Jerk","Drama",3,8,31.92,"2005-08-21 17:08:33",5.38
1,226,"Destiny Saturday","New",2,7,31.94,"2005-08-21 02:56:52",1.86
2,226,"Destiny Saturday","New",3,9,59.91,"2005-08-18 15:20:46",4.78
1,227,"Details Packer","Games",3,11,67.90,"2006-02-14 15:16:03",4.80
2,227,"Details Packer","Games",2,8,60.92,"2005-08-20 07:07:37",5.38
1,228,"Detective Vision","Classics",3,8,24.92,"2005-08-22 20:31:24",5.00
2,228,"Detective Vision","Classics",4,19,37.84,"2006-02-14 15:16:03",4.44
1,229,"Devil Desire","Action",2,6,30.94,"2006-02-14 15:16:03",3.40
2,229,"Devil Desire","Action",2,9,47.92,"2005-08-23 11:22:09",5.00
1,230,"Diary Panic","Drama",2,9,24.92,"2005-08-20 21:23:54",4.44
1,231,"Dinosaur Secretary","Family",4,9,34.91,"2005-08-23 20:07:10",7.00
2,231,"Dinosaur Secretary","Family",4,11,32.90,"2005-08-22 16:06:49",3.64
1,232,"Dirty Ace","Games",3,8,27.92,"2005-08-21 18:35:44",3.25
2,232,"Dirty Ace","Games",2,7,19.95,"2005-08-17 11:42:45",6.57
1,233,"Disciple Mother","Travel",4,14,33.87,"2006-02-14 15:16:03",4.00
2,233,"Disciple Mother","Travel",2,5,5.95,"2005-08-21 00:52:58",1.60
1,234,"Disturbing Scarface","Sci-Fi",4,14,41.87,"2005-08-22 14:26:01",3.93
2,234,"Disturbing Scarface","Sci-Fi",3,12,35.90,"2005-08-21 08:15:41",4.00
1,235,"Divide Monster","Sci-Fi",2,8,23.92,"2005-08-20 14:23:16",4.13
2,235,"Divide Monster","Sci-Fi",4,13,37.88,"2005-08-19 16:14:41",4.15
2,236,"Divine Resurrection","Games",4,15,64.85,"2006-02-14 15:16:03",4.29
1,237,"Divorce Shining","Sports",2,7,21.95,"2005-08-22 10:13:09",3.86
1,238,"Doctor Grail","Children",2,7,23.95,"2005-08-20 19:04:40",4.57
1,239,"Dogma Family","Animation",4,16,89.86,"2005-08-23 05:24:29",4.69
2,239,"Dogma Family","Animation",4,14,78.86,"2005-08-19 22:48:48",3.64
2,240,"Dolls Rage","Sci-Fi",3,9,27.92,"2005-08-22 01:00:42",6.00
1,241,"Donnie Alley","Animation",4,14,34.87,"2005-08-22 16:08:23",4.29
1,242,"Doom Dancing","Comedy",2,10,23.93,"2005-08-20 12:46:17",5.90
2,242,"Doom Dancing","Comedy",3,11,34.90,"2005-08-22 19:08:49",5.73
1,243,"Doors President","Animation",2,7,45.94,"2005-08-21 07:48:34",4.29
2,243,"Doors President","Animation",4,12,72.88,"2006-02-14 15:16:03",3.80
1,244,"Dorado Notting","Music",4,15,78.87,"2005-08-23 18:48:40",5.20
2,244,"Dorado Notting","Music",3,12,61.91,"2005-08-19 16:54:12",6.00
1,245,"Double Wrath","Animation",3,12,30.91,"2005-08-23 00:56:01",5.58
2,245,"Double Wrath","Animation",4,13,25.88,"2005-08-19 22:48:09",4.38
2,246,"Doubtfire Labyrinth","Foreign",3,10,52.91,"2005-08-21 00:44:34",4.10
1,247,"Downhill Enough","Comedy",3,10,25.91,"2005-08-23 18:08:59",3.80
2,247,"Downhill Enough","Comedy",4,15,46.88,"2005-08-20 08:59:38",5.33
2,248,"Dozen Lion","Documentary",2,7,31.94,"2005-08-22 23:54:36",3.00
1,249,"Dracula Crystal","Classics",2,9,9.92,"2005-08-23 20:29:56",4.22
2,249,"Dracula Crystal","Classics",4,12,12.89,"2005-08-21 20:33:00",4.17
2,250,"Dragon Squad","Action",4,11,27.89,"2005-08-23 18:28:09",4.36
1,251,"Dragonfly Strangers","New",2,7,31.94,"2006-02-14 15:16:03",3.67
2,251,"Dragonfly Strangers","New",3,11,48.92,"2005-08-20 14:22:46",4.91
1,252,"Dream Pickup","Action",3,11,41.90,"2005-08-21 09:08:14",5.91
2,252,"Dream Pickup","Action",3,11,31.90,"2005-08-22 02:20:44",3.45
1,253,"Drifter Commandments","Action",4,15,83.86,"2005-08-23 02:46:13",4.07
2,253,"Drifter Commandments","Action",2,9,47.92,"2006-02-14 15:16:03",3.75
1,254,"Driver Annie","Sports",2,5,18.95,"2006-02-14 15:16:03",2.75
2,254,"Driver Annie","Sports",3,13,43.89,"2005-08-21 05:29:55",3.54
1,255,"Driving Polish","Music",4,13,69.88,"2005-08-22 20:22:40",4.46
2,255,"Driving Polish","Music",2,8,35.93,"2005-08-20 19:32:29",4.25
2,256,"Drop Waterfront","Sports",3,9,43.92,"2005-08-22 10:39:51",4.56
2,257,"Drumline Cyclone","Travel",3,11,36.90,"2005-08-21 07:56:39",4.45
2,258,"Drums Dynamite","Horror",4,13,24.87,"2005-08-22 23:51:23",5.46
1,259,"Duck Racer","Animation",2,6,20.95,"2005-08-23 07:50:46",3.83
2,260,"Dude Blindness","Sports",4,16,90.87,"2005-08-23 07:10:22",3.81
1,261,"Duffel Apocalypse","Documentary",2,7,5.94,"2005-08-21 00:21:29",1.57
2,262,"Dumbo Lust","Family",2,6,13.94,"2005-08-23 05:55:22",4.33
1,263,"Durham Panky","Sports",4,13,67.88,"2005-08-20 18:52:43",4.15
2,263,"Durham Panky","Sports",3,13,64.88,"2005-08-22 01:12:44",4.31
2,264,"Dwarfs Alter","Games",2,9,28.92,"2006-02-14 15:16:03",4.63
1,265,"Dying Maker","Comedy",4,17,83.85,"2005-08-21 16:52:03",3.65
1,266,"Dynamite Tarzan","Classics",4,11,30.89,"2005-08-22 15:51:12",4.64
2,266,"Dynamite Tarzan","Classics",4,14,29.88,"2005-08-23 19:06:04",3.86
1,267,"Eagles Panky","New",4,17,98.86,"2006-02-14 15:16:03",4.63
2,267,"Eagles Panky","New",2,5,35.95,"2005-08-21 16:54:47",6.00
2,268,"Early Home","Animation",2,7,36.94,"2005-08-21 17:57:26",5.57
1,269,"Earring Instinct","Family",2,8,21.94,"2005-08-20 01:04:32",3.88
2,269,"Earring Instinct","Family",4,11,38.89,"2005-08-23 13:56:40",4.91
1,270,"Earth Vision","New",3,10,12.90,"2005-08-23 07:05:15",4.40
2,270,"Earth Vision","New",4,13,21.87,"2006-02-14 15:16:03",6.08
1,271,"Easy Gladiator","Action",3,14,80.88,"2005-08-17 17:21:35",6.00
2,271,"Easy Gladiator","Action",2,9,51.92,"2005-08-21 09:06:29",4.78
1,272,"Edge Kissing","Drama",4,15,79.87,"2005-08-23 20:41:09",4.40
1,273,"Effect Gladiator","Family",4,14,25.88,"2006-02-14 15:16:03",5.46
2,273,"Effect Gladiator","Family",3,11,14.91,"2005-08-20 15:50:17",4.64
1,274,"Egg Igby","Documentary",3,8,39.92,"2005-08-22 07:19:05",5.38
2,274,"Egg Igby","Documentary",4,13,58.89,"2005-08-22 05:51:59",5.31
1,275,"Egypt Tenenbaums","Horror",3,10,39.90,"2005-08-22 18:39:11",5.40
2,275,"Egypt Tenenbaums","Horror",2,7,26.94,"2005-08-21 15:36:34",6.14
1,276,"Element Freddy","Comedy",4,10,56.90,"2005-08-23 13:06:19",4.80
1,277,"Elephant Trojan","Horror",3,14,64.90,"2005-08-22 16:15:33",4.21
1,278,"Elf Murder","Music",2,7,34.94,"2005-08-21 08:08:43",2.86
1,279,"Elizabeth Shane","Sports",2,10,36.93,"2005-08-21 14:51:52",4.10
1,280,"Empire Malkovich","Children",4,11,15.89,"2005-08-20 19:03:25",5.82
2,280,"Empire Malkovich","Children",2,10,10.92,"2005-08-20 10:53:49",5.10
1,281,"Encino Elf","Games",2,6,10.94,"2005-08-22 23:37:11",4.83
2,281,"Encino Elf","Games",4,13,16.87,"2006-02-14 15:16:03",3.92
1,282,"Encounters Curtain","Drama",3,10,19.91,"2005-08-23 13:25:08",4.60
2,282,"Encounters Curtain","Drama",3,9,18.91,"2005-08-22 00:44:57",3.78
1,283,"Ending Crowds","New",3,11,17.90,"2005-08-21 19:09:40",4.27
1,284,"Enemy Odds","Music",3,13,70.89,"2005-08-20 13:20:09",4.54
2,284,"Enemy Odds","Music",4,16,88.86,"2005-08-21 10:10:01",4.31
1,285,"English Bulworth","Sci-Fi",3,12,44.90,"2005-08-23 17:30:40",5.00
2,285,"English Bulworth","Sci-Fi",4,18,54.84,"2005-08-23 18:43:11",4.33
1,286,"Enough Raging","Travel",2,7,18.94,"2006-02-14 15:16:03",5.33
2,286,"Enough Raging","Travel",3,11,32.90,"2005-08-23 02:13:46",5.00
1,287,"Entrapment Satisfaction","Action",2,7,24.94,"2005-08-20 22:18:53",7.00
2,287,"Entrapment Satisfaction","Action",2,8,17.93,"2005-08-23 09:02:03",4.75
1,288,"Escape Metropolis","Travel",2,8,26.92,"2005-08-20 00:54:14",4.88
2,288,"Escape Metropolis","Travel",4,17,47.85,"2005-08-23 12:47:16",3.76
1,289,"Eve Resurrection","New",2,7,40.93,"2005-08-18 19:36:05",5.00
1,290,"Everyone Craft","Foreign",3,13,22.89,"2005-08-23 22:24:39",3.08
1,291,"Evolution Alter","Sports",4,12,26.88,"2005-08-20 20:07:15",4.75
1,292,"Excitement Eve","Action",3,10,37.91,"2005-08-21 20:31:25",5.70
2,292,"Excitement Eve","Action",3,11,23.89,"2005-08-22 15:52:57",2.91
1,293,"Exorcist Sting","Sports",2,7,27.94,"2005-08-21 09:49:28",4.57
2,293,"Exorcist Sting","Sports",3,6,21.94,"2005-08-21 04:08:19",4.83
1,294,"Expecations Natural","Travel",2,8,50.92,"2005-08-22 09:33:08",5.00
2,294,"Expecations Natural","Travel",3,10,50.91,"2005-08-20 02:07:06",4.70
1,295,"Expendable Stallion","Documentary",4,16,47.86,"2005-08-22 13:44:32",4.13
2,295,"Expendable Stallion","Documentary",4,12,46.88,"2005-08-23 12:47:37",5.17
1,296,"Express Lonely","Sci-Fi",4,13,42.88,"2005-08-23 16:22:20",3.77
2,297,"Extraordinary Conquerer","Classics",2,6,22.94,"2005-08-23 07:28:04",4.83
1,298,"Eyes Driving","Sci-Fi",2,8,28.94,"2005-08-21 17:25:53",5.50
2,298,"Eyes Driving","Sci-Fi",3,11,39.90,"2005-08-21 22:21:49",3.64
1,299,"Factory Dragon","Travel",4,17,30.85,"2005-08-19 20:55:23",3.18
1,300,"Falcon Volume","Animation",2,9,40.92,"2006-02-14 15:16:03",4.00
2,300,"Falcon Volume","Animation",4,13,65.89,"2005-08-23 15:25:27",4.46
1,301,"Family Sweet","Horror",4,15,28.87,"2006-02-14 15:16:03",4.14
2,301,"Family Sweet","Horror",4,14,31.86,"2006-02-14 15:16:03",4.23
1,302,"Fantasia Park","Games",2,8,27.92,"2005-08-23 22:12:44",4.00
2,302,"Fantasia Park","Games",4,11,45.89,"2005-08-23 19:09:39",4.73
1,303,"Fantasy Troopers","Action",4,16,22.86,"2005-08-22 12:16:46",5.00
2,303,"Fantasy Troopers","Action",2,10,12.93,"2005-08-21 11:21:46",4.30
1,304,"Fargo Gandhi","Children",4,15,48.87,"2005-08-22 06:29:34",2.93
2,304,"Fargo Gandhi","Children",2,9,45.92,"2005-08-21 08:30:43",4.89
1,305,"Fatal Haunted","New",4,16,48.87,"2005-08-20 01:02:26",4.69
2,305,"Fatal Haunted","New",3,12,43.90,"2005-08-22 23:55:51",5.00
1,306,"Feathers Metal","Games",3,11,31.91,"2005-08-21 17:33:18",5.18
1,307,"Fellowship Autumn","Travel",3,13,65.88,"2005-08-22 13:39:20",4.31
2,307,"Fellowship Autumn","Travel",3,13,71.88,"2005-08-21 12:51:49",5.85
1,308,"Ferris Mother","Comedy",2,8,37.93,"2005-08-22 21:39:45",4.13
2,308,"Ferris Mother","Comedy",2,9,32.92,"2005-08-22 01:18:37",3.00
1,309,"Feud Frogmen","Family",2,8,12.93,"2005-08-20 00:59:36",4.38
2,309,"Feud Frogmen","Family",4,17,18.87,"2005-08-22 16:11:32",4.12
1,310,"Fever Empire","Games",2,5,33.95,"2005-08-18 15:32:57",5.20
1,311,"Fiction Christmas","Foreign",3,7,19.93,"2005-08-22 10:08:50",5.00
2,311,"Fiction Christmas","Foreign",4,12,38.88,"2005-08-23 13:18:16",5.33
2,312,"Fiddler Lost","Sci-Fi",3,10,64.90,"2005-08-23 14:12:22",4.30
1,313,"Fidelity Devil","Horror",4,14,75.89,"2005-08-23 06:41:07",5.36
2,313,"Fidelity Devil","Horror",2,7,41.93,"2005-08-20 03:29:28",4.14
1,314,"Fight Jawbreaker","Animation",2,9,21.92,"2006-02-14 15:16:03",4.75
2,314,"Fight Jawbreaker","Animation",4,13,31.88,"2005-08-21 05:07:12",3.38
2,315,"Finding Anaconda","Family",3,12,26.90,"2005-08-21 16:56:39",4.58
2,316,"Fire Wolves","Games",2,7,39.93,"2005-08-20 19:19:30",4.57
1,317,"Fireball Philadelphia","Comedy",4,11,30.90,"2005-08-22 19:41:37",5.36
2,317,"Fireball Philadelphia","Comedy",3,10,26.91,"2005-08-22 01:27:57",4.60
NULL,318,"Firehouse Vietnam","Action",0,0,0,NULL,NULL
1,319,"Fish Opus","Sci-Fi",3,11,43.91,"2005-08-23 00:42:49",4.91
2,319,"Fish Opus","Sci-Fi",4,14,50.87,"2005-08-23 17:57:35",3.86
1,320,"Flamingos Connecticut","New",3,8,46.92,"2005-08-22 19:28:04",3.88
2,320,"Flamingos Connecticut","New",4,15,87.86,"2005-08-21 19:41:50",3.80
1,321,"Flash Wars","New",4,13,87.88,"2005-08-23 15:21:35",4.46
1,322,"Flatliners Killer","Sports",4,15,52.87,"2005-08-22 16:30:43",5.00
2,322,"Flatliners Killer","Sports",2,7,21.94,"2005-08-18 16:44:24",4.14
2,323,"Flight Lies","Sports",4,12,68.88,"2005-08-21 02:14:03",6.83
1,324,"Flintstones Happiness","Comedy",3,11,81.89,"2005-08-22 23:08:46",4.64
2,324,"Flintstones Happiness","Comedy",2,6,52.94,"2005-08-22 22:25:17",6.17
NULL,325,"Floats Garden","Animation",0,0,0,NULL,NULL
1,326,"Flying Hook","Animation",2,5,20.95,"2005-08-22 17:48:42",5.60
2,326,"Flying Hook","Animation",4,15,56.86,"2006-02-14 15:16:03",5.36
1,327,"Fool Mockingbird","Action",4,15,104.86,"2005-08-22 07:37:24",4.60
2,327,"Fool Mockingbird","Action",2,8,57.93,"2005-08-20 07:48:38",5.50
2,328,"Forever Candidate","Children",4,13,40.88,"2005-08-23 19:35:42",4.23
1,329,"Forrest Sons","Action",3,9,43.91,"2005-08-21 02:24:33",4.78
2,329,"Forrest Sons","Action",3,9,39.92,"2005-08-23 15:47:02",5.33
1,330,"Forrester Comancheros","Animation",4,15,73.86,"2005-08-20 16:26:36",4.20
2,330,"Forrester Comancheros","Animation",3,12,67.88,"2006-02-14 15:16:03",5.64
1,331,"Forward Temple","Games",4,15,56.87,"2005-08-23 12:29:24",6.00
2,331,"Forward Temple","Games",4,17,45.87,"2005-08-22 13:46:24",4.35
NULL,332,"Frankenstein Stranger","Comedy",0,0,0,NULL,NULL
1,333,"Freaky Pocus","Music",2,8,22.93,"2005-08-22 18:57:39",3.88
2,333,"Freaky Pocus","Music",2,9,20.93,"2005-08-19 08:30:04",3.00
1,334,"Freddy Storm","Horror",2,8,39.93,"2005-08-23 00:30:26",5.38
2,334,"Freddy Storm","Horror",4,15,75.86,"2005-08-22 15:05:37",4.60
1,335,"Freedom Cleopatra","Comedy",2,5,5.95,"2005-08-21 12:48:08",2.40
1,336,"French Holiday","Documentary",3,13,69.88,"2005-08-22 09:54:54",4.31
2,336,"French Holiday","Documentary",2,4,24.96,"2005-08-21 15:01:32",5.50
1,337,"Frida Slipper","Foreign",2,7,26.94,"2006-02-14 15:16:03",6.17
2,337,"Frida Slipper","Foreign",2,4,13.96,"2005-08-23 09:06:17",3.25
2,338,"Frisco Forrest","Sci-Fi",3,9,53.91,"2006-02-14 15:16:03",5.63
2,339,"Frogmen Breaking","Travel",3,10,16.90,"2005-08-19 15:25:48",4.80
1,340,"Frontier Cabin","New",2,6,35.94,"2005-08-21 05:51:28",5.83
1,341,"Frost Head","Classics",4,16,39.86,"2005-08-20 12:40:48",5.19
2,341,"Frost Head","Classics",4,14,34.86,"2006-02-14 15:16:03",5.23
1,342,"Fugitive Maguire","Travel",4,11,56.89,"2005-08-23 13:33:46",3.45
1,343,"Full Flatliners","Children",2,5,16.95,"2005-08-21 13:32:38",3.40
1,344,"Fury Murder","Children",3,12,36.90,"2005-08-22 06:05:38",5.00
2,344,"Fury Murder","Children",2,7,21.93,"2005-08-18 11:28:14",4.00
1,345,"Gables Metropolis","Family",3,12,33.89,"2005-08-21 11:31:15",4.33
2,345,"Gables Metropolis","Family",2,7,13.94,"2006-02-14 15:16:03",4.33
1,346,"Galaxy Sweethearts","Classics",2,7,40.94,"2005-08-22 23:17:41",4.00
2,346,"Galaxy Sweethearts","Classics",4,11,64.90,"2005-08-22 04:10:10",3.82
1,347,"Games Bowfinger","Travel",4,14,62.88,"2005-08-23 02:33:27",3.50
2,348,"Gandhi Kwai","Family",4,17,16.87,"2005-08-22 05:07:17",4.82
1,349,"Gangs Pride","Animation",4,17,60.87,"2005-08-23 16:34:31",4.35
2,349,"Gangs Pride","Animation",3,10,34.91,"2005-08-22 20:44:55",3.60
1,350,"Garden Island","Sci-Fi",4,9,73.91,"2005-08-23 08:52:03",5.78
2,350,"Garden Island","Sci-Fi",4,11,60.91,"2005-08-23 10:23:28",3.45
1,351,"Gaslight Crusade","Horror",3,8,31.92,"2005-08-23 18:45:06",3.75
2,351,"Gaslight Crusade","Horror",3,8,30.92,"2005-08-22 04:22:31",3.25
2,352,"Gathering Calendar","Games",4,11,19.90,"2005-08-22 01:09:04",3.64
1,353,"Gentlemen Stage","Foreign",2,6,21.94,"2005-08-21 11:27:07",4.83
2,353,"Gentlemen Stage","Foreign",4,17,48.86,"2005-08-22 01:17:18",4.71
1,354,"Ghost Groundhog","Children",3,13,62.89,"2006-02-14 15:16:03",5.67
2,354,"Ghost Groundhog","Children",2,8,44.92,"2005-08-19 21:33:39",3.88
2,355,"Ghostbusters Elf","Animation",2,9,8.93,"2005-08-23 13:24:57",4.67
1,356,"Giant Troopers","Children",4,15,54.86,"2005-08-20 09:50:52",3.73
2,356,"Giant Troopers","Children",4,13,45.88,"2005-08-22 16:57:02",3.69
2,357,"Gilbert Pelican","Classics",4,9,17.91,"2005-08-23 20:28:44",6.11
1,358,"Gilmore Boiled","Classics",4,17,32.87,"2005-08-20 23:26:40",5.35
2,358,"Gilmore Boiled","Classics",4,11,19.89,"2005-08-22 17:18:32",3.73
NULL,359,"Gladiator Westward","Family",0,0,0,NULL,NULL
1,360,"Glass Dying","Action",4,14,35.88,"2005-08-23 15:58:05",5.21
1,361,"Gleaming Jawbreaker","Sports",4,14,63.86,"2005-08-23 17:12:31",5.86
2,361,"Gleaming Jawbreaker","Sports",4,15,61.86,"2006-02-14 15:16:03",6.00
1,362,"Glory Tracy","Games",2,5,14.95,"2005-08-23 04:33:39",3.40
1,363,"Go Purple","Music",3,11,13.91,"2005-08-23 14:38:37",3.36
2,363,"Go Purple","Music",3,9,29.92,"2005-08-23 02:05:20",4.78
1,364,"Godfather Diary","New",3,8,37.92,"2005-08-22 11:19:22",3.88
1,365,"Gold River","Comedy",2,8,54.92,"2005-08-21 18:59:17",4.75
2,365,"Gold River","Comedy",2,6,39.94,"2005-08-22 19:44:59",4.83
1,366,"Goldfinger Sensibility","Drama",4,16,44.87,"2005-08-22 00:46:54",4.75
2,366,"Goldfinger Sensibility","Drama",3,8,22.92,"2005-08-20 18:44:53",4.13
1,367,"Goldmine Tycoon","Sci-Fi",4,15,24.87,"2005-08-20 15:11:11",5.13
2,367,"Goldmine Tycoon","Sci-Fi",3,12,18.89,"2005-08-22 12:47:45",4.58
1,368,"Gone Trouble","Drama",2,10,29.92,"2005-08-22 19:16:04",5.70
1,369,"Goodfellas Salute","Sci-Fi",4,15,75.88,"2005-08-23 18:08:19",4.60
2,369,"Goodfellas Salute","Sci-Fi",4,16,88.87,"2005-08-23 04:12:52",5.06
1,370,"Gorgeous Bingo","Children",3,11,55.90,"2005-08-19 23:28:15",5.91
2,370,"Gorgeous Bingo","Children",2,8,38.93,"2006-02-14 15:16:03",6.29
1,371,"Gosford Donnie","Action",3,8,48.92,"2005-08-22 07:35:31",4.00
1,372,"Graceland Dynamite","Sports",2,6,37.94,"2005-08-17 07:46:54",4.83
1,373,"Graduate Lord","Children",3,9,24.92,"2005-08-22 06:30:10",4.67
2,373,"Graduate Lord","Children",2,7,17.95,"2005-08-21 07:13:46",4.71
1,374,"Graffiti Love","Sci-Fi",3,14,30.88,"2005-08-23 15:03:58",3.50
2,374,"Graffiti Love","Sci-Fi",4,16,36.86,"2005-08-21 22:35:33",3.63
1,375,"Grail Frankenstein","Action",2,10,40.92,"2006-02-14 15:16:03",5.33
1,376,"Grapes Fury","Foreign",4,12,36.87,"2006-02-14 15:16:03",4.36
2,376,"Grapes Fury","Foreign",3,10,19.90,"2005-08-22 00:17:20",3.10
1,377,"Grease Youth","Family",3,12,15.89,"2005-08-23 06:56:04",4.50
2,377,"Grease Youth","Family",3,9,11.91,"2005-08-23 15:15:19",2.56
1,378,"Greatest North","Music",4,15,46.87,"2005-08-23 16:32:10",3.87
2,378,"Greatest North","Music",4,14,56.86,"2005-08-22 12:28:01",4.79
2,379,"Greedy Roots","Drama",4,14,14.87,"2005-08-23 18:01:31",2.57
1,380,"Greek Everyone","Foreign",2,6,19.94,"2005-08-19 12:10:57",4.17
2,380,"Greek Everyone","Foreign",3,11,35.89,"2005-08-19 23:38:02",4.55
1,381,"Grinch Massage","Games",2,5,25.95,"2005-08-20 08:01:39",3.00
2,381,"Grinch Massage","Games",3,9,50.91,"2005-08-22 14:41:05",5.78
1,382,"Grit Clockwork","Games",4,16,53.86,"2005-08-23 13:46:27",4.81
2,382,"Grit Clockwork","Games",4,16,43.86,"2005-08-22 18:35:59",4.81
1,383,"Groove Fiction","Sports",3,9,24.91,"2005-08-19 13:48:54",6.67
2,383,"Groove Fiction","Sports",2,9,15.92,"2005-08-21 12:47:53",4.78
2,384,"Grosse Wonderful","Music",3,8,46.92,"2005-08-21 13:54:15",4.13
1,385,"Groundhog Uncut","Comedy",2,7,31.95,"2005-08-23 04:55:05",6.71
2,385,"Groundhog Uncut","Comedy",3,11,46.91,"2006-02-14 15:16:03",3.70
NULL,386,"Gump Date","Travel",0,0,0,NULL,NULL
1,387,"Gun Bonnie","Games",3,12,17.90,"2005-08-22 19:02:48",6.08
2,387,"Gun Bonnie","Games",3,13,12.89,"2005-08-22 03:32:05",4.69
1,388,"Gunfight Moon","Comedy",3,12,21.90,"2006-02-14 15:16:03",4.80
2,388,"Gunfight Moon","Comedy",3,12,24.89,"2005-08-21 08:36:03",5.00
1,389,"Gunfighter Mussolini","Sports",2,7,33.94,"2005-08-19 09:44:17",4.71
2,389,"Gunfighter Mussolini","Sports",2,5,30.95,"2005-08-23 03:30:45",5.20
1,390,"Guys Falcon","Sci-Fi",3,9,52.92,"2005-08-22 04:31:50",4.33
1,391,"Half Outfield","Family",4,17,49.86,"2006-02-14 15:16:03",4.60
2,391,"Half Outfield","Family",3,9,23.93,"2005-08-21 23:11:43",3.67
1,392,"Hall Cassidy","Children",4,11,69.89,"2005-08-23 19:51:30",4.91
2,392,"Hall Cassidy","Children",2,5,28.95,"2005-08-22 17:46:17",3.80
1,393,"Halloween Nuts","Documentary",2,10,29.92,"2005-08-23 06:50:27",4.40
1,394,"Hamlet Wisdom","Sci-Fi",4,14,39.88,"2005-08-20 10:31:01",5.86
1,395,"Handicap Boondock","Action",3,15,24.88,"2005-08-20 18:00:37",4.27
2,395,"Handicap Boondock","Action",3,13,25.88,"2005-08-22 18:04:22",4.00
2,396,"Hanging Deep","Drama",4,19,92.85,"2005-08-20 23:42:31",4.11
1,397,"Hanky October","Sci-Fi",3,13,48.89,"2005-08-22 23:54:04",5.31
2,397,"Hanky October","Sci-Fi",4,13,55.88,"2005-08-23 18:23:30",5.15
2,398,"Hanover Galaxy","Music",4,17,81.86,"2005-08-20 18:42:40",3.88
2,399,"Happiness United","Foreign",2,6,22.94,"2006-02-14 15:16:03",4.60
1,400,"Hardly Robbers","Documentary",2,4,15.96,"2005-08-22 20:44:06",6.50
1,401,"Harold French","Drama",2,8,8.93,"2005-08-21 22:27:11",2.63
1,402,"Harper Dying","Animation",3,10,40.90,"2005-08-23 21:59:26",5.10
2,402,"Harper Dying","Animation",3,10,36.90,"2005-08-21 19:01:00",5.10
1,403,"Harry Idaho","Drama",4,16,97.85,"2006-02-14 15:16:03",4.87
2,403,"Harry Idaho","Drama",4,14,79.88,"2005-08-21 21:07:59",5.21
NULL,404,"Hate Handicap","Comedy",0,0,0,NULL,NULL
2,405,"Haunted Antitrust","Travel",2,6,31.94,"2006-02-14 15:16:03",4.00
1,406,"Haunting Pianist","Games",2,7,12.94,"2005-08-23 16:15:45",3.71
2,406,"Haunting Pianist","Games",4,15,34.86,"2005-08-23 02:30:23",5.60
1,407,"Hawk Chill","Documentary",2,7,12.94,"2005-08-20 20:42:12",4.57
1,408,"Head Stranger","Games",4,12,83.88,"2005-08-23 04:51:52",4.50
2,408,"Head Stranger","Games",3,10,58.91,"2005-08-22 18:20:07",4.70
1,409,"Heartbreakers Bright","Children",4,10,62.90,"2005-08-23 18:54:32",3.40
2,409,"Heartbreakers Bright","Children",3,10,69.90,"2005-08-21 19:03:19",4.20
1,410,"Heaven Freedom","Comedy",3,8,24.92,"2005-08-23 10:43:56",3.63
2,410,"Heaven Freedom","Comedy",2,10,24.93,"2005-08-23 14:42:07",5.10
1,411,"Heavenly Gun","Music",2,7,32.94,"2005-08-19 09:48:52",4.57
1,412,"Heavyweights Beast","Documentary",4,12,59.89,"2005-08-21 12:12:05",4.08
2,412,"Heavyweights Beast","Documentary",4,11,63.89,"2005-08-23 03:54:39",4.55
1,413,"Hedwig Alter","Comedy",3,12,31.90,"2005-08-23 08:42:40",3.75
1,414,"Hellfighters Sierra","Foreign",3,10,44.91,"2005-08-23 15:34:49",3.80
2,414,"Hellfighters Sierra","Foreign",3,10,47.90,"2005-08-23 07:07:58",3.50
1,415,"High Encino","Horror",3,13,62.88,"2005-08-22 16:55:26",4.15
2,415,"High Encino","Horror",3,9,54.91,"2005-08-22 14:30:09",5.56
1,416,"Highball Potter","Foreign",2,6,11.94,"2005-08-21 20:12:43",5.67
2,416,"Highball Potter","Foreign",4,15,15.87,"2005-08-23 02:48:24",3.87
1,417,"Hills Neighbors","Action",4,15,29.87,"2005-08-23 04:17:56",5.33
2,417,"Hills Neighbors","Action",2,10,28.92,"2005-08-21 21:15:23",6.70
1,418,"Hobbit Alien","Drama",4,15,34.87,"2005-08-21 16:03:02",5.13
2,418,"Hobbit Alien","Drama",4,16,33.87,"2005-08-22 13:06:26",5.19
NULL,419,"Hocus Frida","Family",0,0,0,NULL,NULL
1,420,"Holes Brannigan","Sports",2,5,21.96,"2006-02-14 15:16:03",4.25
2,420,"Holes Brannigan","Sports",3,10,53.90,"2005-08-20 13:15:30",5.20
2,421,"Holiday Games","Foreign",4,15,82.85,"2005-08-23 01:29:59",4.67
2,422,"Hollow Jeopardy","Sci-Fi",2,10,39.92,"2005-08-22 11:49:16",3.70
1,423,"Hollywood Anonymous","Children",2,7,7.93,"2005-08-20 18:43:34",3.86
2,423,"Hollywood Anonymous","Children",2,6,5.94,"2005-08-21 01:10:29",3.67
1,424,"Holocaust Highball","Children",3,11,17.90,"2005-08-22 03:55:02",5.55
2,424,"Holocaust Highball","Children",2,6,5.94,"2005-08-22 21:36:51",2.50
2,425,"Holy Tadpole","Classics",2,9,17.92,"2005-08-20 08:27:01",4.89
2,426,"Home Pity","Music",3,14,66.88,"2005-08-21 09:39:50",5.79
1,427,"Homeward Cider","Documentary",4,16,23.84,"2005-08-21 13:07:24",2.88
1,428,"Homicide Peach","Family",4,17,43.87,"2005-08-23 09:02:04",3.47
2,428,"Homicide Peach","Family",2,5,15.95,"2005-08-21 16:52:29",4.20
1,429,"Honey Ties","Sports",2,8,31.94,"2005-08-23 02:45:21",6.75
2,429,"Honey Ties","Sports",4,11,27.90,"2005-08-21 14:32:45",4.00
2,430,"Hook Chariots","Animation",4,13,17.87,"2005-08-23 10:35:51",4.69
2,431,"Hoosiers Birdcage","Foreign",3,8,41.92,"2005-08-18 00:14:03",4.38
1,432,"Hope Tootsie","Classics",3,9,30.91,"2005-08-22 00:24:37",2.56
2,432,"Hope Tootsie","Classics",2,9,41.92,"2005-08-22 11:43:04",5.00
1,433,"Horn Working","Animation",4,17,72.84,"2005-08-23 10:04:36",3.88
2,433,"Horn Working","Animation",2,7,36.93,"2005-08-22 02:26:47",4.57
1,434,"Horror Reign","Travel",4,13,39.88,"2005-08-21 15:59:27",4.46
2,434,"Horror Reign","Travel",4,14,37.87,"2005-08-23 13:10:16",4.14
1,435,"Hotel Happiness","Foreign",2,9,41.92,"2005-08-22 19:23:58",3.78
1,436,"Hours Rage","New",3,9,27.92,"2005-08-22 16:49:02",5.56
2,436,"Hours Rage","New",3,10,16.90,"2005-08-21 03:40:11",3.70
1,437,"House Dynamite","Family",2,6,19.94,"2005-08-20 08:20:19",3.83
2,437,"House Dynamite","Family",4,17,45.86,"2005-08-23 20:16:27",4.47
1,438,"Human Graffiti","Games",2,6,36.94,"2005-08-18 06:15:06",5.67
2,438,"Human Graffiti","Games",3,9,43.91,"2005-08-22 17:46:41",3.78
1,439,"Hunchback Impossible","Drama",4,10,72.90,"2005-08-23 22:43:07",5.30
2,439,"Hunchback Impossible","Drama",2,10,42.93,"2006-02-14 15:16:03",3.89
1,440,"Hunger Roof","Foreign",2,4,7.96,"2005-08-21 14:11:30",6.25
2,440,"Hunger Roof","Foreign",2,9,11.92,"2006-02-14 15:16:03",5.75
1,441,"Hunter Alter","Documentary",2,5,24.95,"2005-08-23 16:44:31",6.20
1,442,"Hunting Musketeers","Family",3,15,40.88,"2005-08-23 16:18:25",4.73
1,443,"Hurricane Affair","Comedy",3,10,34.90,"2005-08-20 17:58:11",4.30
2,443,"Hurricane Affair","Comedy",4,14,47.87,"2005-08-21 09:04:20",5.07
1,444,"Hustler Party","Comedy",4,12,99.88,"2005-08-23 09:42:21",5.50
2,444,"Hustler Party","Comedy",4,10,90.90,"2005-08-22 11:17:06",6.50
1,445,"Hyde Doctor","Classics",3,14,51.87,"2006-02-14 15:16:03",3.54
2,445,"Hyde Doctor","Classics",3,12,43.89,"2005-08-23 09:23:36",3.92
1,446,"Hysterical Grail","Sports",2,7,41.93,"2005-08-18 06:07:31",4.57
2,446,"Hysterical Grail","Sports",2,8,45.92,"2005-08-21 07:29:05",3.25
1,447,"Ice Crossing","Games",4,16,55.86,"2005-08-23 02:08:40",4.31
2,447,"Ice Crossing","Games",3,8,34.92,"2005-08-21 09:31:47",4.88
1,448,"Idaho Love","New",2,8,35.93,"2005-08-18 00:24:30",4.63
2,448,"Idaho Love","New",3,9,32.92,"2005-08-20 08:27:27",2.56
2,449,"Identity Lover","Sci-Fi",4,13,56.88,"2005-08-21 13:55:39",4.62
1,450,"Idols Snatchers","Children",3,10,35.91,"2005-08-19 23:34:26",3.90
2,450,"Idols Snatchers","Children",4,20,52.85,"2005-08-23 20:27:34",4.35
1,451,"Igby Maker","Travel",2,9,41.92,"2005-08-22 12:38:37",4.56
2,451,"Igby Maker","Travel",3,10,47.91,"2006-02-14 15:16:03",5.33
2,452,"Illusion Amelie","Foreign",4,15,34.87,"2005-08-23 22:42:48",4.47
1,453,"Image Princess","Sports",3,9,49.91,"2005-08-21 08:00:40",4.67
2,453,"Image Princess","Sports",2,5,26.95,"2005-08-23 17:57:28",4.00
1,454,"Impact Aladdin","Music",2,9,18.92,"2005-08-18 03:37:31",6.89
1,455,"Impossible Prejudice","Foreign",4,14,74.86,"2005-08-22 15:57:38",4.50
1,456,"Inch Jet","Animation",2,5,24.95,"2005-08-21 15:01:34",3.40
2,456,"Inch Jet","Animation",4,13,70.87,"2005-08-23 09:53:30",4.38
1,457,"Independence Hotel","Documentary",2,5,11.95,"2005-08-22 17:48:10",5.00
2,457,"Independence Hotel","Documentary",4,14,22.87,"2005-08-22 04:56:57",4.57
1,458,"Indian Love","Family",2,5,14.95,"2005-08-23 12:41:38",4.80
2,458,"Indian Love","Family",4,11,31.90,"2005-08-23 16:50:43",5.27
2,459,"Informer Double","Foreign",2,5,27.95,"2005-08-22 16:26:53",2.80
1,460,"Innocent Usual","Foreign",4,14,98.86,"2005-08-22 15:22:15",4.29
2,460,"Innocent Usual","Foreign",4,12,92.88,"2005-08-21 10:54:57",4.75
1,461,"Insects Stone","Animation",2,6,11.94,"2005-08-20 13:07:23",3.00
2,461,"Insects Stone","Animation",4,12,24.87,"2006-02-14 15:16:03",2.55
1,462,"Insider Arizona","Music",2,9,29.92,"2006-02-14 15:16:03",3.63
2,462,"Insider Arizona","Music",3,11,31.91,"2006-02-14 15:16:03",3.30
1,463,"Instinct Airport","Sports",3,12,42.89,"2005-08-23 15:41:12",3.17
2,463,"Instinct Airport","Sports",2,6,26.94,"2005-08-20 03:43:13",4.50
1,464,"Intentions Empire","Animation",4,10,47.90,"2006-02-14 15:16:03",4.50
2,464,"Intentions Empire","Animation",3,7,30.93,"2005-08-22 02:46:35",3.43
1,465,"Interview Liaisons","New",2,8,44.92,"2005-08-21 23:56:30",3.00
2,465,"Interview Liaisons","New",3,12,65.90,"2005-08-22 03:42:12",5.08
1,466,"Intolerable Intentions","Documentary",2,9,39.93,"2005-08-19 03:38:32",4.11
1,467,"Intrigue Worst","Foreign",4,10,17.90,"2006-02-14 15:16:03",3.89
2,467,"Intrigue Worst","Foreign",3,10,18.91,"2005-08-22 19:36:21",5.60
1,468,"Invasion Cyclone","Children",4,15,53.86,"2005-08-23 17:00:12",3.80
2,468,"Invasion Cyclone","Children",4,12,46.88,"2005-08-22 03:23:20",4.25
2,469,"Iron Moon","Classics",3,11,50.90,"2005-08-23 14:05:37",3.45
1,470,"Ishtar Rocketeer","Animation",2,7,42.94,"2005-08-22 18:03:11",5.29
1,471,"Island Exorcist","Classics",3,12,31.90,"2005-08-23 11:05:17",3.42
2,471,"Island Exorcist","Classics",4,14,44.87,"2005-08-23 11:28:49",5.29
2,472,"Italian African","Travel",2,6,38.94,"2005-08-23 16:19:14",3.50
1,473,"Jacket Frisco","Drama",2,7,23.94,"2005-08-21 07:09:27",3.86
2,473,"Jacket Frisco","Drama",3,11,47.90,"2005-08-20 20:21:36",5.00
2,474,"Jade Bunch","Sports",4,18,53.85,"2005-08-23 15:30:48",3.83
2,475,"Japanese Run","Horror",2,6,7.94,"2005-08-23 14:43:15",4.00
1,476,"Jason Trap","Family",3,9,35.91,"2006-02-14 15:16:03",3.88
2,476,"Jason Trap","Family",4,15,61.86,"2005-08-21 15:15:19",5.07
2,477,"Jawbreaker Brooklyn","Music",3,10,10.91,"2005-08-21 19:05:23",2.00
1,478,"Jaws Harry","Comedy",2,4,14.96,"2005-08-21 03:32:17",3.00
2,478,"Jaws Harry","Comedy",3,10,44.91,"2005-08-21 12:07:25",5.10
1,479,"Jedi Beneath","Family",2,9,9.92,"2005-08-20 08:55:53",4.11
2,479,"Jedi Beneath","Family",3,10,10.90,"2005-08-21 14:52:14",4.10
1,480,"Jeepers Wedding","Classics",2,8,39.93,"2005-08-21 16:40:26",5.63
2,480,"Jeepers Wedding","Classics",2,8,30.94,"2005-08-23 03:13:01",4.13
1,481,"Jekyll Frogmen","New",3,9,41.92,"2005-08-23 20:53:20",5.00
2,481,"Jekyll Frogmen","New",3,8,36.92,"2005-08-19 08:55:16",4.13
1,482,"Jeopardy Encino","Classics",3,10,28.90,"2005-08-20 12:59:38",4.00
1,483,"Jericho Mulan","Games",3,11,63.90,"2005-08-23 18:20:56",5.45
2,483,"Jericho Mulan","Games",2,6,31.94,"2005-08-22 09:04:53",4.67
1,484,"Jerk Paycheck","Classics",4,9,49.91,"2005-08-20 22:51:25",5.00
2,484,"Jerk Paycheck","Classics",3,11,54.90,"2005-08-23 12:26:19",4.45
2,485,"Jersey Sassy","Children",3,6,39.94,"2005-08-18 23:21:50",5.50
1,486,"Jet Neighbors","Foreign",4,15,66.88,"2005-08-23 19:19:06",6.00
2,486,"Jet Neighbors","Foreign",2,5,25.95,"2005-08-22 01:54:52",4.60
2,487,"Jingle Sagebrush","Classics",3,13,59.89,"2005-08-23 00:37:21",3.62
1,488,"Joon Northwest","Sports",2,7,17.94,"2005-08-23 16:45:28",4.14
2,488,"Joon Northwest","Sports",3,10,19.90,"2005-08-22 05:40:39",3.10
1,489,"Juggler Hardly","Animation",4,18,42.85,"2005-08-23 06:31:24",4.89
2,489,"Juggler Hardly","Animation",4,14,43.86,"2006-02-14 15:16:03",5.31
1,490,"Jumanji Blade","New",2,8,30.92,"2005-08-19 13:56:54",3.50
1,491,"Jumping Wrath","Children",2,8,20.93,"2005-08-21 01:07:11",5.25
2,491,"Jumping Wrath","Children",4,16,46.86,"2005-08-23 17:09:31",5.63
1,492,"Jungle Closer","New",2,13,23.88,"2005-08-19 04:27:05",6.23
2,493,"Kane Exorcist","Foreign",3,14,13.88,"2005-08-21 02:04:33",3.50
1,494,"Karate Moon","Horror",4,15,34.87,"2005-08-20 18:16:21",4.67
2,494,"Karate Moon","Horror",2,8,16.93,"2005-08-23 15:46:33",3.75
NULL,495,"Kentuckian Giant","Horror",0,0,0,NULL,NULL
1,496,"Kick Savannah","Travel",2,8,18.93,"2005-08-23 15:39:38",3.25
2,496,"Kick Savannah","Travel",3,12,29.90,"2006-02-14 15:16:03",4.73
NULL,497,"Kill Brotherhood","Documentary",0,0,0,NULL,NULL
1,498,"Killer Innocent","Family",2,6,21.94,"2005-08-19 23:37:52",6.00
1,499,"King Evolution","Family",2,9,59.92,"2005-08-21 11:36:15",4.56
1,500,"Kiss Glory","Foreign",4,11,62.90,"2005-08-20 09:29:35",4.82
2,500,"Kiss Glory","Foreign",4,11,63.89,"2005-08-22 06:39:24",4.09
1,501,"Kissing Dolls","Action",3,13,68.90,"2005-08-23 12:43:42",4.31
2,501,"Kissing Dolls","Action",2,7,51.93,"2005-08-23 16:33:33",4.00
1,502,"Knock Warlock","Comedy",4,14,50.88,"2005-08-21 13:53:59",4.57
2,502,"Knock Warlock","Comedy",3,10,48.91,"2005-08-22 10:14:33",5.80
1,503,"Kramer Chocolate","Sports",3,9,47.91,"2005-08-22 11:58:58",4.33
1,504,"Kwai Homeward","Drama",4,14,29.87,"2005-08-22 19:44:00",5.07
2,504,"Kwai Homeward","Drama",2,9,12.93,"2005-08-21 02:23:03",4.22
2,505,"Labyrinth League","Children",4,15,41.87,"2005-08-22 21:41:40",3.53
1,506,"Lady Stage","Horror",4,12,73.89,"2005-08-21 18:06:32",4.00
2,506,"Lady Stage","Horror",2,5,39.95,"2006-02-14 15:16:03",6.75
2,507,"Ladybugs Armageddon","Games",2,6,17.94,"2005-08-22 04:15:48",5.00
2,508,"Lambs Cincinatti","Games",3,10,57.90,"2005-08-22 15:53:32",4.40
2,509,"Language Cowboy","Children",3,11,18.90,"2005-08-19 07:36:42",4.45
1,510,"Lawless Vision","Animation",4,17,76.86,"2006-02-14 15:16:03",3.69
1,511,"Lawrence Love","Action",2,7,6.93,"2005-08-23 21:45:02",3.43
2,511,"Lawrence Love","Action",3,6,8.94,"2005-08-23 04:26:20",4.50
1,512,"League Hellfighters","Classics",2,6,37.94,"2005-08-21 11:26:06",4.67
2,512,"League Hellfighters","Classics",4,11,67.89,"2005-08-21 23:17:26",4.73
2,513,"Leathernecks Dwarfs","Travel",2,7,21.94,"2005-08-18 07:16:58",4.71
1,514,"Lebowski Soldiers","Drama",2,6,20.94,"2005-08-20 06:41:27",2.67
2,514,"Lebowski Soldiers","Drama",4,15,41.88,"2005-08-23 12:15:51",4.27
2,515,"Legally Secretary","Children",2,9,39.92,"2005-08-22 15:25:33",3.67
2,516,"Legend Jedi","Music",3,9,12.92,"2005-08-21 19:12:47",5.33
2,517,"Lesson Cleopatra","Sports",2,7,22.94,"2005-08-23 03:58:02",4.57
1,518,"Liaisons Sweet","Travel",2,9,48.92,"2005-08-17 21:11:57",3.78
2,518,"Liaisons Sweet","Travel",4,13,77.87,"2005-08-22 13:04:32",4.46
2,519,"Liberty Magnificent","Sports",4,12,67.89,"2005-08-23 06:03:31",5.50
1,520,"License Weekend","Sci-Fi",2,7,17.94,"2005-08-20 05:10:39",3.00
1,521,"Lies Treatment","Drama",4,16,74.86,"2005-08-20 23:07:10",4.56
2,521,"Lies Treatment","Drama",3,11,56.90,"2005-08-20 13:49:52",4.82
2,522,"Life Twisted","Comedy",2,10,37.92,"2005-08-23 13:16:15",4.70
1,523,"Lights Deer","Classics",2,8,7.93,"2005-08-18 13:42:14",5.38
1,524,"Lion Uncut","Comedy",2,7,9.94,"2005-08-23 03:32:31",3.71
2,524,"Lion Uncut","Comedy",4,11,23.89,"2005-08-18 03:14:14",5.64
1,525,"Loathing Legally","Classics",4,11,23.89,"2005-08-22 02:16:55",4.45
2,525,"Loathing Legally","Classics",4,16,38.85,"2006-02-14 15:16:03",4.53
2,526,"Lock Rear","Travel",4,16,42.86,"2005-08-23 03:52:36",3.69
1,527,"Lola Agent","Horror",2,7,49.93,"2005-08-20 06:23:53",5.29
2,527,"Lola Agent","Horror",4,17,104.84,"2005-08-22 11:36:16",4.76
1,528,"Lolita World","Family",3,10,45.91,"2005-08-23 21:13:39",4.80
1,529,"Lonely Elephant","Comedy",4,15,65.87,"2005-08-21 16:44:32",4.33
1,530,"Lord Arizona","Action",3,11,39.90,"2006-02-14 15:16:03",4.50
1,531,"Lose Inch","Foreign",4,12,37.88,"2005-08-22 09:25:24",3.92
2,531,"Lose Inch","Foreign",4,15,39.86,"2005-08-22 06:12:16",4.07
2,532,"Loser Hustler","Sports",4,15,83.86,"2005-08-23 01:25:30",4.67
1,533,"Lost Bird","Foreign",3,12,50.90,"2005-08-21 06:21:24",5.67
1,534,"Louisiana Harry","Family",2,5,7.95,"2005-08-21 15:41:01",2.20
2,534,"Louisiana Harry","Family",3,12,20.89,"2005-08-23 08:29:53",4.33
1,535,"Love Suicides","Horror",4,20,22.85,"2005-08-23 18:23:11",4.70
1,536,"Lovely Jingle","Classics",3,7,27.93,"2006-02-14 15:16:03",3.00
2,536,"Lovely Jingle","Classics",2,7,34.94,"2005-08-23 07:30:23",4.29
2,537,"Lover Truman","Classics",3,10,54.91,"2005-08-21 15:44:23",5.70
2,538,"Loverboy Attacks","New",3,12,16.89,"2005-08-21 01:44:14",5.17
1,539,"Luck Opus","Drama",2,10,21.93,"2005-08-19 13:09:54",4.30
1,540,"Lucky Flying","Music",3,13,32.90,"2005-08-23 07:10:14",4.85
2,541,"Luke Mummy","Animation",2,7,28.93,"2005-08-21 18:35:54",4.57
1,542,"Lust Lock","Action",4,11,52.88,"2006-02-14 15:16:03",3.10
2,542,"Lust Lock","Action",2,4,21.94,"2006-02-14 15:16:03",3.00
1,543,"Madigan Dorado","Travel",2,10,48.92,"2005-08-23 01:45:07",4.70
1,544,"Madison Trap","Documentary",2,6,33.94,"2005-08-22 12:24:55",6.00
2,544,"Madison Trap","Documentary",2,9,30.93,"2005-08-21 22:16:57",5.22
1,545,"Madness Attacks","Foreign",4,18,45.84,"2005-08-22 17:27:23",4.94
2,545,"Madness Attacks","Foreign",2,7,19.93,"2005-08-20 07:22:07",4.86
2,546,"Madre Gables","Games",4,14,47.87,"2005-08-23 11:15:20",6.43
2,547,"Magic Mallrats","Children",2,7,17.93,"2005-08-22 23:38:01",3.57
1,548,"Magnificent Chitty","Classics",2,8,54.92,"2005-08-19 19:35:13",5.88
1,549,"Magnolia Forrester","Action",2,6,20.94,"2005-08-21 16:20:43",5.83
2,549,"Magnolia Forrester","Action",2,5,13.95,"2005-08-22 11:14:31",4.20
1,550,"Maguire Apache","Family",3,9,33.91,"2005-08-22 12:38:20",5.00
1,551,"Maiden Home","New",3,11,82.89,"2005-08-23 05:20:36",4.91
2,551,"Maiden Home","New",3,13,69.89,"2005-08-23 06:00:28",3.62
2,552,"Majestic Floats","Documentary",4,17,36.85,"2005-08-22 02:04:38",5.71
2,553,"Maker Gables","Children",3,10,32.90,"2005-08-23 21:52:56",4.60
1,554,"Malkovich Pet","Classics",4,13,40.88,"2005-08-23 14:23:23",4.00
2,554,"Malkovich Pet","Classics",3,13,34.89,"2005-08-20 12:16:38",3.38
1,555,"Mallrats United","Comedy",3,11,27.90,"2005-08-23 21:59:57",4.73
2,555,"Mallrats United","Comedy",4,14,42.88,"2005-08-23 15:59:01",5.43
1,556,"Maltese Hope","Games",3,11,57.90,"2005-08-22 18:25:21",4.45
2,556,"Maltese Hope","Games",4,11,60.89,"2005-08-23 16:43:54",3.55
1,557,"Manchurian Curtain","Family",2,8,31.93,"2005-08-23 21:10:24",5.25
2,557,"Manchurian Curtain","Family",3,7,27.93,"2005-08-21 23:50:57",4.57
2,558,"Mannequin Worst","New",2,5,23.95,"2005-08-22 17:49:35",4.00
1,559,"Married Go","Sci-Fi",4,15,40.87,"2005-08-22 19:56:41",3.87
2,559,"Married Go","Sci-Fi",4,15,43.87,"2005-08-22 13:58:23",4.60
1,560,"Mars Roman","Games",3,10,16.91,"2005-08-18 12:45:24",5.00
2,560,"Mars Roman","Games",2,9,13.92,"2005-08-22 18:53:28",4.67
1,561,"Mask Peach","New",4,17,49.86,"2005-08-22 15:56:42",4.59
1,562,"Masked Bubble","Music",4,13,17.88,"2005-08-23 06:41:32",4.31
2,562,"Masked Bubble","Music",2,7,6.93,"2005-08-23 11:30:32",1.86
1,563,"Massacre Usual","Games",4,17,91.85,"2005-08-23 17:02:00",4.94
2,563,"Massacre Usual","Games",3,13,57.90,"2005-08-21 20:32:37",5.54
2,564,"Massage Image","Animation",3,12,56.89,"2005-08-21 13:53:33",4.75
1,565,"Matrix Snowman","Foreign",2,9,40.92,"2005-08-21 09:20:03",3.56
1,566,"Maude Mod","Foreign",2,8,10.93,"2005-08-19 12:04:03",4.13
1,567,"Meet Chocolate","Foreign",2,8,33.93,"2005-08-23 20:44:10",4.38
2,567,"Meet Chocolate","Foreign",2,4,22.96,"2005-08-22 15:26:29",5.25
1,568,"Memento Zoolander","Comedy",2,6,39.94,"2005-08-22 19:59:42",4.67
2,568,"Memento Zoolander","Comedy",2,7,48.93,"2005-08-22 21:01:25",5.14
1,569,"Menagerie Rushmore","Animation",2,7,18.94,"2005-08-23 01:38:48",5.14
1,570,"Mermaid Insects","Sports",2,5,30.95,"2005-08-21 01:35:58",4.00
2,570,"Mermaid Insects","Sports",3,11,63.90,"2005-08-22 07:04:25",4.91
1,571,"Metal Armageddon","Documentary",2,10,29.93,"2005-08-20 12:22:04",5.70
2,571,"Metal Armageddon","Documentary",4,15,58.86,"2005-08-22 23:58:09",5.60
1,572,"Metropolis Coma","Sci-Fi",4,9,51.91,"2005-08-22 13:19:25",5.89
2,572,"Metropolis Coma","Sci-Fi",4,17,64.85,"2005-08-21 19:51:11",4.18
1,573,"Microcosmos Paradise","Children",4,13,43.88,"2005-08-23 22:14:31",5.00
1,574,"Midnight Westward","Action",2,7,14.94,"2005-08-21 17:15:33",4.00
2,574,"Midnight Westward","Action",3,10,23.90,"2006-02-14 15:16:03",3.67
1,575,"Midsummer Groundhog","Documentary",2,8,40.94,"2005-08-21 19:59:30",3.38
2,575,"Midsummer Groundhog","Documentary",4,14,88.88,"2005-08-21 11:31:11",4.14
2,576,"Mighty Luck","Documentary",3,12,31.90,"2005-08-23 08:09:11",5.00
1,577,"Mile Mulan","Sports",3,13,33.89,"2005-08-21 13:22:48",5.23
1,578,"Million Ace","Classics",2,7,38.94,"2005-08-22 00:25:59",5.57
2,578,"Million Ace","Classics",3,13,64.89,"2005-08-23 02:05:51",3.69
1,579,"Minds Truman","Action",4,13,89.88,"2005-08-22 14:27:46",4.38
2,579,"Minds Truman","Action",3,7,54.93,"2005-08-20 12:11:03",5.14
1,580,"Mine Titans","New",4,14,91.88,"2005-08-23 20:20:23",4.79
2,580,"Mine Titans","New",2,5,46.95,"2005-08-21 07:23:10",7.20
1,581,"Minority Kiss","Music",3,12,27.89,"2006-02-14 15:16:03",4.64
2,582,"Miracle Virtual","Animation",2,9,41.92,"2005-08-18 15:15:44",4.33
1,583,"Mission Zoolander","Animation",3,11,70.90,"2005-08-22 04:51:42",4.55
2,583,"Mission Zoolander","Animation",2,7,39.94,"2005-08-21 05:44:07",3.71
1,584,"Mixed Doors","Foreign",2,4,15.96,"2005-08-21 18:34:21",5.75
2,585,"Mob Duffel","Drama",4,12,27.90,"2005-08-23 22:50:12",4.92
1,586,"Mockingbird Hollywood","Action",4,12,26.88,"2006-02-14 15:16:03",3.91
2,586,"Mockingbird Hollywood","Action",4,12,26.90,"2005-08-22 06:38:10",4.92
1,587,"Mod Secretary","Documentary",3,11,48.91,"2005-08-21 09:16:40",4.55
2,588,"Model Fish","Children",4,15,76.87,"2005-08-21 17:30:17",3.80
2,589,"Modern Dorado","Documentary",4,15,42.88,"2005-08-23 14:31:50",4.87
1,590,"Money Harold","New",3,10,56.90,"2005-08-22 10:55:45",5.00
2,590,"Money Harold","New",4,10,54.90,"2005-08-20 06:08:42",4.30
2,591,"Monsoon Cause","Games",3,9,54.91,"2005-08-19 10:33:52",5.33
1,592,"Monster Spartacus","Music",2,7,18.94,"2005-08-22 15:49:54",4.00
2,592,"Monster Spartacus","Music",2,8,29.92,"2006-02-14 15:16:03",4.71
2,593,"Monterey Labyrinth","Horror",4,13,19.89,"2005-08-22 07:16:45",3.46
1,594,"Montezuma Command","Action",3,9,11.91,"2005-08-23 14:35:10",3.78
1,595,"Moon Bunch","Foreign",4,15,18.86,"2005-08-21 05:07:02",4.20
2,595,"Moon Bunch","Foreign",4,14,16.88,"2005-08-22 10:49:06",4.43
1,596,"Moonshine Cabin","Games",2,7,43.93,"2005-08-22 19:37:20",3.71
2,596,"Moonshine Cabin","Games",4,14,87.87,"2005-08-21 10:15:20",5.07
2,597,"Moonwalker Fool","Games",4,13,75.89,"2006-02-14 15:16:03",5.50
1,598,"Mosquito Armageddon","Sports",4,15,16.89,"2006-02-14 15:16:03",4.79
1,599,"Mother Oleander","Sports",3,7,38.93,"2005-08-20 05:15:20",7.00
2,599,"Mother Oleander","Sports",2,7,24.94,"2005-08-23 15:59:51",5.71
1,600,"Motions Details","Horror",2,9,12.92,"2005-08-21 14:58:58",3.56
2,600,"Motions Details","Horror",2,7,12.95,"2006-02-14 15:16:03",5.50
1,601,"Moulin Wake","Travel",3,10,28.90,"2005-08-22 10:24:32",5.00
2,601,"Moulin Wake","Travel",2,6,22.94,"2005-08-21 10:46:35",6.17
1,602,"Mourning Purple","Sci-Fi",2,9,12.92,"2005-08-22 19:54:52",4.00
2,602,"Mourning Purple","Sci-Fi",3,12,26.89,"2005-08-21 13:19:03",4.50
1,603,"Movie Shakespeare","Family",4,18,88.84,"2005-08-21 08:39:26",4.06
2,603,"Movie Shakespeare","Family",2,9,36.94,"2006-02-14 15:16:03",5.38
2,604,"Mulan Moon","Comedy",3,13,30.89,"2006-02-14 15:16:03",4.75
2,605,"Mulholland Beast","Foreign",2,7,21.93,"2006-02-14 15:16:03",4.50
1,606,"Mummy Creatures","Sports",2,6,23.95,"2005-08-19 16:05:38",5.83
2,606,"Mummy Creatures","Sports",4,10,31.90,"2006-02-14 15:16:03",4.78
NULL,607,"Muppet Mile","Foreign",0,0,0,NULL,NULL
1,608,"Murder Antitrust","Children",2,10,32.92,"2005-08-23 20:04:41",5.40
2,608,"Murder Antitrust","Children",4,13,45.87,"2005-08-23 20:47:12",4.15
1,609,"Muscle Bright","Travel",4,14,40.87,"2005-08-19 21:09:30",3.71
2,609,"Muscle Bright","Travel",4,16,45.86,"2005-08-23 00:07:53",3.94
1,610,"Music Boondock","Family",2,9,8.92,"2005-08-18 11:04:42",4.00
2,610,"Music Boondock","Family",3,10,11.91,"2005-08-23 16:17:09",4.60
1,611,"Musketeers Wait","Classics",4,11,52.91,"2005-08-21 02:23:25",5.18
2,611,"Musketeers Wait","Classics",2,6,29.94,"2005-08-20 13:01:43",2.17
2,612,"Mussolini Spoilers","Sports",2,5,15.95,"2005-08-19 20:53:43",3.60
1,613,"Mystic Truman","Comedy",2,10,17.92,"2005-08-23 16:44:56",4.40
1,614,"Name Detective","Games",3,11,72.89,"2005-08-23 06:23:26",4.45
2,614,"Name Detective","Games",3,12,58.89,"2006-02-14 15:16:03",3.91
2,615,"Nash Chocolat","Animation",4,15,58.87,"2005-08-22 06:19:37",5.60
1,616,"National Story","Documentary",2,6,22.94,"2005-08-20 06:02:02",2.83
2,616,"National Story","Documentary",4,13,53.89,"2005-08-23 11:16:29",4.62
1,617,"Natural Stock","Family",3,13,31.88,"2005-08-23 11:02:00",4.15
2,618,"Necklace Outbreak","Drama",4,15,36.86,"2005-08-23 09:35:34",3.93
1,619,"Neighbors Charade","Sports",2,7,18.95,"2005-08-21 23:40:28",5.29
2,619,"Neighbors Charade","Sports",4,12,43.88,"2005-08-21 13:31:07",4.83
1,620,"Nemo Campus","Sci-Fi",2,5,16.95,"2005-08-23 03:03:40",2.60
2,620,"Nemo Campus","Sci-Fi",3,9,42.91,"2005-08-19 08:07:43",5.22
1,621,"Network Peak","Family",4,14,50.88,"2005-08-23 05:37:13",4.50
2,621,"Network Peak","Family",4,17,65.85,"2005-08-23 09:07:11",5.41
2,622,"Newsies Story","Documentary",2,7,22.93,"2005-08-23 10:04:17",5.00
1,623,"Newton Labyrinth","Foreign",2,6,12.94,"2005-08-22 11:43:42",4.17
2,623,"Newton Labyrinth","Foreign",3,11,33.90,"2005-08-20 22:34:34",5.18
1,624,"Nightmare Chill","Games",3,9,61.92,"2005-08-23 20:40:31",4.56
2,624,"Nightmare Chill","Games",4,16,86.87,"2005-08-21 04:37:56",3.50
1,625,"None Spiking","Sci-Fi",3,13,41.89,"2005-08-23 09:48:45",4.77
2,625,"None Spiking","Sci-Fi",4,14,37.86,"2006-02-14 15:16:03",4.46
2,626,"Noon Papi","Children",4,17,60.85,"2005-08-20 12:33:36",4.71
2,627,"North Tequila","Documentary",3,11,51.91,"2005-08-23 14:06:19",3.55
1,628,"Northwest Polish","Sports",3,10,42.90,"2005-08-23 15:35:59",5.60
2,628,"Northwest Polish","Sports",2,10,34.92,"2005-08-23 20:12:17",5.30
2,629,"Notorious Reunion","Documentary",4,14,24.87,"2005-08-22 10:58:45",6.29
2,630,"Notting Speakeasy","Drama",3,10,12.91,"2005-08-22 05:38:32",4.50
1,631,"Novocaine Flight","Sports",3,13,35.88,"2005-08-20 08:39:34",5.46
2,631,"Novocaine Flight","Sports",2,6,13.94,"2005-08-22 23:06:25",3.50
1,632,"Nuts Ties","New",3,9,53.91,"2005-08-23 18:43:22",4.56
2,633,"October Submarine","Classics",3,11,57.90,"2005-08-23 18:43:31",5.09
2,634,"Odds Boogie","Family",4,15,19.87,"2005-08-23 14:01:07",4.87
2,635,"Oklahoma Jumanji","New",2,6,5.94,"2005-08-23 03:44:30",4.83
1,636,"Oleander Clue","Music",3,10,24.91,"2005-08-22 10:00:04",6.00
1,637,"Open African","Sci-Fi",2,9,42.92,"2005-08-22 08:15:44",4.00
2,637,"Open African","Sci-Fi",3,12,60.89,"2005-08-23 17:39:35",4.50
1,638,"Operation Operation","Comedy",4,12,33.89,"2006-02-14 15:16:03",3.27
2,638,"Operation Operation","Comedy",4,15,46.86,"2005-08-23 01:10:42",4.40
2,639,"Opposite Necklace","Family",3,13,56.89,"2006-02-14 15:16:03",4.08
2,640,"Opus Ice","Foreign",3,11,60.90,"2005-08-22 06:10:53",4.45
1,641,"Orange Grapes","Foreign",3,7,15.93,"2005-08-22 16:14:25",4.14
2,641,"Orange Grapes","Foreign",4,17,45.85,"2005-08-23 20:13:31",5.06
NULL,642,"Order Betrayed","Travel",0,0,0,NULL,NULL
1,643,"Orient Closer","Drama",3,7,33.93,"2005-08-22 23:04:09",3.57
2,643,"Orient Closer","Drama",3,10,46.90,"2005-08-23 21:44:27",4.00
1,644,"Oscar Gold","Animation",3,11,38.89,"2005-08-21 21:50:53",4.27
2,644,"Oscar Gold","Animation",4,14,44.86,"2005-08-23 15:09:17",5.00
1,645,"Others Soup","Travel",3,14,40.88,"2005-08-23 13:05:10",3.79
2,645,"Others Soup","Travel",3,9,29.92,"2005-08-20 22:39:16",5.56
1,646,"Outbreak Divine","Games",3,13,20.89,"2005-08-23 10:22:21",4.31
2,646,"Outbreak Divine","Games",2,10,10.93,"2005-08-23 09:27:29",4.70
1,647,"Outfield Massacre","Music",3,7,21.93,"2006-02-14 15:16:03",5.67
2,647,"Outfield Massacre","Music",3,13,32.89,"2005-08-22 06:20:07",4.46
1,648,"Outlaw Hanky","Travel",4,9,46.91,"2006-02-14 15:16:03",3.75
2,648,"Outlaw Hanky","Travel",2,5,26.95,"2005-08-22 03:57:08",5.60
1,649,"Oz Liaisons","Animation",2,7,23.93,"2005-08-23 04:00:30",2.43
2,649,"Oz Liaisons","Animation",4,17,63.85,"2005-08-22 22:21:35",4.00
1,650,"Pacific Amistad","Documentary",2,10,19.92,"2005-08-20 15:41:00",4.10
2,650,"Pacific Amistad","Documentary",4,14,23.89,"2005-08-23 02:25:09",3.21
1,651,"Packer Madigan","Animation",2,7,9.94,"2005-08-23 02:02:53",2.86
2,651,"Packer Madigan","Animation",4,15,48.86,"2005-08-21 20:25:57",4.47
1,652,"Pajama Jawbreaker","Classics",4,14,39.86,"2005-08-21 23:47:16",4.07
1,653,"Panic Club","Horror",2,7,51.93,"2005-08-22 17:32:57",4.71
1,654,"Panky Submarine","Games",2,5,38.95,"2005-08-19 09:34:02",6.00
2,654,"Panky Submarine","Games",2,10,47.93,"2005-08-17 22:59:46",5.60
1,655,"Panther Reds","Sci-Fi",3,8,34.93,"2005-08-22 17:22:41",3.63
2,655,"Panther Reds","Sci-Fi",3,7,48.93,"2005-08-21 13:33:28",5.86
2,656,"Papi Necklace","Travel",2,8,27.93,"2005-08-17 17:16:42",5.13
1,657,"Paradise Sabrina","Comedy",4,12,55.88,"2005-08-22 02:13:51",5.08
2,657,"Paradise Sabrina","Comedy",2,6,23.94,"2005-08-20 19:03:49",4.00
2,658,"Paris Weekend","Horror",4,14,40.88,"2005-08-23 07:23:29",5.43
2,659,"Park Citizen","Action",2,8,48.94,"2005-08-20 20:26:53",4.50
1,660,"Party Knock","Comedy",2,7,19.94,"2005-08-23 17:44:53",3.71
2,660,"Party Knock","Comedy",2,6,21.94,"2005-08-23 01:35:12",6.00
1,661,"Past Suicides","Foreign",4,13,66.88,"2005-08-20 21:50:11",3.85
1,662,"Paths Control","Drama",2,4,30.96,"2005-08-23 16:18:12",4.75
2,662,"Paths Control","Drama",2,6,50.94,"2005-08-23 10:02:46",5.83
1,663,"Patient Sister","Classics",3,11,14.89,"2005-08-23 19:10:32",4.45
2,663,"Patient Sister","Classics",2,8,6.93,"2005-08-19 07:23:06",2.88
1,664,"Patriot Roman","Action",2,7,22.94,"2005-08-19 02:22:16",5.29
2,664,"Patriot Roman","Action",3,9,29.91,"2005-08-22 16:40:21",4.67
1,665,"Patton Interview","Horror",4,10,41.90,"2005-08-23 08:52:50",3.80
2,665,"Patton Interview","Horror",3,13,52.89,"2005-08-23 03:45:40",4.69
1,666,"Paycheck Wait","Drama",3,11,71.89,"2005-08-20 16:38:57",4.27
2,666,"Paycheck Wait","Drama",2,5,29.95,"2005-08-23 16:50:53",3.80
1,667,"Peach Innocent","Sports",2,8,38.93,"2005-08-22 20:17:17",4.50
2,667,"Peach Innocent","Sports",2,6,41.93,"2006-02-14 15:16:03",6.40
1,668,"Peak Forever","Sports",2,8,34.93,"2005-08-19 13:08:23",2.38
2,668,"Peak Forever","Sports",3,12,59.89,"2005-08-23 15:08:00",5.08
NULL,669,"Pearl Destiny","Foreign",0,0,0,NULL,NULL
1,670,"Pelican Comforts","Documentary",4,14,87.88,"2005-08-23 12:50:00",5.43
2,670,"Pelican Comforts","Documentary",3,12,77.89,"2005-08-23 21:07:59",5.25
NULL,671,"Perdition Fargo","Sports",0,0,0,NULL,NULL
1,672,"Perfect Groove","Comedy",2,7,20.94,"2005-08-23 21:37:59",6.00
2,672,"Perfect Groove","Comedy",4,10,32.90,"2005-08-22 14:08:06",5.50
1,673,"Personal Ladybugs","Music",2,8,22.93,"2005-08-22 15:30:25",5.00
2,673,"Personal Ladybugs","Music",2,6,20.94,"2005-08-17 12:44:27",4.83
1,674,"Pet Haunting","Foreign",3,8,26.92,"2005-08-22 08:43:50",4.50
1,675,"Phantom Glory","New",2,6,21.94,"2005-08-19 05:11:47",3.67
1,676,"Philadelphia Wife","Sports",2,7,37.93,"2005-08-22 19:28:56",5.71
2,676,"Philadelphia Wife","Sports",4,16,69.87,"2006-02-14 15:16:03",4.67
1,677,"Pianist Outfield","New",3,9,10.91,"2005-08-23 17:47:40",3.11
2,677,"Pianist Outfield","New",4,12,27.87,"2006-02-14 15:16:03",4.73
1,678,"Pickup Driving","Sports",4,16,93.85,"2005-08-20 12:11:28",5.38
1,679,"Pilot Hoosiers","Family",2,8,23.93,"2005-08-20 05:50:05",4.25
2,679,"Pilot Hoosiers","Family",2,8,27.93,"2005-08-18 15:51:36",4.88
1,680,"Pinocchio Simon","Comedy",2,5,36.95,"2005-08-23 21:30:45",5.80
2,680,"Pinocchio Simon","Comedy",4,15,82.87,"2005-08-23 09:12:50",4.33
1,681,"Pirates Roxanne","Sports",3,10,24.91,"2006-02-14 15:16:03",5.11
2,681,"Pirates Roxanne","Sports",3,11,20.90,"2005-08-22 13:57:55",4.09
1,682,"Pittsburgh Hunchback","Family",3,12,83.89,"2005-08-22 06:37:43",5.75
1,683,"Pity Bound","Drama",4,15,78.87,"2005-08-22 01:12:14",4.33
2,683,"Pity Bound","Drama",4,11,59.90,"2005-08-23 21:25:03",3.64
2,684,"Pizza Jumanji","Games",2,7,25.94,"2005-08-21 06:20:14",4.29
2,685,"Platoon Instinct","New",2,9,40.92,"2005-08-21 10:16:27",2.89
1,686,"Pluto Oleander","New",4,16,73.87,"2005-08-21 13:52:54",3.75
1,687,"Pocus Pulp","Documentary",3,10,16.90,"2005-08-23 15:21:19",4.20
2,687,"Pocus Pulp","Documentary",4,16,23.85,"2005-08-23 08:06:49",4.63
2,688,"Polish Brooklyn","Children",4,18,18.85,"2005-08-23 13:48:34",4.39
1,689,"Pollock Deliverance","Foreign",4,13,46.88,"2005-08-22 18:24:16",4.00
2,689,"Pollock Deliverance","Foreign",2,5,19.94,"2006-02-14 15:16:03",4.50
1,690,"Pond Seattle","Animation",4,15,48.86,"2005-08-22 11:09:18",4.87
2,690,"Pond Seattle","Animation",2,4,12.96,"2005-08-20 20:47:43",5.75
1,691,"Poseidon Forever","Sports",3,10,56.90,"2005-08-21 11:15:46",4.20
2,691,"Poseidon Forever","Sports",2,7,43.93,"2005-08-23 20:22:17",5.57
2,692,"Potluck Mixed","Animation",3,11,43.90,"2005-08-23 06:48:47",3.73
1,693,"Potter Connecticut","Animation",2,10,32.92,"2005-08-22 01:20:19",4.60
2,693,"Potter Connecticut","Animation",3,7,29.93,"2005-08-21 03:31:07",4.43
1,694,"Prejudice Oleander","Classics",4,14,77.87,"2005-08-21 15:59:40",5.00
2,694,"Prejudice Oleander","Classics",2,6,32.94,"2005-08-21 13:24:32",5.33
1,695,"President Bang","Family",2,7,35.94,"2005-08-21 08:33:42",4.00
1,696,"Pride Alamo","Animation",2,5,4.95,"2006-02-14 15:16:03",2.75
2,696,"Pride Alamo","Animation",3,11,12.90,"2005-08-22 00:06:33",3.00
1,697,"Primary Glass","Action",4,12,15.88,"2005-08-21 08:58:38",2.75
2,697,"Primary Glass","Action",4,15,20.85,"2005-08-20 12:15:41",4.60
1,698,"Princess Giant","Documentary",4,13,64.89,"2006-02-14 15:16:03",5.67
2,698,"Princess Giant","Documentary",3,14,56.88,"2005-08-21 23:52:32",4.07
1,699,"Private Drop","Games",2,5,26.95,"2005-08-19 23:48:23",4.20
2,700,"Prix Undefeated","Family",3,11,37.90,"2005-08-20 13:26:37",3.18
NULL,701,"Psycho Shrunk","Games",0,0,0,NULL,NULL
1,702,"Pulp Beverly","Horror",4,17,55.86,"2006-02-14 15:16:03",3.63
2,702,"Pulp Beverly","Horror",4,13,65.88,"2005-08-21 22:54:02",5.92
2,703,"Punk Divorce","Animation",2,8,41.93,"2005-08-20 16:51:18",3.75
1,704,"Pure Runner","Comedy",2,8,37.93,"2006-02-14 15:16:03",5.00
2,704,"Pure Runner","Comedy",3,8,51.92,"2005-08-20 15:10:13",5.88
1,705,"Purple Movie","Foreign",4,13,52.88,"2005-08-23 18:44:21",3.62
1,706,"Queen Luke","Drama",2,7,50.93,"2006-02-14 15:16:03",7.00
2,706,"Queen Luke","Drama",4,15,77.86,"2005-08-21 14:04:39",3.80
1,707,"Quest Mussolini","Action",2,5,18.95,"2005-08-23 08:19:55",4.00
2,707,"Quest Mussolini","Action",4,15,58.85,"2005-08-23 02:40:04",3.67
1,708,"Quills Bull","Documentary",2,6,34.94,"2005-08-23 08:51:21",3.50
2,708,"Quills Bull","Documentary",2,10,42.93,"2005-08-20 00:06:13",4.10
1,709,"Racer Egg","Drama",2,4,11.96,"2005-08-20 07:13:47",2.75
2,709,"Racer Egg","Drama",4,14,42.87,"2005-08-23 17:36:00",4.50
1,710,"Rage Games","Family",4,11,68.89,"2005-08-23 21:02:43",3.91
2,710,"Rage Games","Family",2,8,50.92,"2005-08-21 06:30:30",3.75
2,711,"Raging Airplane","Sci-Fi",4,13,77.88,"2005-08-23 02:51:27",4.23
NULL,712,"Raiders Antitrust","Documentary",0,0,0,NULL,NULL
NULL,713,"Rainbow Shock","Documentary",0,0,0,NULL,NULL
2,714,"Random Go","Sci-Fi",3,9,31.91,"2005-08-20 23:47:54",4.78
1,715,"Range Moonwalker","Family",4,15,90.88,"2005-08-23 11:35:12",4.07
2,715,"Range Moonwalker","Family",3,12,67.89,"2005-08-23 00:26:47",3.08
1,716,"Reap Unfaithful","Horror",2,6,26.94,"2005-08-23 05:29:32",5.00
2,716,"Reap Unfaithful","Horror",3,10,35.90,"2005-08-23 05:32:03",4.70
1,717,"Rear Trading","Action",2,8,12.93,"2005-08-18 14:10:09",4.63
2,717,"Rear Trading","Action",2,9,14.92,"2005-08-22 21:15:46",5.33
2,718,"Rebel Airport","Music",2,8,6.93,"2005-08-23 01:59:14",4.75
1,719,"Records Zorro","Sports",2,8,38.93,"2005-08-23 21:00:22",4.38
1,720,"Redemption Comforts","New",3,8,45.92,"2005-08-23 01:14:01",4.75
2,720,"Redemption Comforts","New",4,12,67.88,"2005-08-21 18:10:43",4.50
1,721,"Reds Pocus","Music",2,9,47.92,"2005-08-23 21:04:51",6.00
1,722,"Reef Salute","Horror",2,5,5.95,"2005-08-22 16:32:23",4.20
2,722,"Reef Salute","Horror",2,6,17.94,"2005-08-20 14:44:22",5.83
1,723,"Reign Gentlemen","Sci-Fi",4,13,70.88,"2005-08-23 13:43:26",5.38
2,723,"Reign Gentlemen","Sci-Fi",3,7,34.93,"2005-08-21 05:15:00",4.29
1,724,"Remember Diary","Family",2,4,14.96,"2005-08-22 20:56:41",4.25
2,724,"Remember Diary","Family",4,14,55.87,"2005-08-23 08:54:26",4.57
1,725,"Requiem Tycoon","Classics",3,10,58.91,"2005-08-23 09:37:34",5.70
2,725,"Requiem Tycoon","Classics",3,9,46.91,"2005-08-19 21:02:59",3.00
2,726,"Reservoir Adaptation","Foreign",3,10,29.91,"2005-08-23 01:57:20",5.40
1,727,"Resurrection Silverado","Family",2,9,11.92,"2005-08-22 06:46:59",3.89
2,727,"Resurrection Silverado","Family",3,12,12.89,"2005-08-21 00:11:17",4.08
1,728,"Reunion Witches","Drama",3,13,24.89,"2005-08-23 07:43:00",2.85
2,728,"Reunion Witches","Drama",2,7,25.93,"2005-08-18 13:33:55",4.71
2,729,"Rider Caddyshack","Sports",4,11,48.89,"2005-08-22 17:00:31",5.09
1,730,"Ridgemont Submarine","New",4,14,56.87,"2005-08-23 20:13:38",5.86
2,730,"Ridgemont Submarine","New",4,18,53.85,"2006-02-14 15:16:03",5.35
2,731,"Right Cranes","Classics",3,10,52.90,"2005-08-21 06:39:08",4.60
1,732,"Rings Heartbreakers","Action",4,15,31.87,"2005-08-23 02:55:42",5.47
1,733,"River Outlaw","Sports",4,13,36.89,"2006-02-14 15:16:03",5.17
2,733,"River Outlaw","Sports",3,7,19.93,"2005-08-23 20:28:32",4.57
1,734,"Road Roxanne","Documentary",2,5,28.95,"2005-08-23 14:29:16",3.60
2,734,"Road Roxanne","Documentary",4,14,86.88,"2005-08-21 15:29:47",5.07
1,735,"Robbers Joon","Children",3,13,36.89,"2005-08-22 04:09:18",4.85
2,735,"Robbers Joon","Children",4,18,48.85,"2005-08-21 15:28:15",4.00
1,736,"Robbery Bright","Family",4,13,32.88,"2005-08-21 21:27:24",4.62
1,737,"Rock Instinct","Horror",2,7,17.93,"2005-08-22 02:15:26",4.57
2,737,"Rock Instinct","Horror",4,10,30.90,"2005-08-23 07:54:54",4.60
1,738,"Rocketeer Mother","Foreign",4,15,46.87,"2005-08-20 11:11:42",5.00
2,738,"Rocketeer Mother","Foreign",4,18,50.85,"2005-08-23 20:10:13",4.89
1,739,"Rocky War","Drama",2,8,48.93,"2005-08-22 20:41:53",4.63
2,739,"Rocky War","Drama",3,8,39.94,"2005-08-22 01:40:49",4.25
2,740,"Rollercoaster Bringing","Horror",3,10,39.91,"2005-08-23 21:26:35",5.40
1,741,"Roman Punk","Music",4,16,14.86,"2005-08-23 15:59:12",4.44
2,741,"Roman Punk","Music",2,8,10.93,"2005-08-18 13:52:41",5.75
NULL,742,"Roof Champion","Games",0,0,0,NULL,NULL
1,743,"Room Roman","Animation",2,6,8.94,"2005-08-22 21:42:17",5.33
2,743,"Room Roman","Animation",4,14,18.88,"2005-08-21 07:49:53",4.14
1,744,"Roots Remember","Classics",2,7,14.95,"2005-08-20 13:08:53",4.71
2,744,"Roots Remember","Classics",3,10,22.91,"2005-08-23 16:27:24",4.50
1,745,"Roses Treasure","Sports",4,14,64.89,"2005-08-23 18:15:06",4.29
2,745,"Roses Treasure","Sports",4,14,72.88,"2005-08-22 07:54:47",4.21
1,746,"Rouge Squad","Games",2,7,20.95,"2005-08-21 10:06:34",4.43
2,746,"Rouge Squad","Games",3,11,30.89,"2005-08-23 11:33:25",3.91
1,747,"Roxanne Rebel","Games",2,9,15.93,"2005-08-23 09:01:10",5.11
2,747,"Roxanne Rebel","Games",3,10,13.90,"2005-08-22 13:17:43",2.80
1,748,"Rugrats Shakespeare","Action",4,13,30.87,"2005-08-23 20:47:28",3.92
2,748,"Rugrats Shakespeare","Action",4,17,36.85,"2005-08-22 18:16:50",4.35
1,749,"Rules Human","Horror",2,9,42.93,"2005-08-22 04:27:48",6.11
2,749,"Rules Human","Horror",2,7,35.94,"2005-08-22 06:53:21",6.00
1,750,"Run Pacific","New",3,10,42.91,"2005-08-22 08:52:53",6.00
2,751,"Runaway Tenenbaums","New",2,8,11.93,"2005-08-21 06:18:22",4.25
2,752,"Runner Madigan","Music",3,8,14.92,"2005-08-19 11:33:20",3.50
1,753,"Rush Goodfellas","Family",4,13,37.87,"2005-08-22 05:13:33",4.23
2,753,"Rush Goodfellas","Family",4,18,43.85,"2005-08-22 10:29:44",3.89
2,754,"Rushmore Mermaid","Comedy",2,6,18.94,"2005-08-22 01:58:15",3.00
1,755,"Sabrina Midnight","Children",4,11,66.89,"2005-08-21 12:36:11",3.82
2,755,"Sabrina Midnight","Children",3,10,59.90,"2005-08-21 20:53:40",4.20
2,756,"Saddle Antitrust","Comedy",3,14,32.89,"2005-08-23 19:46:39",4.79
1,757,"Sagebrush Clueless","Documentary",3,9,47.93,"2005-08-23 12:43:30",6.56
2,757,"Sagebrush Clueless","Documentary",2,7,35.93,"2005-08-22 23:04:21",5.00
2,758,"Saints Bride","Drama",3,8,31.92,"2005-08-23 19:59:33",4.13
1,759,"Salute Apollo","New",2,4,20.96,"2005-08-22 08:54:12",5.75
2,759,"Salute Apollo","New",4,19,74.84,"2005-08-22 19:09:52",3.84
1,760,"Samurai Lion","New",3,8,33.92,"2005-08-21 23:44:53",4.63
2,760,"Samurai Lion","New",4,17,67.84,"2005-08-23 08:59:12",4.88
2,761,"Santa Paris","Children",3,11,29.90,"2005-08-23 20:20:37",4.45
2,762,"Sassy Packer","Games",4,13,14.88,"2005-08-22 21:19:24",3.92
1,763,"Satisfaction Confidential","Sports",3,11,73.90,"2005-08-22 21:05:50",4.55
2,763,"Satisfaction Confidential","Sports",2,6,48.94,"2005-08-18 00:10:04",5.33
1,764,"Saturday Lambs","Sports",4,13,93.87,"2005-08-23 14:43:46",4.54
2,764,"Saturday Lambs","Sports",4,15,96.87,"2005-08-23 19:42:04",4.80
1,765,"Saturn Name","Comedy",4,13,70.87,"2005-08-23 18:36:44",4.85
1,766,"Savannah Town","Drama",3,12,22.90,"2005-08-22 06:07:52",4.58
1,767,"Scalawag Duck","Music",4,17,80.85,"2005-08-23 17:13:01",3.71
2,767,"Scalawag Duck","Music",4,15,76.86,"2005-08-23 08:04:40",3.47
1,768,"Scarface Bang","Children",3,9,50.92,"2006-02-14 15:16:03",3.63
2,768,"Scarface Bang","Children",3,9,55.92,"2005-08-21 19:01:39",4.11
2,769,"School Jacket","Foreign",2,6,35.94,"2005-08-21 09:25:11",4.67
2,770,"Scissorhands Slums","Foreign",3,15,42.88,"2005-08-22 05:59:59",2.93
1,771,"Scorpion Apollo","Drama",3,9,63.92,"2005-08-23 20:06:04",4.67
2,771,"Scorpion Apollo","Drama",4,14,94.87,"2005-08-23 22:19:33",4.29
1,772,"Sea Virgin","Drama",4,13,50.89,"2005-08-23 05:49:21",4.62
2,772,"Sea Virgin","Drama",2,9,33.92,"2005-08-21 08:34:26",3.89
1,773,"Seabiscuit Punk","Sports",4,13,40.88,"2005-08-22 11:39:03",4.77
2,773,"Seabiscuit Punk","Sports",4,13,45.88,"2006-02-14 15:16:03",5.00
1,774,"Searchers Wait","Comedy",4,14,75.86,"2005-08-20 21:26:55",4.57
1,775,"Seattle Expecations","Drama",3,15,71.89,"2005-08-21 08:22:56",4.93
2,775,"Seattle Expecations","Drama",2,9,53.91,"2006-02-14 15:16:03",5.13
1,776,"Secret Groundhog","Documentary",2,9,44.92,"2005-08-22 20:27:38",4.44
2,776,"Secret Groundhog","Documentary",3,12,60.89,"2005-08-18 21:15:40",4.08
1,777,"Secretary Rouge","Sports",3,9,54.91,"2005-08-22 20:20:30",4.56
2,777,"Secretary Rouge","Sports",3,9,57.91,"2005-08-22 23:19:44",5.44
1,778,"Secrets Paradise","Family",4,12,80.89,"2005-08-22 21:01:48",4.25
2,778,"Secrets Paradise","Family",2,8,58.93,"2005-08-21 03:37:42",5.88
2,779,"Sense Greek","Sports",2,7,47.93,"2005-08-23 17:52:01",4.00
2,780,"Sensibility Rear","Family",3,10,52.90,"2005-08-21 14:57:03",3.50
2,781,"Seven Swarm","Games",2,5,30.95,"2005-08-23 04:28:25",4.00
1,782,"Shakespeare Saddle","Sports",3,11,34.91,"2005-08-21 01:42:15",5.55
2,782,"Shakespeare Saddle","Sports",3,11,41.89,"2005-08-22 02:26:33",4.55
1,783,"Shane Darkness","Travel",4,14,52.87,"2005-08-22 07:32:23",4.93
1,784,"Shanghai Tycoon","Travel",3,8,25.92,"2005-08-21 19:01:36",3.38
2,784,"Shanghai Tycoon","Travel",3,6,17.94,"2005-08-20 17:15:06",3.17
1,785,"Shawshank Bubble","Travel",4,12,67.88,"2006-02-14 15:16:03",5.00
2,785,"Shawshank Bubble","Travel",2,7,41.93,"2005-08-21 20:28:26",5.00
1,786,"Shepherd Midsummer","Children",3,12,13.90,"2005-08-19 00:17:09",4.25
2,786,"Shepherd Midsummer","Children",4,13,14.87,"2005-08-23 19:51:29",4.31
1,787,"Shining Roses","Travel",3,8,22.92,"2005-08-23 15:05:59",4.88
1,788,"Ship Wonderland","Documentary",2,8,22.93,"2005-08-18 09:05:15",3.00
2,788,"Ship Wonderland","Documentary",2,7,21.93,"2005-08-22 01:35:37",2.14
1,789,"Shock Cabin","Foreign",4,15,45.86,"2006-02-14 15:16:03",5.23
2,789,"Shock Cabin","Foreign",4,15,50.85,"2005-08-22 19:56:52",4.73
1,790,"Shootist Superfly","Drama",4,11,18.89,"2005-08-23 05:01:13",4.55
2,790,"Shootist Superfly","Drama",3,13,17.88,"2005-08-21 18:17:59",4.46
1,791,"Show Lord","Documentary",2,7,42.93,"2005-08-18 09:11:23",2.86
2,791,"Show Lord","Documentary",4,18,102.85,"2005-08-23 16:58:12",4.00
2,792,"Shrek License","Foreign",3,15,37.88,"2006-02-14 15:16:03",3.07
1,793,"Shrunk Divine","Action",4,14,46.87,"2005-08-23 18:51:41",5.00
1,794,"Side Ark","Action",2,6,16.94,"2005-08-21 18:37:24",6.33
2,794,"Side Ark","Action",2,6,12.94,"2005-08-23 15:01:54",5.17
1,795,"Siege Madre","Family",4,15,16.86,"2005-08-23 06:33:26",4.73
1,796,"Sierra Divide","Sports",2,8,26.92,"2005-08-19 16:12:07",4.50
2,796,"Sierra Divide","Sports",3,7,30.93,"2005-08-23 10:35:45",5.71
1,797,"Silence Kane","Music",2,5,5.95,"2005-08-22 06:26:16",5.60
2,797,"Silence Kane","Music",3,11,9.90,"2005-08-22 20:55:56",4.09
1,798,"Silverado Goldfinger","Sci-Fi",2,5,37.95,"2005-08-20 21:35:58",5.80
2,798,"Silverado Goldfinger","Sci-Fi",2,7,53.93,"2006-02-14 15:16:03",6.50
1,799,"Simon North","Horror",2,6,18.94,"2005-08-23 01:22:12",4.33
1,800,"Sinners Atlantis","Horror",2,8,24.93,"2005-08-21 10:43:04",6.13
2,800,"Sinners Atlantis","Horror",4,14,35.88,"2005-08-22 14:59:30",4.36
NULL,801,"Sister Freddy","Children",0,0,0,NULL,NULL
NULL,802,"Sky Miracle","Action",0,0,0,NULL,NULL
1,803,"Slacker Liaisons","Drama",4,13,66.88,"2005-08-23 13:18:46",4.62
2,803,"Slacker Liaisons","Drama",2,4,19.96,"2005-08-18 17:34:19",2.75
1,804,"Sleeping Suspects","Horror",4,13,66.88,"2006-02-14 15:16:03",4.33
2,804,"Sleeping Suspects","Horror",3,11,54.90,"2005-08-22 08:43:11",4.55
1,805,"Sleepless Monsoon","Animation",2,6,32.94,"2006-02-14 15:16:03",3.80
2,805,"Sleepless Monsoon","Animation",3,14,70.89,"2005-08-23 04:52:16",4.64
1,806,"Sleepy Japanese","New",3,11,47.89,"2005-08-22 10:49:21",4.27
2,806,"Sleepy Japanese","New",2,10,28.94,"2006-02-14 15:16:03",5.22
1,807,"Sleuth Orient","Games",3,13,30.88,"2005-08-20 12:55:43",4.31
2,807,"Sleuth Orient","Games",2,8,17.93,"2005-08-22 08:21:21",4.75
2,808,"Sling Luke","Classics",2,6,14.94,"2005-08-18 20:20:59",4.67
2,809,"Slipper Fidelity","Sports",4,16,24.86,"2005-08-20 05:59:05",4.50
1,810,"Slums Duck","Family",4,14,25.87,"2005-08-22 04:26:38",4.00
2,810,"Slums Duck","Family",3,10,22.91,"2005-08-22 13:59:19",5.70
1,811,"Smile Earring","Travel",3,10,58.90,"2005-08-19 19:11:41",6.20
1,812,"Smoking Barbarella","Documentary",3,10,8.91,"2005-08-22 05:51:26",3.80
2,812,"Smoking Barbarella","Documentary",3,8,8.93,"2006-02-14 15:16:03",3.86
2,813,"Smoochy Control","Sports",4,12,14.88,"2006-02-14 15:16:03",4.55
1,814,"Snatch Slipper","Comedy",3,9,52.92,"2005-08-20 09:07:27",5.44
2,814,"Snatch Slipper","Comedy",4,13,64.88,"2005-08-23 15:34:46",4.92
1,815,"Snatchers Montezuma","Classics",3,9,37.91,"2005-08-23 19:13:46",3.33
1,816,"Snowman Rollercoaster","Animation",4,14,42.87,"2005-08-23 20:08:26",4.64
2,816,"Snowman Rollercoaster","Animation",3,9,22.92,"2005-08-23 06:15:09",4.00
1,817,"Soldiers Evolution","Sci-Fi",2,8,36.93,"2005-08-20 14:06:33",3.38
1,818,"Something Duck","Drama",3,13,84.88,"2005-08-19 20:09:59",5.00
2,818,"Something Duck","Drama",2,6,35.94,"2005-08-20 17:24:45",3.67
1,819,"Song Hedwig","Music",3,11,31.90,"2006-02-14 15:16:03",4.50
1,820,"Sons Interview","Animation",4,11,51.89,"2006-02-14 15:16:03",4.20
2,820,"Sons Interview","Animation",2,4,23.96,"2006-02-14 15:16:03",6.33
2,821,"Sorority Queen","Foreign",4,12,19.88,"2005-08-21 15:24:24",3.50
2,822,"Soup Wisdom","Family",2,8,11.93,"2005-08-20 22:40:47",3.63
1,823,"South Wait","Action",3,11,41.90,"2005-08-21 03:24:50",3.64
2,823,"South Wait","Action",4,11,60.89,"2006-02-14 15:16:03",5.90
2,824,"Spartacus Cheaper","Family",4,9,60.91,"2005-08-21 08:40:21",4.78
1,825,"Speakeasy Date","Action",3,12,41.89,"2005-08-21 17:48:49",4.67
2,826,"Speed Suit","Travel",2,9,44.92,"2005-08-20 14:42:34",4.89
1,827,"Spice Sorority","Drama",2,9,40.92,"2005-08-22 03:06:38",2.67
2,827,"Spice Sorority","Drama",4,11,65.89,"2005-08-23 03:01:56",4.45
2,828,"Spiking Element","Classics",4,13,38.88,"2005-08-22 13:03:52",4.00
1,829,"Spinal Rocky","Family",2,7,21.93,"2005-08-22 17:50:49",5.14
2,829,"Spinal Rocky","Family",3,6,17.94,"2005-08-23 09:38:17",5.50
2,830,"Spirit Flintstones","Horror",4,15,14.86,"2005-08-20 23:18:54",3.60
1,831,"Spirited Casualties","Sci-Fi",3,11,18.90,"2005-08-23 06:21:20",4.73
1,832,"Splash Gump","Family",4,14,33.86,"2005-08-22 09:49:32",5.29
1,833,"Splendor Patton","Children",3,8,15.92,"2005-08-23 14:23:03",4.38
2,833,"Splendor Patton","Children",4,13,24.87,"2005-08-21 16:27:25",4.38
2,834,"Spoilers Hellfighters","Documentary",3,10,18.91,"2005-08-23 10:57:40",4.00
1,835,"Spy Mile","Games",4,14,49.86,"2005-08-22 16:37:36",4.64
2,835,"Spy Mile","Games",4,13,44.87,"2005-08-19 18:45:49",4.46
1,836,"Squad Fish","Sports",3,7,27.93,"2005-08-23 19:42:46",3.14
2,837,"Stage World","Comedy",3,10,46.90,"2005-08-21 04:49:41",4.70
1,838,"Stagecoach Armageddon","Action",2,8,38.93,"2005-08-19 09:51:17",4.50
2,838,"Stagecoach Armageddon","Action",4,18,99.84,"2005-08-23 16:19:02",4.33
2,839,"Stallion Sundance","Sci-Fi",2,7,7.94,"2005-08-23 07:13:43",2.43
1,840,"Stampede Disturbing","Games",4,14,32.86,"2005-08-23 06:19:51",4.64
1,841,"Star Operation","Sports",3,8,31.92,"2006-02-14 15:16:03",5.43
2,841,"Star Operation","Sports",4,13,51.88,"2005-08-22 02:13:48",5.08
1,842,"State Wasteland","Games",2,9,35.93,"2006-02-14 15:16:03",5.50
2,842,"State Wasteland","Games",2,4,19.96,"2005-08-22 21:13:46",4.25
1,843,"Steel Santa","Classics",4,11,68.89,"2005-08-23 17:16:28",4.18
2,843,"Steel Santa","Classics",3,12,67.89,"2005-08-22 07:53:14",3.58
1,844,"Steers Armageddon","Sports",2,8,42.92,"2005-08-21 10:24:54",3.50
2,844,"Steers Armageddon","Sports",2,7,42.93,"2005-08-22 23:11:59",5.57
1,845,"Stepmom Dream","Foreign",4,13,60.88,"2005-08-21 08:42:31",4.15
2,845,"Stepmom Dream","Foreign",3,7,38.93,"2005-08-22 22:12:02",5.86
1,846,"Sting Personal","New",4,10,63.91,"2005-08-23 22:21:03",4.50
2,846,"Sting Personal","New",4,11,85.89,"2005-08-21 23:28:58",5.18
2,847,"Stock Glass","New",4,14,42.87,"2005-08-23 09:23:08",3.14
1,848,"Stone Fire","Travel",3,11,32.90,"2005-08-22 22:49:13",5.00
1,849,"Storm Happiness","Animation",4,15,18.86,"2005-08-22 20:44:35",4.07
2,849,"Storm Happiness","Animation",4,14,23.88,"2005-08-20 10:48:47",4.50
1,850,"Story Side","Action",3,12,12.89,"2005-08-21 10:33:45",3.67
2,850,"Story Side","Action",4,16,22.85,"2005-08-23 17:48:30",3.94
1,851,"Straight Hours","Sports",3,9,25.91,"2005-08-19 13:09:47",3.89
2,851,"Straight Hours","Sports",3,11,29.90,"2005-08-22 16:33:39",3.73
1,852,"Strangelove Desire","Children",4,16,53.86,"2005-08-21 19:12:12",5.94
2,852,"Strangelove Desire","Children",3,8,25.92,"2005-08-21 06:24:55",4.88
1,853,"Stranger Strangers","Children",3,11,65.90,"2005-08-20 15:18:20",4.00
2,854,"Strangers Graffiti","Horror",4,17,104.86,"2005-08-23 11:17:26",5.41
1,855,"Streak Ridgemont","Documentary",2,9,9.93,"2006-02-14 15:16:03",5.63
2,855,"Streak Ridgemont","Documentary",2,7,7.94,"2005-08-22 23:01:45",5.14
1,856,"Streetcar Intentions","Horror",4,11,54.90,"2005-08-23 02:08:18",2.91
2,856,"Streetcar Intentions","Horror",4,14,82.87,"2005-08-22 09:11:48",4.57
1,857,"Strictly Scarface","Comedy",3,12,56.88,"2005-08-19 05:46:26",4.17
2,857,"Strictly Scarface","Comedy",4,11,56.89,"2005-08-23 20:23:08",4.18
2,858,"Submarine Bed","Comedy",4,15,78.87,"2005-08-21 10:22:51",3.60
1,859,"Sugar Wonka","Animation",3,7,42.93,"2005-08-23 03:03:53",3.29
2,859,"Sugar Wonka","Animation",3,10,50.92,"2005-08-22 12:53:22",3.30
NULL,860,"Suicides Silence","Sci-Fi",0,0,0,NULL,NULL
1,861,"Suit Walls","Games",3,9,64.91,"2006-02-14 15:16:03",4.88
2,861,"Suit Walls","Games",3,12,69.90,"2006-02-14 15:16:03",4.27
1,862,"Summer Scarface","Classics",3,9,16.92,"2006-02-14 15:16:03",4.38
2,862,"Summer Scarface","Classics",2,7,15.94,"2005-08-21 01:29:01",4.86
1,863,"Sun Confessions","Sci-Fi",4,13,32.87,"2005-08-21 16:10:50",5.77
2,863,"Sun Confessions","Sci-Fi",3,12,17.90,"2005-08-22 10:07:52",3.67
1,864,"Sundance Invasion","Children",4,12,20.89,"2006-02-14 15:16:03",4.55
2,864,"Sundance Invasion","Children",2,7,15.93,"2005-08-21 12:21:44",4.43
1,865,"Sunrise League","Animation",4,16,109.85,"2005-08-22 11:01:15",4.81
2,865,"Sunrise League","Animation",2,8,45.93,"2005-08-18 15:23:31",3.38
2,866,"Sunset Racer","Family",2,8,11.93,"2005-08-23 09:40:04",4.75
1,867,"Super Wyoming","Family",4,13,78.88,"2005-08-20 17:58:00",5.54
1,868,"Superfly Trip","Travel",3,10,16.91,"2005-08-18 18:58:35",3.40
1,869,"Suspects Quills","Action",4,15,67.85,"2006-02-14 15:16:03",5.00
2,869,"Suspects Quills","Action",3,15,50.88,"2005-08-23 11:08:46",4.20
1,870,"Swarm Gold","Horror",4,9,20.91,"2005-08-23 01:05:00",3.89
2,870,"Swarm Gold","Horror",4,18,43.86,"2006-02-14 15:16:03",4.59
1,871,"Sweden Shining","Comedy",2,9,49.91,"2006-02-14 15:16:03",6.13
2,871,"Sweden Shining","Comedy",3,9,51.92,"2005-08-20 15:39:00",6.11
2,872,"Sweet Brotherhood","Travel",3,15,58.89,"2005-08-23 19:35:42",4.53
1,873,"Sweethearts Suspects","Children",4,16,44.86,"2006-02-14 15:16:03",4.40
2,873,"Sweethearts Suspects","Children",4,13,48.87,"2005-08-23 05:24:55",5.23
NULL,874,"Tadpole Park","Classics",0,0,0,NULL,NULL
1,875,"Talented Homicide","Sports",3,10,11.91,"2005-08-23 03:46:47",3.80
2,875,"Talented Homicide","Sports",4,19,22.85,"2005-08-17 19:59:06",4.26
1,876,"Tarzan Videotape","Horror",2,8,40.92,"2005-08-22 01:32:14",4.13
1,877,"Taxi Kick","Music",3,11,19.89,"2005-08-22 08:27:27",3.36
2,877,"Taxi Kick","Music",2,6,14.94,"2005-08-21 07:32:35",4.83
2,878,"Teen Apollo","Travel",4,17,109.86,"2005-08-21 03:32:03",4.35
1,879,"Telegraph Voyage","Music",4,15,121.86,"2005-08-23 02:49:04",6.33
2,879,"Telegraph Voyage","Music",3,12,93.89,"2005-08-23 08:27:57",5.50
1,880,"Telemark Heartbreakers","Animation",4,11,35.89,"2005-08-19 18:54:26",4.18
2,880,"Telemark Heartbreakers","Animation",4,14,52.87,"2005-08-23 06:19:12",4.29
2,881,"Temple Attraction","Horror",4,12,57.90,"2005-08-23 06:09:44",4.00
1,882,"Tenenbaums Command","Drama",4,13,19.88,"2005-08-22 21:13:51",2.62
2,883,"Tequila Past","Children",2,6,32.94,"2005-08-22 07:48:01",2.67
2,884,"Terminator Club","Music",3,6,39.94,"2005-08-22 06:49:15",5.83
1,885,"Texas Watch","Horror",2,6,5.94,"2005-08-21 21:02:22",2.67
1,886,"Theory Mermaid","Animation",4,11,30.88,"2006-02-14 15:16:03",5.10
1,887,"Thief Pelican","Animation",4,15,75.88,"2005-08-22 14:23:11",5.00
2,887,"Thief Pelican","Animation",2,4,21.96,"2005-08-18 21:43:09",3.25
1,888,"Thin Sagebrush","Documentary",4,11,73.89,"2005-08-21 19:19:21",5.09
1,889,"Ties Hunger","Children",3,11,69.91,"2005-08-23 15:41:20",4.64
1,890,"Tights Dawn","Sports",3,12,17.90,"2005-08-19 08:46:45",3.67
2,890,"Tights Dawn","Sports",4,14,36.86,"2005-08-23 07:07:22",5.71
1,891,"Timberland Sky","Classics",3,14,37.90,"2005-08-21 04:43:59",5.07
2,891,"Timberland Sky","Classics",4,17,64.84,"2005-08-23 00:53:57",5.47
1,892,"Titanic Boondock","Animation",3,10,64.90,"2006-02-14 15:16:03",4.00
2,892,"Titanic Boondock","Animation",4,13,84.88,"2006-02-14 15:16:03",4.08
1,893,"Titans Jerk","Sci-Fi",4,13,94.87,"2005-08-22 12:21:43",5.15
2,893,"Titans Jerk","Sci-Fi",4,16,91.86,"2006-02-14 15:16:03",5.07
1,894,"Tomatoes Hellfighters","Travel",3,7,10.93,"2005-08-21 14:11:19",4.43
2,894,"Tomatoes Hellfighters","Travel",2,7,8.93,"2005-08-19 09:04:24",3.43
1,895,"Tomorrow Hustler","Classics",4,17,63.84,"2005-08-23 22:20:26",3.47
2,895,"Tomorrow Hustler","Classics",3,8,37.92,"2005-08-23 06:54:06",4.13
1,896,"Tootsie Pilot","Children",2,8,16.94,"2005-08-19 09:25:40",4.75
2,896,"Tootsie Pilot","Children",2,7,11.94,"2005-08-22 18:48:42",2.57
1,897,"Torque Bound","Drama",4,15,80.88,"2005-08-19 22:47:34",3.93
2,897,"Torque Bound","Drama",4,12,88.88,"2006-02-14 15:16:03",5.18
1,898,"Tourist Pelican","Sports",3,14,77.88,"2005-08-19 07:08:05",4.07
2,898,"Tourist Pelican","Sports",2,8,48.93,"2005-08-21 12:48:48",5.00
1,899,"Towers Hurricane","Classics",3,11,10.91,"2005-08-18 02:37:07",3.45
1,900,"Town Ark","Foreign",2,7,20.94,"2005-08-18 02:58:40",4.14
2,900,"Town Ark","Foreign",2,7,25.93,"2005-08-22 18:05:21",3.29
1,901,"Tracy Cider","Animation",4,15,38.87,"2005-08-23 14:02:13",4.60
2,901,"Tracy Cider","Animation",3,11,39.89,"2005-08-22 02:42:39",4.64
1,902,"Trading Pinocchio","Sports",4,15,85.86,"2005-08-23 10:20:35",6.00
2,902,"Trading Pinocchio","Sports",3,10,47.91,"2006-02-14 15:16:03",3.44
2,903,"Traffic Hobbit","Travel",2,5,24.95,"2005-08-21 16:24:45",2.80
1,904,"Train Bunch","Horror",2,4,24.96,"2005-08-23 21:56:04",3.00
1,905,"Trainspotting Strangers","Comedy",3,11,46.91,"2005-08-23 19:22:36",4.91
1,906,"Tramp Others","Comedy",2,7,12.93,"2005-08-22 04:34:22",4.14
2,906,"Tramp Others","Comedy",3,13,27.89,"2005-08-22 11:05:34",5.15
1,907,"Translation Summer","Drama",4,15,25.87,"2005-08-20 11:37:56",4.00
1,908,"Trap Guys","Foreign",2,7,58.93,"2005-08-22 23:48:56",5.57
2,908,"Trap Guys","Foreign",2,9,60.92,"2005-08-22 07:52:31",4.44
NULL,909,"Treasure Command","Horror",0,0,0,NULL,NULL
2,910,"Treatment Jekyll","Drama",2,7,6.94,"2005-08-21 04:09:18",2.86
1,911,"Trip Newton","Action",4,15,73.86,"2005-08-23 01:50:53",3.53
2,911,"Trip Newton","Action",4,13,61.88,"2005-08-23 11:37:32",3.62
1,912,"Trojan Tomorrow","Sci-Fi",3,9,27.92,"2005-08-22 05:15:17",2.33
2,912,"Trojan Tomorrow","Sci-Fi",3,10,47.90,"2006-02-14 15:16:03",4.00
1,913,"Troopers Metal","New",4,9,36.91,"2005-08-22 08:06:00",5.44
2,913,"Troopers Metal","New",2,5,9.95,"2005-08-23 07:25:29",3.00
1,914,"Trouble Date","Travel",2,8,18.95,"2006-02-14 15:16:03",4.57
2,914,"Trouble Date","Travel",4,15,51.86,"2005-08-21 19:39:28",4.47
1,915,"Truman Crazy","Action",4,14,64.88,"2005-08-21 01:26:33",5.00
2,915,"Truman Crazy","Action",2,9,39.92,"2005-08-22 21:18:59",2.67
1,916,"Turn Star","Animation",2,9,33.93,"2005-08-22 16:06:23",4.11
2,916,"Turn Star","Animation",2,5,22.95,"2005-08-19 16:48:37",3.00
1,917,"Tuxedo Mile","Sports",3,8,44.92,"2006-02-14 15:16:03",5.14
2,917,"Tuxedo Mile","Sports",2,5,31.95,"2005-08-19 22:01:42",6.00
2,918,"Twisted Pirates","Children",4,11,66.89,"2005-08-23 12:33:41",3.45
1,919,"Tycoon Gathering","Games",4,12,103.88,"2005-08-23 06:18:43",5.92
1,920,"Unbreakable Karate","New",3,14,41.88,"2005-08-22 18:48:48",4.50
2,920,"Unbreakable Karate","New",2,7,34.93,"2005-08-19 01:55:55",6.43
1,921,"Uncut Suicides","Music",2,6,17.94,"2005-08-23 00:31:09",5.67
2,921,"Uncut Suicides","Music",2,8,24.93,"2005-08-23 05:04:33",5.75
1,922,"Undefeated Dalmations","Horror",3,8,40.92,"2005-08-23 13:29:08",3.75
2,922,"Undefeated Dalmations","Horror",4,13,61.89,"2005-08-23 12:10:54",4.31
2,923,"Unfaithful Kill","Drama",3,8,26.92,"2005-08-22 09:03:44",5.00
1,924,"Unforgiven Zoolander","Sci-Fi",2,7,8.94,"2005-08-21 23:33:57",4.71
2,924,"Unforgiven Zoolander","Sci-Fi",3,11,13.90,"2005-08-17 16:10:19",5.09
1,925,"United Pilot","Documentary",3,9,20.93,"2005-08-21 20:49:58",5.22
2,925,"United Pilot","Documentary",2,8,22.92,"2005-08-21 21:50:51",3.88
2,926,"Untouchables Sunrise","Documentary",2,8,28.93,"2005-08-20 16:37:35",5.13
1,927,"Uprising Uptown","Action",4,16,45.87,"2005-08-23 16:54:09",4.69
1,928,"Uptown Young","Children",3,12,29.90,"2005-08-21 14:51:35",2.83
1,929,"Usual Untouchables","Foreign",4,13,65.88,"2005-08-23 16:08:15",3.15
1,930,"Vacation Boondock","Sci-Fi",3,9,30.92,"2005-08-23 11:40:30",3.11
2,930,"Vacation Boondock","Sci-Fi",3,12,58.89,"2005-08-22 22:09:09",5.00
2,931,"Valentine Vanishing","Travel",3,12,12.90,"2005-08-19 07:47:43",5.33
1,932,"Valley Packer","Comedy",2,10,21.93,"2005-08-22 01:10:32",3.80
2,932,"Valley Packer","Comedy",2,5,27.95,"2005-08-20 17:11:58",7.00
1,933,"Vampire Whale","New",3,12,69.89,"2005-08-22 01:52:26",4.42
2,934,"Vanilla Day","Games",3,9,52.91,"2005-08-21 12:47:38",5.44
2,935,"Vanished Garden","New",2,7,14.94,"2006-02-14 15:16:03",5.83
1,936,"Vanishing Rocky","Music",2,5,20.95,"2005-08-23 01:39:05",3.00
2,936,"Vanishing Rocky","Music",4,13,59.88,"2006-02-14 15:16:03",4.75
1,937,"Varsity Trip","New",2,6,17.94,"2005-08-23 05:47:55",3.50
2,937,"Varsity Trip","New",3,10,30.90,"2006-02-14 15:16:03",3.44
1,938,"Velvet Terminator","Comedy",4,18,102.85,"2005-08-23 18:46:44",4.33
2,938,"Velvet Terminator","Comedy",2,8,49.92,"2005-08-19 06:33:00",3.88
2,939,"Vertigo Northwest","Comedy",4,8,37.92,"2005-08-23 15:38:34",4.25
1,940,"Victory Academy","Sports",3,9,12.91,"2005-08-22 23:18:10",3.44
1,941,"Videotape Arsenic","Games",4,18,92.86,"2005-08-22 15:29:15",4.28
2,941,"Videotape Arsenic","Games",3,11,55.90,"2005-08-22 14:33:50",3.18
1,942,"Vietnam Smoochy","Drama",2,6,9.94,"2005-08-21 19:54:11",5.83
2,942,"Vietnam Smoochy","Drama",2,9,11.92,"2005-08-20 16:43:28",3.33
NULL,943,"Villain Desperate","Documentary",0,0,0,NULL,NULL
1,944,"Virgin Daisy","Drama",2,5,25.95,"2005-08-22 09:01:52",4.20
2,944,"Virgin Daisy","Drama",3,12,60.89,"2005-08-22 19:45:57",4.67
1,945,"Virginian Pluto","Documentary",4,13,21.88,"2006-02-14 15:16:03",3.50
2,945,"Virginian Pluto","Documentary",4,16,25.87,"2005-08-22 12:23:59",4.13
2,946,"Virtual Spoilers","Family",4,14,105.87,"2005-08-23 13:22:56",5.79
1,947,"Vision Torque","Foreign",2,7,11.94,"2005-08-22 16:35:47",4.43
1,948,"Voice Peach","New",2,6,13.94,"2005-08-23 04:33:23",5.17
2,948,"Voice Peach","New",4,13,17.89,"2005-08-21 00:28:48",3.92
1,949,"Volcano Texas","Games",4,12,15.89,"2006-02-14 15:16:03",3.64
2,949,"Volcano Texas","Games",2,10,16.92,"2005-08-19 20:18:39",5.30
NULL,950,"Volume House","Classics",0,0,0,NULL,NULL
1,951,"Voyage Legally","Classics",3,11,13.90,"2005-08-23 14:52:50",5.27
2,951,"Voyage Legally","Classics",4,17,28.85,"2005-08-23 22:26:47",4.71
1,952,"Wagon Jaws","Documentary",3,10,33.91,"2005-08-21 12:10:41",6.40
1,953,"Wait Cider","Animation",4,17,53.86,"2005-08-23 14:07:56",5.06
2,953,"Wait Cider","Animation",2,4,19.96,"2005-08-19 18:08:18",6.25
NULL,954,"Wake Jaws","New",0,0,0,NULL,NULL
NULL,955,"Walls Artist","Children",0,0,0,NULL,NULL
1,956,"Wanda Chamber","Games",4,16,76.86,"2006-02-14 15:16:03",4.73
1,957,"War Notting","Foreign",3,8,44.92,"2005-08-23 00:11:52",5.00
2,957,"War Notting","Foreign",2,4,20.96,"2005-08-22 03:15:01",4.50
1,958,"Wardrobe Phantom","Drama",3,12,38.89,"2005-08-19 18:46:33",3.75
2,958,"Wardrobe Phantom","Drama",3,15,41.88,"2005-08-23 15:29:41",4.80
1,959,"Warlock Werewolf","Children",2,6,21.94,"2005-08-19 13:12:28",3.83
2,960,"Wars Pluto","Documentary",3,10,42.90,"2005-08-22 10:34:39",5.10
1,961,"Wash Heavenly","Foreign",3,15,63.88,"2005-08-20 04:45:32",3.80
2,961,"Wash Heavenly","Foreign",2,8,40.92,"2005-08-21 22:53:01",4.88
1,962,"Wasteland Divine","Classics",4,15,40.88,"2005-08-21 11:20:21",4.20
1,963,"Watch Tracy","Animation",2,5,7.95,"2005-08-22 17:41:53",3.20
2,963,"Watch Tracy","Animation",3,11,25.90,"2005-08-22 17:48:28",4.91
1,964,"Waterfront Deliverance","Action",3,8,54.92,"2005-08-21 20:12:30",4.50
2,964,"Waterfront Deliverance","Action",2,9,61.92,"2005-08-20 12:36:42",5.56
1,965,"Watership Frontier","Horror",2,6,13.94,"2005-08-22 11:48:19",5.67
1,966,"Wedding Apollo","Documentary",2,8,18.93,"2006-02-14 15:16:03",4.14
2,966,"Wedding Apollo","Documentary",4,16,52.86,"2005-08-21 03:09:23",5.06
1,967,"Weekend Personal","Sci-Fi",3,11,45.89,"2005-08-22 23:35:41",4.27
2,967,"Weekend Personal","Sci-Fi",2,7,25.94,"2005-08-20 17:20:49",4.57
1,968,"Werewolf Lola","Action",3,14,68.88,"2005-08-23 20:00:30",4.36
1,969,"West Lion","Drama",4,16,92.86,"2005-08-22 07:51:47",4.63
1,970,"Westward Seabiscuit","Classics",3,11,16.89,"2005-08-22 00:36:41",5.45
2,970,"Westward Seabiscuit","Classics",4,15,19.86,"2005-08-23 08:34:10",5.20
1,971,"Whale Bikini","Foreign",4,18,113.85,"2005-08-23 20:08:18",5.67
1,972,"Whisperer Giant","Sci-Fi",3,11,72.90,"2005-08-21 07:44:17",5.55
2,972,"Whisperer Giant","Sci-Fi",3,11,68.90,"2005-08-23 13:41:05",4.55
1,973,"Wife Turn","Documentary",4,17,103.86,"2005-08-22 23:10:49",4.18
2,973,"Wife Turn","Documentary",4,14,94.87,"2005-08-23 14:47:26",4.14
1,974,"Wild Apollo","New",2,6,15.94,"2006-02-14 15:16:03",4.20
1,975,"Willow Tracy","Family",2,6,19.94,"2005-08-22 04:19:23",4.33
2,975,"Willow Tracy","Family",3,10,32.91,"2005-08-23 10:11:40",5.10
1,976,"Wind Phantom","Games",2,8,15.93,"2005-08-18 15:51:12",5.38
2,976,"Wind Phantom","Games",4,15,17.86,"2005-08-23 02:39:56",3.80
2,977,"Window Side","Travel",3,12,50.89,"2006-02-14 15:16:03",4.45
1,978,"Wisdom Worker","Comedy",3,9,29.91,"2005-08-21 03:40:40",4.56
1,979,"Witches Panic","Drama",4,16,79.86,"2005-08-21 08:00:55",4.63
2,979,"Witches Panic","Drama",3,14,66.89,"2005-08-23 09:16:39",5.64
1,980,"Wizard Coldblooded","Music",3,12,70.89,"2005-08-23 10:32:52",3.83
2,980,"Wizard Coldblooded","Music",2,4,19.96,"2005-08-22 11:55:03",2.25
1,981,"Wolves Desire","Travel",3,10,9.90,"2005-08-21 18:09:51",3.00
2,981,"Wolves Desire","Travel",3,11,14.89,"2005-08-21 21:04:42",4.00
1,982,"Women Dorado","Action",3,8,11.93,"2006-02-14 15:16:03",3.14
2,982,"Women Dorado","Action",4,15,26.88,"2005-08-23 17:28:03",4.00
1,983,"Won Dares","Music",3,9,28.91,"2005-08-23 01:44:43",4.56
1,984,"Wonderful Drop","Foreign",2,9,46.92,"2005-08-22 21:24:19",5.44
1,985,"Wonderland Christmas","Sci-Fi",4,15,95.86,"2005-08-23 19:54:24",4.53
2,985,"Wonderland Christmas","Sci-Fi",3,7,46.93,"2005-08-22 09:51:54",3.86
1,986,"Wonka Sea","Animation",4,13,49.87,"2005-08-23 16:07:15",4.23
2,986,"Wonka Sea","Animation",2,5,16.95,"2005-08-23 02:44:49",4.00
1,987,"Words Hunter","Music",2,8,42.93,"2005-08-20 21:19:36",5.00
2,987,"Words Hunter","Music",2,8,30.93,"2005-08-22 18:59:01",4.00
1,988,"Worker Tarzan","Travel",3,8,25.93,"2005-08-22 19:54:26",4.88
2,988,"Worker Tarzan","Travel",2,7,21.93,"2005-08-19 06:22:37",4.71
1,989,"Working Microcosmos","Travel",4,15,88.86,"2005-08-21 15:00:49",4.40
2,989,"Working Microcosmos","Travel",2,10,55.92,"2005-08-23 02:06:01",4.90
2,990,"World Leathernecks","Horror",2,8,24.92,"2006-02-14 15:16:03",4.57
1,991,"Worst Banger","Action",2,6,19.94,"2005-08-23 01:07:37",3.00
2,991,"Worst Banger","Action",3,10,46.91,"2005-08-23 01:13:52",5.60
2,992,"Wrath Mile","Documentary",4,14,22.87,"2005-08-22 20:31:38",4.00
1,993,"Wrong Behavior","Children",4,13,39.87,"2005-08-23 18:54:07",3.85
2,993,"Wrong Behavior","Children",3,7,22.93,"2005-08-23 15:03:13",3.86
1,994,"Wyoming Storm","New",3,13,61.89,"2005-08-23 18:31:40",4.00
1,995,"Yentl Idaho","Horror",4,17,84.85,"2005-08-23 18:50:54",4.12
2,995,"Yentl Idaho","Horror",2,6,37.94,"2005-08-20 10:29:57",4.83
1,996,"Young Language","Documentary",2,7,6.93,"2005-08-23 01:50:31",4.00
1,997,"Youth Kick","Music",2,6,16.94,"2005-08-18 17:31:36",4.67
2,998,"Zhivago Core","Horror",2,9,10.93,"2006-02-14 15:16:03",5.25
1,999,"Zoolander Fiction","Children",2,6,23.94,"2005-08-21 22:41:56",5.33
2,999,"Zoolander Fiction","Children",3,11,42.91,"2005-08-23 08:48:43",5.09
1,1000,"Zorro Ark","Comedy",4,16,108.85,"2005-08-21 17:43:42",4.44
2,1000,"Zorro Ark","Comedy",4,15,90.87,"2005-08-23 17:56:01",3.73
