"customer_id","inventory_id","rental_month","rental_id","total_revenue","average_revenue_per_rental"
1,14,"2005-08-01",1,4.99,4.99
1,108,"2005-07-01",1,2.99,2.99
1,197,"2005-06-01",1,4.99,4.99
1,312,"2005-08-01",1,5.99,5.99
1,726,"2005-06-01",1,4.99,4.99
1,797,"2005-07-01",1,4.99,4.99
1,921,"2005-08-01",1,0.99,0.99
1,1021,"2005-06-01",1,0.99,0.99
1,1092,"2005-07-01",1,4.99,4.99
1,1330,"2005-07-01",1,7.99,7.99
1,1407,"2005-06-01",1,9.99,9.99
1,1440,"2005-08-01",1,0.99,0.99
1,1443,"2005-07-01",1,5.99,5.99
1,1446,"2005-08-01",1,2.99,2.99
1,1449,"2005-08-01",1,1.99,1.99
1,1558,"2005-07-01",1,0.99,0.99
1,2219,"2005-07-01",1,2.99,2.99
1,2269,"2005-08-01",1,2.99,2.99
1,2465,"2005-07-01",1,2.99,2.99
1,2639,"2005-08-01",1,4.99,4.99
1,2785,"2005-06-01",1,5.99,5.99
1,3019,"2005-08-01",1,0.99,0.99
1,3232,"2005-08-01",1,3.99,3.99
1,3486,"2005-07-01",1,5.99,5.99
1,3497,"2005-06-01",1,0.99,0.99
1,3726,"2005-07-01",1,4.99,4.99
1,4249,"2005-08-01",1,0.99,0.99
1,4268,"2005-07-01",1,4.99,4.99
1,4497,"2005-07-01",1,0.99,0.99
1,4566,"2005-06-01",1,3.99,3.99
2,138,"2005-08-01",1,0.99,0.99
2,352,"2005-06-01",1,2.99,2.99
2,488,"2005-07-01",1,5.99,5.99
2,626,"2005-07-01",1,2.99,2.99
2,654,"2005-08-01",1,5.99,5.99
2,741,"2005-07-01",1,4.99,4.99
2,805,"2005-08-01",1,2.99,2.99
2,1149,"2005-08-01",1,6.99,6.99
2,1382,"2005-07-01",1,0.99,0.99
2,1521,"2005-08-01",1,2.99,2.99
2,1937,"2005-07-01",1,5.99,5.99
2,2053,"2005-07-01",1,5.99,5.99
2,2060,"2005-08-01",1,2.99,2.99
2,2179,"2005-08-01",1,4.99,4.99
2,2377,"2005-07-01",1,4.99,4.99
2,2760,"2005-07-01",1,6.99,6.99
2,2898,"2005-08-01",1,4.99,4.99
2,3084,"2005-07-01",1,6.99,6.99
2,3142,"2005-07-01",1,2.99,2.99
2,3164,"2005-08-01",1,4.99,4.99
2,3418,"2005-08-01",1,0.99,0.99
2,4030,"2005-07-01",1,10.99,10.99
2,4038,"2005-07-01",1,5.99,5.99
2,4088,"2005-07-01",1,6.99,6.99
2,4116,"2005-07-01",1,2.99,2.99
2,4570,"2005-08-01",1,5.99,5.99
3,116,"2005-06-01",1,6.99,6.99
3,346,"2005-07-01",1,6.99,6.99
3,390,"2005-07-01",1,4.99,4.99
3,579,"2005-07-01",1,10.99,10.99
3,910,"2005-06-01",1,6.99,6.99
3,1182,"2005-07-01",1,4.99,4.99
3,1427,"2005-08-01",1,8.99,8.99
3,1675,"2005-07-01",1,3.99,3.99
3,1685,"2005-08-01",1,0.99,0.99
3,1704,"2005-07-01",1,4.99,4.99
3,1984,"2005-08-01",1,4.99,4.99
3,2058,"2005-07-01",1,4.99,4.99
3,2150,"2005-07-01",1,7.99,7.99
3,2468,"2005-08-01",1,2.99,2.99
3,2526,"2005-08-01",1,2.99,2.99
3,2575,"2005-07-01",1,5.99,5.99
3,2829,"2005-07-01",1,2.99,2.99
3,3241,"2005-08-01",1,8.99,8.99
3,3261,"2005-07-01",1,2.99,2.99
3,3292,"2005-08-01",1,5.99,5.99
3,3913,"2005-06-01",1,8.99,8.99
3,3917,"2005-06-01",1,2.99,2.99
3,4315,"2005-07-01",1,1.99,1.99
3,4560,"2005-07-01",1,4.99,4.99
4,57,"2005-08-01",1,0.99,0.99
4,97,"2005-06-01",1,0.99,0.99
4,132,"2005-08-01",1,1.99,1.99
4,165,"2005-07-01",1,3.99,3.99
4,185,"2005-06-01",1,2.99,2.99
4,280,"2005-06-01",1,0.99,0.99
4,984,"2005-08-01",1,4.99,4.99
4,1075,"2005-06-01",1,4.99,4.99
4,1976,"2005-08-01",1,2.99,2.99
4,2065,"2005-06-01",1,5.99,5.99
4,2479,"2005-08-01",1,8.99,8.99
4,2495,"2005-06-01",1,0.99,0.99
4,2553,"2005-08-01",1,2.99,2.99
4,2980,"2005-07-01",1,5.99,5.99
4,3071,"2005-08-01",1,4.99,4.99
4,3308,"2005-08-01",1,1.99,1.99
4,3373,"2005-08-01",1,2.99,2.99
4,3587,"2005-07-01",1,2.99,2.99
4,3822,"2005-08-01",1,6.99,6.99
4,4117,"2005-07-01",1,5.99,5.99
4,4311,"2005-08-01",1,2.99,2.99
4,4385,"2005-07-01",1,2.99,2.99
5,28,"2005-07-01",1,2.99,2.99
5,61,"2005-08-01",1,0.99,0.99
5,92,"2005-07-01",1,0.99,0.99
5,111,"2005-07-01",1,3.99,3.99
5,169,"2005-08-01",1,2.99,2.99
5,416,"2005-07-01",1,1.99,1.99
5,600,"2005-07-01",1,4.99,4.99
5,711,"2005-07-01",1,1.99,1.99
5,957,"2005-07-01",1,5.99,5.99
5,1105,"2005-06-01",1,2.99,2.99
5,1183,"2005-06-01",1,4.99,4.99
5,1192,"2005-08-01",1,1.99,1.99
5,1299,"2005-08-01",1,3.99,3.99
5,1434,"2005-07-01",1,4.99,4.99
5,1522,"2005-07-01",1,4.99,4.99
5,1574,"2006-02-01",1,0.99,0.99
5,1595,"2005-08-01",1,2.99,2.99
5,1871,"2005-07-01",1,4.99,4.99
5,2153,"2005-07-01",1,8.99,8.99
5,2177,"2005-08-01",1,6.99,6.99
5,2348,"2005-07-01",1,0.99,0.99
5,2466,"2005-06-01",1,2.99,2.99
5,2587,"2005-08-01",1,4.99,4.99
5,2623,"2005-08-01",1,6.99,6.99
5,3022,"2005-08-01",1,0.99,0.99
5,3277,"2005-06-01",1,3.99,3.99
5,3333,"2005-07-01",1,0.99,0.99
5,3387,"2005-08-01",1,0.99,0.99
5,3482,"2005-08-01",1,9.99,9.99
5,3701,"2005-08-01",1,4.99,4.99
5,4323,"2005-06-01",1,4.99,4.99
5,4364,"2005-07-01",1,3.99,3.99
5,4376,"2005-08-01",1,4.99,4.99
5,4400,"2005-07-01",1,3.99,3.99
5,4463,"2005-07-01",1,2.99,2.99
6,98,"2005-08-01",1,0.99,0.99
6,731,"2005-07-01",1,0.99,0.99
6,1261,"2005-07-01",1,0.99,0.99
6,1291,"2005-08-01",1,5.99,5.99
6,1325,"2005-08-01",1,4.99,4.99
6,1670,"2005-08-01",1,6.99,6.99
6,1686,"2005-07-01",1,0.99,0.99
6,1818,"2005-06-01",1,0.99,0.99
6,1929,"2005-07-01",1,2.99,2.99
6,2085,"2005-06-01",1,0.99,0.99
6,2363,"2005-06-01",1,2.99,2.99
6,2565,"2005-08-01",1,0.99,0.99
6,2686,"2005-07-01",1,7.99,7.99
6,2699,"2005-07-01",1,5.99,5.99
6,2858,"2005-08-01",1,2.99,2.99
6,3136,"2005-07-01",1,2.99,2.99
6,3317,"2005-06-01",1,3.99,3.99
6,3544,"2005-08-01",1,7.99,7.99
6,3617,"2005-08-01",1,2.99,2.99
6,3692,"2005-08-01",1,2.99,2.99
6,3693,"2005-07-01",1,2.99,2.99
6,3804,"2005-07-01",1,0.99,0.99
6,3837,"2005-08-01",1,6.99,6.99
6,3888,"2005-08-01",1,0.99,0.99
6,3952,"2005-08-01",1,3.99,3.99
7,75,"2005-08-01",1,2.99,2.99
7,468,"2005-06-01",1,4.99,4.99
7,714,"2005-08-01",1,5.99,5.99
7,739,"2005-08-01",1,5.99,5.99
7,1393,"2005-07-01",1,2.99,2.99
7,1512,"2005-08-01",1,4.99,4.99
7,1580,"2005-08-01",1,6.99,6.99
7,1822,"2005-08-01",1,8.99,8.99
7,1950,"2005-06-01",1,0.99,0.99
7,2155,"2005-08-01",1,7.99,7.99
7,2272,"2005-08-01",1,3.99,3.99
7,2368,"2005-06-01",1,0.99,0.99
7,2441,"2005-07-01",1,4.99,4.99
7,2812,"2005-07-01",1,5.99,5.99
7,2866,"2005-08-01",1,2.99,2.99
7,2877,"2005-06-01",1,0.99,0.99
7,3024,"2005-07-01",1,2.99,2.99
7,3104,"2005-07-01",1,5.99,5.99
7,3123,"2005-07-01",1,1.99,1.99
7,3424,"2005-08-01",1,0.99,0.99
7,3480,"2005-07-01",1,7.99,7.99
7,3645,"2005-07-01",1,3.99,3.99
7,3913,"2005-07-01",1,8.99,8.99
7,3920,"2005-07-01",1,7.99,7.99
7,3929,"2005-07-01",1,5.99,5.99
7,4042,"2005-06-01",1,2.99,2.99
7,4045,"2005-08-01",1,2.99,2.99
7,4374,"2005-08-01",1,4.99,4.99
8,8,"2005-07-01",1,0.99,0.99
8,172,"2005-08-01",1,2.99,2.99
8,187,"2005-06-01",1,2.99,2.99
8,971,"2005-08-01",1,9.99,9.99
8,1503,"2005-07-01",1,3.99,3.99
8,1841,"2005-07-01",1,0.99,0.99
8,1907,"2005-06-01",1,5.99,5.99
8,1936,"2005-07-01",1,4.99,4.99
8,1979,"2005-07-01",1,2.99,2.99
8,2189,"2005-07-01",1,5.99,5.99
8,2195,"2005-08-01",1,2.99,2.99
8,2270,"2005-08-01",1,0.99,0.99
8,2388,"2005-06-01",1,4.99,4.99
8,2520,"2005-07-01",1,2.99,2.99
8,2522,"2005-07-01",1,2.99,2.99
8,2773,"2005-07-01",1,2.99,2.99
8,2937,"2005-08-01",1,2.99,2.99
8,3153,"2005-07-01",1,3.99,3.99
8,3278,"2005-07-01",1,1.99,1.99
8,3877,"2005-08-01",1,2.99,2.99
8,4054,"2005-07-01",1,0.99,0.99
8,4275,"2005-08-01",1,7.99,7.99
8,4511,"2005-08-01",1,4.99,4.99
9,373,"2005-08-01",1,0.99,0.99
9,397,"2005-08-01",1,4.99,4.99
9,762,"2005-08-01",1,2.99,2.99
9,981,"2006-02-01",1,4.99,4.99
9,1395,"2005-07-01",1,2.99,2.99
9,2052,"2005-07-01",1,2.99,2.99
9,2118,"2005-08-01",1,4.99,4.99
9,2312,"2005-08-01",1,7.99,7.99
9,2435,"2005-08-01",1,0.99,0.99
9,2484,"2005-07-01",1,1.99,1.99
9,2772,"2005-08-01",1,2.99,2.99
9,3150,"2005-08-01",1,5.99,5.99
9,3483,"2005-07-01",1,4.99,4.99
9,3540,"2005-07-01",1,5.99,5.99
9,3773,"2005-06-01",1,4.99,4.99
9,3790,"2005-07-01",1,0.99,0.99
9,3926,"2005-06-01",1,7.99,7.99
9,4127,"2005-07-01",1,4.99,4.99
9,4265,"2005-07-01",1,2.99,2.99
9,4279,"2005-07-01",1,0.99,0.99
10,50,"2005-07-01",1,4.99,4.99
10,67,"2005-08-01",1,5.99,5.99
10,80,"2005-07-01",1,2.99,2.99
10,418,"2005-08-01",1,0.99,0.99
10,749,"2005-07-01",1,1.99,1.99
10,1015,"2005-06-01",1,4.99,4.99
10,1569,"2005-06-01",1,0.99,0.99
10,1711,"2005-07-01",1,3.99,3.99
10,1767,"2005-08-01",1,2.99,2.99
10,1783,"2005-06-01",1,0.99,0.99
10,1866,"2005-06-01",1,4.99,4.99
10,2247,"2005-07-01",1,4.99,4.99
10,2570,"2005-07-01",1,6.99,6.99
10,2793,"2005-08-01",1,2.99,2.99
10,2869,"2005-08-01",1,2.99,2.99
10,2937,"2005-07-01",1,2.99,2.99
10,2968,"2005-07-01",1,0.99,0.99
10,3086,"2005-07-01",1,7.99,7.99
10,3826,"2005-07-01",1,4.99,4.99
10,3834,"2005-06-01",1,3.99,3.99
10,3891,"2005-07-01",1,2.99,2.99
10,4326,"2005-08-01",1,2.99,2.99
10,4430,"2005-08-01",1,8.99,8.99
10,4450,"2005-08-01",1,4.99,4.99
11,478,"2006-02-01",1,0.99,0.99
11,593,"2005-08-01",1,5.99,5.99
11,605,"2005-06-01",1,7.99,7.99
11,638,"2005-08-01",1,6.99,6.99
11,660,"2005-08-01",1,0.99,0.99
11,758,"2005-07-01",1,2.99,2.99
11,800,"2005-07-01",1,5.99,5.99
11,860,"2005-07-01",1,0.99,0.99
11,930,"2005-07-01",1,1.99,1.99
11,1376,"2005-07-01",1,4.99,4.99
11,1385,"2005-08-01",1,4.99,4.99
11,1702,"2005-07-01",1,6.99,6.99
11,2014,"2005-08-01",1,2.99,2.99
11,2339,"2005-07-01",1,4.99,4.99
11,2732,"2005-07-01",1,4.99,4.99
11,2859,"2005-07-01",1,2.99,2.99
11,3015,"2005-07-01",1,9.99,9.99
11,3083,"2005-08-01",1,0.99,0.99
11,3374,"2005-07-01",1,6.99,6.99
11,3713,"2005-06-01",1,0.99,0.99
11,3762,"2005-08-01",1,4.99,4.99
11,4044,"2005-06-01",1,6.99,6.99
11,4470,"2005-08-01",1,0.99,0.99
12,182,"2005-08-01",1,0.99,0.99
12,308,"2005-07-01",1,4.99,4.99
12,436,"2005-08-01",1,0.99,0.99
12,471,"2005-07-01",1,5.99,5.99
12,848,"2005-07-01",1,3.99,3.99
12,1122,"2005-06-01",1,2.99,2.99
12,1379,"2005-07-01",1,0.99,0.99
12,1424,"2005-07-01",1,0.99,0.99
12,1638,"2005-08-01",1,0.99,0.99
12,2875,"2005-07-01",1,0.99,0.99
12,3017,"2005-08-01",1,10.99,10.99
12,3060,"2005-08-01",1,2.99,2.99
12,3179,"2005-07-01",1,0.99,0.99
12,3264,"2005-07-01",1,5.99,5.99
12,3294,"2005-08-01",1,4.99,4.99
12,3346,"2005-07-01",1,2.99,2.99
12,3356,"2005-07-01",1,5.99,5.99
12,3357,"2005-07-01",1,3.99,3.99
12,3529,"2005-06-01",1,5.99,5.99
12,3659,"2005-07-01",1,0.99,0.99
12,3739,"2005-06-01",1,5.99,5.99
12,4127,"2005-08-01",1,4.99,4.99
12,4241,"2005-06-01",1,5.99,5.99
12,4250,"2005-06-01",1,0.99,0.99
12,4358,"2005-07-01",1,0.99,0.99
12,4477,"2005-06-01",1,4.99,4.99
13,170,"2005-07-01",1,2.99,2.99
13,210,"2005-08-01",1,4.99,4.99
13,294,"2005-07-01",1,2.99,2.99
13,360,"2005-07-01",1,0.99,0.99
13,420,"2005-08-01",1,4.99,4.99
13,502,"2005-08-01",1,4.99,4.99
13,624,"2005-06-01",1,8.99,8.99
13,972,"2005-08-01",1,7.99,7.99
13,980,"2005-06-01",1,2.99,2.99
13,1116,"2005-08-01",1,0.99,0.99
13,1296,"2005-07-01",1,2.99,2.99
13,1546,"2005-08-01",1,0.99,0.99
13,1603,"2005-07-01",1,4.99,4.99
13,1644,"2005-08-01",1,0.99,0.99
13,2072,"2005-07-01",1,7.99,7.99
13,2230,"2005-08-01",1,5.99,5.99
13,2441,"2005-06-01",1,4.99,4.99
13,2459,"2005-08-01",1,7.99,7.99
13,2660,"2005-08-01",1,9.99,9.99
13,3013,"2005-07-01",1,8.99,8.99
13,3102,"2005-07-01",1,0.99,0.99
13,3520,"2005-07-01",1,11.99,11.99
13,3759,"2005-06-01",1,2.99,2.99
13,3792,"2005-07-01",1,0.99,0.99
13,3877,"2005-07-01",1,2.99,2.99
13,3969,"2005-07-01",1,9.99,9.99
13,4203,"2005-07-01",1,2.99,2.99
14,27,"2005-08-01",1,6.99,6.99
14,121,"2005-07-01",1,4.99,4.99
14,459,"2005-07-01",1,0.99,0.99
14,573,"2005-07-01",1,4.99,4.99
14,772,"2005-08-01",1,0.99,0.99
14,893,"2005-08-01",1,3.99,3.99
14,1080,"2005-07-01",1,2.99,2.99
14,1147,"2005-08-01",1,4.99,4.99
14,1503,"2005-07-01",1,6.99,6.99
14,1775,"2006-02-01",1,4.99,4.99
14,1828,"2005-07-01",1,2.99,2.99
14,1986,"2005-08-01",1,2.99,2.99
14,2076,"2005-08-01",1,2.99,2.99
14,2109,"2005-07-01",1,0.99,0.99
14,2693,"2005-07-01",1,7.99,7.99
14,3067,"2005-08-01",1,6.99,6.99
14,3265,"2005-07-01",1,4.99,4.99
14,3366,"2005-07-01",1,3.99,3.99
14,3368,"2005-07-01",1,7.99,7.99
14,4107,"2005-06-01",1,4.99,4.99
14,4161,"2005-08-01",1,4.99,4.99
14,4325,"2005-07-01",1,0.99,0.99
14,4439,"2005-08-01",1,0.99,0.99
15,268,"2005-06-01",1,2.99,2.99
15,272,"2005-07-01",1,4.99,4.99
15,331,"2005-08-01",1,2.99,2.99
15,453,"2005-08-01",1,5.99,5.99
15,526,"2006-02-01",1,3.98,3.98
15,529,"2005-07-01",1,2.99,2.99
15,864,"2005-07-01",1,4.99,4.99
15,884,"2005-08-01",1,0.99,0.99
15,958,"2005-08-01",1,5.99,5.99
15,962,"2005-08-01",1,8.99,8.99
15,1363,"2005-08-01",1,4.99,4.99
15,1428,"2005-08-01",1,8.99,8.99
15,1490,"2005-08-01",1,2.99,2.99
15,1614,"2005-08-01",1,2.99,2.99
15,1619,"2005-07-01",1,2.99,2.99
15,1652,"2005-08-01",1,4.99,4.99
15,1745,"2005-08-01",1,0.99,0.99
15,1774,"2005-07-01",1,5.99,5.99
15,1964,"2005-08-01",1,2.99,2.99
15,1998,"2005-06-01",1,5.99,5.99
15,2195,"2005-08-01",1,2.99,2.99
15,2402,"2005-07-01",1,0.99,0.99
15,2411,"2005-08-01",1,2.99,2.99
15,2417,"2005-07-01",1,7.99,7.99
15,2997,"2005-07-01",1,2.99,2.99
15,3488,"2005-08-01",1,4.99,4.99
15,3586,"2005-08-01",1,2.99,2.99
15,3707,"2005-08-01",1,7.99,7.99
15,3715,"2006-02-01",1,0.00,0.00
15,4013,"2005-08-01",1,3.99,3.99
15,4017,"2005-06-01",1,0.99,0.99
15,4453,"2005-07-01",1,6.99,6.99
16,206,"2005-08-01",1,6.99,6.99
16,318,"2005-06-01",1,7.99,7.99
16,453,"2005-07-01",1,4.99,4.99
16,504,"2005-08-01",1,4.99,4.99
16,699,"2005-08-01",1,0.99,0.99
16,2049,"2005-08-01",1,2.99,2.99
16,2166,"2005-07-01",1,2.99,2.99
16,2800,"2005-07-01",1,2.99,2.99
16,2945,"2005-06-01",1,0.99,0.99
16,2975,"2005-07-01",1,3.99,3.99
16,3045,"2005-08-01",1,4.99,4.99
16,3110,"2005-07-01",1,5.99,5.99
16,3191,"2005-08-01",1,2.99,2.99
16,3485,"2005-07-01",1,4.99,4.99
16,3732,"2005-07-01",1,0.99,0.99
16,3970,"2005-06-01",1,7.99,7.99
16,4000,"2005-06-01",1,6.99,6.99
16,4017,"2005-07-01",1,0.99,0.99
16,4134,"2005-08-01",1,7.99,7.99
16,4220,"2005-08-01",1,4.99,4.99
16,4312,"2005-07-01",1,5.99,5.99
16,4452,"2005-08-01",1,8.99,8.99
16,4498,"2005-07-01",1,0.99,0.99
16,4551,"2005-08-01",1,2.99,2.99
17,109,"2005-08-01",1,2.99,2.99
17,214,"2005-07-01",1,8.99,8.99
17,905,"2005-08-01",1,2.99,2.99
17,1052,"2005-08-01",1,2.99,2.99
17,1138,"2005-08-01",1,2.99,2.99
17,1225,"2005-06-01",1,8.99,8.99
17,1877,"2005-07-01",1,8.99,8.99
17,2112,"2005-08-01",1,5.99,5.99
17,2127,"2005-07-01",1,8.99,8.99
17,2550,"2005-07-01",1,2.99,2.99
17,2820,"2005-07-01",1,3.99,3.99
17,3012,"2005-08-01",1,4.99,4.99
17,3642,"2005-07-01",1,1.99,1.99
17,3706,"2005-07-01",1,3.99,3.99
17,3816,"2005-07-01",1,2.99,2.99
17,3828,"2005-06-01",1,5.99,5.99
17,4011,"2005-07-01",1,0.99,0.99
17,4038,"2005-06-01",1,5.99,5.99
18,50,"2005-06-01",1,4.99,4.99
18,238,"2005-08-01",1,0.99,0.99
18,790,"2005-07-01",1,4.99,4.99
18,893,"2005-07-01",1,4.99,4.99
18,904,"2005-08-01",1,1.99,1.99
18,932,"2005-07-01",1,3.99,3.99
18,1214,"2005-07-01",1,0.99,0.99
18,1629,"2005-06-01",1,5.99,5.99
18,1922,"2005-07-01",1,3.99,3.99
18,2050,"2005-07-01",1,2.99,2.99
18,2141,"2005-07-01",1,2.99,2.99
18,2784,"2005-07-01",1,4.99,4.99
18,2897,"2005-08-01",1,4.99,4.99
18,3095,"2005-08-01",1,4.99,4.99
18,3375,"2005-07-01",1,3.99,3.99
18,3560,"2005-06-01",1,5.99,5.99
18,4370,"2005-08-01",1,0.99,0.99
18,4557,"2005-08-01",1,4.99,4.99
18,4559,"2005-06-01",1,8.99,8.99
19,146,"2005-07-01",1,5.99,5.99
19,166,"2005-08-01",1,2.99,2.99
19,205,"2005-08-01",1,8.99,8.99
19,1181,"2005-07-01",1,7.99,7.99
19,1309,"2005-08-01",1,2.99,2.99
19,1484,"2005-08-01",1,9.99,9.99
19,1892,"2005-08-01",1,4.99,4.99
19,2232,"2005-08-01",1,8.99,8.99
19,2333,"2005-07-01",1,9.99,9.99
19,2440,"2005-07-01",1,4.99,4.99
19,2688,"2005-08-01",1,8.99,8.99
19,3449,"2005-06-01",1,2.99,2.99
19,3453,"2005-08-01",1,5.99,5.99
19,3595,"2005-06-01",1,2.99,2.99
19,3612,"2005-06-01",1,2.99,2.99
19,3921,"2005-07-01",1,4.99,4.99
19,4015,"2005-08-01",1,0.99,0.99
19,4021,"2005-07-01",1,0.99,0.99
20,267,"2005-07-01",1,2.99,2.99
20,977,"2005-08-01",1,0.99,0.99
20,1094,"2005-08-01",1,7.99,7.99
20,1238,"2005-07-01",1,5.99,5.99
20,1445,"2005-08-01",1,1.99,1.99
20,1469,"2005-08-01",1,4.99,4.99
20,1931,"2005-07-01",1,4.99,4.99
20,2038,"2005-07-01",1,2.99,2.99
20,2052,"2005-07-01",1,3.99,3.99
20,2152,"2005-07-01",1,6.99,6.99
20,2276,"2005-08-01",1,0.99,0.99
20,2646,"2005-07-01",1,4.99,4.99
20,2651,"2005-06-01",1,3.99,3.99
20,2711,"2005-08-01",1,0.99,0.99
20,2879,"2005-08-01",1,4.99,4.99
20,2907,"2005-08-01",1,2.99,2.99
20,3221,"2005-06-01",1,4.99,4.99
20,3349,"2005-08-01",1,2.99,2.99
20,3406,"2005-08-01",1,1.99,1.99
20,3719,"2005-07-01",1,2.99,2.99
20,3841,"2005-08-01",1,2.99,2.99
20,4265,"2005-07-01",1,2.99,2.99
20,4350,"2005-06-01",1,0.99,0.99
20,4366,"2005-07-01",1,3.99,3.99
20,4431,"2005-08-01",1,4.99,4.99
20,4534,"2005-08-01",1,6.99,6.99
20,4554,"2005-06-01",1,4.99,4.99
21,199,"2005-07-01",1,5.99,5.99
21,369,"2005-08-01",1,4.99,4.99
21,414,"2005-08-01",1,4.99,4.99
21,455,"2005-08-01",1,4.99,4.99
21,510,"2005-08-01",1,8.99,8.99
21,916,"2005-07-01",1,2.99,2.99
21,1130,"2005-08-01",1,0.99,0.99
21,1186,"2006-02-01",1,2.99,2.99
21,1697,"2005-07-01",1,4.99,4.99
21,1779,"2005-08-01",1,0.99,0.99
21,2080,"2005-06-01",1,4.99,4.99
21,2309,"2005-08-01",1,4.99,4.99
21,2431,"2005-07-01",1,0.99,0.99
21,2436,"2005-07-01",1,1.99,1.99
21,2632,"2005-07-01",1,0.99,0.99
21,2744,"2005-08-01",1,2.99,2.99
21,2823,"2005-08-01",1,2.99,2.99
21,3078,"2005-08-01",1,0.99,0.99
21,3143,"2005-06-01",1,2.99,2.99
21,3184,"2005-08-01",1,8.99,8.99
21,3380,"2005-08-01",1,2.99,2.99
21,3435,"2005-07-01",1,6.99,6.99
21,3463,"2005-06-01",1,7.99,7.99
21,3537,"2005-07-01",1,2.99,2.99
21,3601,"2005-08-01",1,6.99,6.99
21,3635,"2005-07-01",1,3.99,3.99
21,3913,"2005-08-01",1,9.99,9.99
21,4178,"2005-06-01",1,10.99,10.99
21,4366,"2005-08-01",1,4.99,4.99
21,4367,"2005-08-01",1,2.99,2.99
21,4380,"2005-06-01",1,4.99,4.99
21,4425,"2005-08-01",1,4.99,4.99
22,247,"2005-08-01",1,5.99,5.99
22,507,"2005-08-01",1,9.99,9.99
22,532,"2005-07-01",1,4.99,4.99
22,1072,"2005-07-01",1,7.99,7.99
22,1159,"2005-07-01",1,4.99,4.99
22,1239,"2005-07-01",1,2.99,2.99
22,1300,"2005-08-01",1,2.99,2.99
22,1789,"2005-07-01",1,0.99,0.99
22,2005,"2005-08-01",1,0.99,0.99
22,2036,"2005-08-01",1,2.99,2.99
22,2379,"2005-08-01",1,6.99,6.99
22,2863,"2005-08-01",1,4.99,4.99
22,2934,"2005-07-01",1,2.99,2.99
22,3237,"2005-07-01",1,6.99,6.99
22,3250,"2005-08-01",1,6.99,6.99
22,3565,"2005-08-01",1,4.99,4.99
22,3949,"2006-02-01",1,4.99,4.99
22,4022,"2005-06-01",1,2.99,2.99
22,4442,"2005-08-01",1,7.99,7.99
23,137,"2005-07-01",1,0.99,0.99
23,171,"2005-07-01",1,7.99,7.99
23,485,"2005-07-01",1,2.99,2.99
23,1061,"2006-02-01",1,2.99,2.99
23,1311,"2005-06-01",1,5.99,5.99
23,1454,"2005-07-01",1,2.99,2.99
23,1510,"2005-06-01",1,4.99,4.99
23,1515,"2005-07-01",1,3.99,3.99
23,1596,"2005-07-01",1,9.99,9.99
23,1715,"2005-06-01",1,2.99,2.99
23,1814,"2005-07-01",1,2.99,2.99
23,2147,"2005-08-01",1,2.99,2.99
23,2290,"2005-08-01",1,0.99,0.99
23,2408,"2005-06-01",1,1.99,1.99
23,2745,"2005-06-01",1,0.99,0.99
23,2747,"2005-07-01",1,3.99,3.99
23,2765,"2005-08-01",1,2.99,2.99
23,2973,"2005-08-01",1,0.99,0.99
23,3048,"2005-07-01",1,5.99,5.99
23,3677,"2005-08-01",1,6.99,6.99
23,3749,"2005-07-01",1,2.99,2.99
23,3814,"2005-08-01",1,2.99,2.99
23,3867,"2005-08-01",1,4.99,4.99
23,3894,"2005-07-01",1,2.99,2.99
23,3934,"2005-07-01",1,6.99,6.99
23,3940,"2005-07-01",1,5.99,5.99
23,4174,"2005-08-01",1,2.99,2.99
24,20,"2005-06-01",1,2.99,2.99
24,262,"2005-08-01",1,2.99,2.99
24,341,"2005-07-01",1,4.99,4.99
24,661,"2005-08-01",1,1.99,1.99
24,727,"2005-08-01",1,4.99,4.99
24,835,"2005-06-01",1,5.99,5.99
24,1244,"2005-07-01",1,2.99,2.99
24,1271,"2005-08-01",1,0.99,0.99
24,1444,"2005-06-01",1,7.99,7.99
24,1565,"2005-07-01",1,0.99,0.99
24,2351,"2005-07-01",1,0.99,0.99
24,2373,"2005-06-01",1,4.99,4.99
24,2437,"2005-08-01",1,4.99,4.99
24,2522,"2005-08-01",1,2.99,2.99
24,2609,"2005-06-01",1,2.99,2.99
24,2657,"2005-07-01",1,4.99,4.99
24,3091,"2005-08-01",1,2.99,2.99
24,3219,"2005-08-01",1,2.99,2.99
24,3379,"2005-07-01",1,1.99,1.99
24,3564,"2005-07-01",1,7.99,7.99
24,3968,"2005-07-01",1,0.99,0.99
24,4215,"2005-08-01",1,8.99,8.99
24,4359,"2005-07-01",1,0.99,0.99
25,77,"2005-07-01",1,2.99,2.99
25,172,"2005-08-01",1,4.99,4.99
25,236,"2005-07-01",1,2.99,2.99
25,342,"2005-08-01",1,0.99,0.99
25,440,"2005-07-01",1,0.99,0.99
25,513,"2005-08-01",1,4.99,4.99
25,523,"2005-08-01",1,5.99,5.99
25,614,"2005-07-01",1,4.99,4.99
25,667,"2005-06-01",1,4.99,4.99
25,763,"2005-07-01",1,2.99,2.99
25,944,"2005-07-01",1,2.99,2.99
25,1146,"2005-06-01",1,4.99,4.99
25,1206,"2005-06-01",1,4.99,4.99
25,1499,"2005-07-01",1,2.99,2.99
25,2827,"2005-08-01",1,2.99,2.99
25,3134,"2005-07-01",1,2.99,2.99
25,3389,"2005-07-01",1,0.99,0.99
25,3439,"2005-07-01",1,2.99,2.99
25,3615,"2005-07-01",1,2.99,2.99
25,3790,"2005-08-01",1,0.99,0.99
25,3813,"2005-06-01",1,2.99,2.99
25,3841,"2005-08-01",1,2.99,2.99
25,3946,"2005-06-01",1,8.99,8.99
25,4095,"2005-07-01",1,8.99,8.99
25,4106,"2005-06-01",1,6.99,6.99
25,4336,"2005-08-01",1,0.99,0.99
25,4428,"2005-08-01",1,5.99,5.99
26,94,"2005-08-01",1,1.99,1.99
26,220,"2005-07-01",1,3.99,3.99
26,297,"2005-08-01",1,5.99,5.99
26,580,"2005-08-01",1,4.99,4.99
26,657,"2005-07-01",1,4.99,4.99
26,663,"2005-07-01",1,0.99,0.99
26,787,"2005-07-01",1,4.99,4.99
26,814,"2005-06-01",1,9.99,9.99
26,936,"2005-07-01",1,6.99,6.99
26,1198,"2005-07-01",1,0.99,0.99
26,1253,"2005-06-01",1,4.99,4.99
26,1339,"2005-07-01",1,2.99,2.99
26,1568,"2005-08-01",1,3.99,3.99
26,1870,"2005-06-01",1,4.99,4.99
26,1888,"2005-08-01",1,4.99,4.99
26,2235,"2005-08-01",1,3.99,3.99
26,2436,"2005-07-01",1,6.99,6.99
26,2790,"2005-08-01",1,2.99,2.99
26,2809,"2005-08-01",1,7.99,7.99
26,2868,"2005-06-01",1,3.99,3.99
26,2921,"2005-06-01",1,5.99,5.99
26,2935,"2005-06-01",1,4.99,4.99
26,3208,"2005-08-01",1,2.99,2.99
26,3389,"2005-07-01",1,0.99,0.99
26,3456,"2005-07-01",1,2.99,2.99
26,3524,"2005-06-01",1,6.99,6.99
26,3532,"2005-07-01",1,2.99,2.99
26,3563,"2005-08-01",1,8.99,8.99
26,3689,"2005-08-01",1,0.99,0.99
26,4297,"2005-07-01",1,4.99,4.99
26,4337,"2005-07-01",1,1.99,1.99
26,4411,"2005-08-01",1,7.99,7.99
27,172,"2005-07-01",1,4.99,4.99
27,273,"2005-08-01",1,4.99,4.99
27,339,"2005-07-01",1,7.99,7.99
27,889,"2005-08-01",1,7.99,7.99
27,1008,"2005-08-01",1,8.99,8.99
27,1020,"2005-08-01",1,0.99,0.99
27,1085,"2005-07-01",1,5.99,5.99
27,1172,"2005-07-01",1,4.99,4.99
27,1263,"2005-07-01",1,1.99,1.99
27,1264,"2005-07-01",1,0.99,0.99
27,1569,"2005-08-01",1,0.99,0.99
27,1725,"2005-07-01",1,5.99,5.99
27,2045,"2005-06-01",1,4.99,4.99
27,2202,"2005-06-01",1,3.99,3.99
27,2441,"2005-08-01",1,6.99,6.99
27,2523,"2005-06-01",1,3.99,3.99
27,2598,"2005-06-01",1,4.99,4.99
27,2771,"2005-08-01",1,2.99,2.99
27,2879,"2005-07-01",1,0.99,0.99
27,2895,"2005-08-01",1,0.99,0.99
27,2919,"2005-06-01",1,1.99,1.99
27,3046,"2005-06-01",1,4.99,4.99
27,3415,"2005-07-01",1,0.99,0.99
27,3640,"2005-07-01",1,0.99,0.99
27,3862,"2005-08-01",1,4.99,4.99
27,3969,"2005-07-01",1,5.99,5.99
27,3977,"2005-08-01",1,5.99,5.99
27,4408,"2005-07-01",1,4.99,4.99
27,4507,"2005-06-01",1,2.99,2.99
27,4515,"2005-06-01",1,2.99,2.99
28,196,"2005-08-01",1,4.99,4.99
28,237,"2005-06-01",1,0.99,0.99
28,305,"2005-08-01",1,3.99,3.99
28,338,"2005-07-01",1,9.99,9.99
28,528,"2005-08-01",1,6.99,6.99
28,738,"2005-07-01",1,2.99,2.99
28,919,"2005-07-01",1,2.99,2.99
28,978,"2005-07-01",1,0.99,0.99
28,1188,"2005-06-01",1,4.99,4.99
28,1223,"2005-07-01",1,4.99,4.99
28,1419,"2005-08-01",1,2.99,2.99
28,2059,"2005-08-01",1,2.99,2.99
28,2291,"2005-07-01",1,0.99,0.99
28,2343,"2005-07-01",1,4.99,4.99
28,2362,"2005-08-01",1,2.99,2.99
28,2383,"2005-07-01",1,2.99,2.99
28,2464,"2005-08-01",1,2.99,2.99
28,2643,"2005-08-01",1,4.99,4.99
28,2766,"2005-07-01",1,4.99,4.99
28,2889,"2005-06-01",1,0.99,0.99
28,2993,"2005-07-01",1,5.99,5.99
28,3448,"2005-08-01",1,2.99,2.99
28,3792,"2005-07-01",1,0.99,0.99
28,3841,"2005-06-01",1,2.99,2.99
28,3987,"2006-02-01",1,2.99,2.99
28,4158,"2005-07-01",1,4.99,4.99
28,4172,"2005-08-01",1,0.99,0.99
28,4339,"2005-06-01",1,3.99,3.99
28,4392,"2005-07-01",1,2.99,2.99
28,4495,"2005-07-01",1,0.99,0.99
29,91,"2005-07-01",1,0.99,0.99
29,109,"2005-06-01",1,2.99,2.99
29,539,"2006-02-01",1,0.99,0.99
29,561,"2005-07-01",1,0.99,0.99
29,624,"2005-08-01",1,5.99,5.99
29,859,"2005-08-01",1,1.99,1.99
29,1009,"2005-08-01",1,6.99,6.99
29,1059,"2005-08-01",1,2.99,2.99
29,1265,"2005-07-01",1,1.99,1.99
29,1304,"2005-08-01",1,2.99,2.99
29,1623,"2005-06-01",1,7.99,7.99
29,1649,"2005-06-01",1,0.99,0.99
29,1862,"2005-08-01",1,0.99,0.99
29,1904,"2005-07-01",1,3.99,3.99
29,2017,"2005-08-01",1,7.99,7.99
29,2100,"2005-07-01",1,4.99,4.99
29,2167,"2005-07-01",1,2.99,2.99
29,2191,"2005-08-01",1,6.99,6.99
29,2382,"2005-07-01",1,6.99,6.99
29,2487,"2005-06-01",1,0.99,0.99
29,2499,"2005-08-01",1,0.99,0.99
29,2724,"2005-08-01",1,5.99,5.99
29,2797,"2005-07-01",1,4.99,4.99
29,2830,"2005-06-01",1,2.99,2.99
29,2992,"2005-07-01",1,0.99,0.99
29,3093,"2005-07-01",1,10.99,10.99
29,3122,"2005-07-01",1,6.99,6.99
29,3185,"2005-08-01",1,4.99,4.99
29,3299,"2005-08-01",1,3.99,3.99
29,3323,"2005-08-01",1,4.99,4.99
29,3587,"2005-08-01",1,2.99,2.99
29,4329,"2005-08-01",1,4.99,4.99
29,4384,"2005-08-01",1,2.99,2.99
29,4550,"2005-06-01",1,2.99,2.99
29,4572,"2005-06-01",1,2.99,2.99
30,82,"2005-08-01",1,2.99,2.99
30,263,"2005-07-01",1,2.99,2.99
30,287,"2005-08-01",1,4.99,4.99
30,610,"2005-08-01",1,2.99,2.99
30,680,"2005-06-01",1,2.99,2.99
30,1085,"2005-07-01",1,0.99,0.99
30,1159,"2005-08-01",1,4.99,4.99
30,1168,"2005-08-01",1,2.99,2.99
30,1225,"2005-07-01",1,4.99,4.99
30,1260,"2005-07-01",1,0.99,0.99
30,1264,"2005-06-01",1,2.99,2.99
30,1655,"2005-06-01",1,4.99,4.99
30,1656,"2005-07-01",1,2.99,2.99
30,1744,"2005-08-01",1,0.99,0.99
30,1853,"2005-07-01",1,4.99,4.99
30,1918,"2005-08-01",1,4.99,4.99
30,1962,"2005-07-01",1,2.99,2.99
30,2187,"2005-07-01",1,4.99,4.99
30,2279,"2005-08-01",1,0.99,0.99
30,2399,"2005-07-01",1,2.99,2.99
30,2549,"2005-07-01",1,2.99,2.99
30,2633,"2005-07-01",1,4.99,4.99
30,2850,"2005-08-01",1,6.99,6.99
30,3199,"2005-07-01",1,2.99,2.99
30,3250,"2005-07-01",1,4.99,4.99
30,3616,"2005-07-01",1,2.99,2.99
30,3884,"2005-06-01",1,1.99,1.99
30,3919,"2005-08-01",1,0.99,0.99
30,4229,"2005-07-01",1,9.99,9.99
30,4334,"2005-07-01",1,0.99,0.99
30,4336,"2005-07-01",1,0.99,0.99
30,4387,"2005-08-01",1,2.99,2.99
30,4531,"2005-07-01",1,5.99,5.99
30,4577,"2005-07-01",1,7.99,7.99
31,184,"2005-06-01",1,0.99,0.99
31,273,"2005-07-01",1,6.99,6.99
31,513,"2005-06-01",1,1.99,1.99
31,600,"2005-08-01",1,4.99,4.99
31,638,"2005-06-01",1,6.99,6.99
31,672,"2005-07-01",1,3.99,3.99
31,845,"2005-07-01",1,2.99,2.99
31,850,"2005-07-01",1,0.99,0.99
31,1418,"2005-07-01",1,3.99,3.99
31,1543,"2005-07-01",1,4.99,4.99
31,1620,"2005-06-01",1,4.99,4.99
31,1758,"2005-06-01",1,1.99,1.99
31,1899,"2005-07-01",1,2.99,2.99
31,1986,"2005-06-01",1,7.99,7.99
31,2021,"2005-07-01",1,9.99,9.99
31,2024,"2005-07-01",1,1.99,1.99
31,2184,"2005-06-01",1,2.99,2.99
31,2253,"2005-06-01",1,4.99,4.99
31,2510,"2005-07-01",1,4.99,4.99
31,2964,"2005-06-01",1,0.99,0.99
31,3063,"2005-06-01",1,0.99,0.99
31,3293,"2005-08-01",1,6.99,6.99
31,3628,"2005-08-01",1,6.99,6.99
31,3679,"2005-07-01",1,4.99,4.99
31,4166,"2005-06-01",1,0.99,0.99
31,4564,"2005-08-01",1,0.99,0.99
32,24,"2005-07-01",1,2.99,2.99
32,343,"2005-06-01",1,1.99,1.99
32,414,"2005-07-01",1,0.99,0.99
32,581,"2005-07-01",1,5.99,5.99
32,785,"2005-07-01",1,6.99,6.99
32,799,"2005-08-01",1,4.99,4.99
32,955,"2005-08-01",1,5.99,5.99
32,1060,"2005-07-01",1,2.99,2.99
32,1347,"2005-07-01",1,2.99,2.99
32,1569,"2005-07-01",1,5.99,5.99
32,1644,"2005-06-01",1,0.99,0.99
32,1801,"2005-07-01",1,2.99,2.99
32,2212,"2005-07-01",1,3.99,3.99
32,2413,"2005-07-01",1,2.99,2.99
32,2447,"2005-07-01",1,2.99,2.99
32,2627,"2005-07-01",1,2.99,2.99
32,2847,"2005-07-01",1,9.99,9.99
32,2871,"2005-07-01",1,0.99,0.99
32,2907,"2005-07-01",1,2.99,2.99
32,3071,"2005-06-01",1,5.99,5.99
32,3369,"2005-08-01",1,8.99,8.99
32,3591,"2005-06-01",1,6.99,6.99
32,3793,"2005-08-01",1,0.99,0.99
32,3884,"2005-08-01",1,1.99,1.99
32,4454,"2005-08-01",1,9.99,9.99
32,4562,"2005-08-01",1,4.99,4.99
33,87,"2005-08-01",1,0.99,0.99
33,323,"2005-08-01",1,2.99,2.99
33,392,"2005-07-01",1,4.99,4.99
33,407,"2006-02-01",1,0.99,0.99
33,495,"2005-07-01",1,1.99,1.99
33,605,"2005-07-01",1,4.99,4.99
33,901,"2005-08-01",1,0.99,0.99
33,1484,"2005-06-01",1,10.99,10.99
33,1509,"2005-08-01",1,4.99,4.99
33,1739,"2005-08-01",1,2.99,2.99
33,1851,"2005-07-01",1,4.99,4.99
33,1983,"2005-08-01",1,5.99,5.99
33,2167,"2005-08-01",1,2.99,2.99
33,2380,"2005-08-01",1,7.99,7.99
33,2437,"2005-07-01",1,0.99,0.99
33,2900,"2005-07-01",1,5.99,5.99
33,3106,"2005-08-01",1,7.99,7.99
33,3400,"2005-07-01",1,4.99,4.99
33,4055,"2005-07-01",1,0.99,0.99
33,4306,"2005-06-01",1,8.99,8.99
34,8,"2005-08-01",1,0.99,0.99
34,94,"2005-06-01",1,0.99,0.99
34,120,"2005-07-01",1,5.99,5.99
34,183,"2005-07-01",1,3.99,3.99
34,376,"2005-07-01",1,2.99,2.99
34,677,"2005-07-01",1,0.99,0.99
34,796,"2005-07-01",1,4.99,4.99
34,814,"2005-08-01",1,5.99,5.99
34,993,"2005-08-01",1,4.99,4.99
34,1425,"2005-06-01",1,4.99,4.99
34,1436,"2005-08-01",1,0.99,0.99
34,1518,"2005-08-01",1,2.99,2.99
34,2032,"2005-08-01",1,2.99,2.99
34,2381,"2005-07-01",1,3.99,3.99
34,2408,"2005-08-01",1,0.99,0.99
34,2639,"2005-08-01",1,4.99,4.99
34,2846,"2005-06-01",1,5.99,5.99
34,3034,"2005-08-01",1,7.99,7.99
34,3265,"2005-07-01",1,4.99,4.99
34,3344,"2005-08-01",1,2.99,2.99
34,3401,"2005-08-01",1,4.99,4.99
34,3449,"2005-07-01",1,2.99,2.99
34,3729,"2005-08-01",1,2.99,2.99
34,4548,"2005-07-01",1,2.99,2.99
35,158,"2005-06-01",1,0.99,0.99
35,311,"2005-08-01",1,2.99,2.99
35,634,"2005-06-01",1,2.99,2.99
35,744,"2005-07-01",1,6.99,6.99
35,910,"2005-07-01",1,5.99,5.99
35,950,"2005-08-01",1,4.99,4.99
35,1245,"2005-08-01",1,7.99,7.99
35,1302,"2005-07-01",1,0.99,0.99
35,1427,"2005-07-01",1,4.99,4.99
35,1481,"2005-08-01",1,4.99,4.99
35,1663,"2005-08-01",1,1.99,1.99
35,1813,"2005-08-01",1,2.99,2.99
35,2028,"2005-07-01",1,4.99,4.99
35,2267,"2005-07-01",1,5.99,5.99
35,2280,"2005-06-01",1,0.99,0.99
35,2611,"2005-06-01",1,2.99,2.99
35,2709,"2005-08-01",1,0.99,0.99
35,2751,"2005-07-01",1,4.99,4.99
35,2840,"2005-06-01",1,4.99,4.99
35,2865,"2005-07-01",1,4.99,4.99
35,3000,"2005-07-01",1,2.99,2.99
35,3121,"2005-07-01",1,4.99,4.99
35,3305,"2005-07-01",1,0.99,0.99
35,3416,"2005-07-01",1,2.99,2.99
35,3547,"2005-07-01",1,6.99,6.99
35,3572,"2005-07-01",1,5.99,5.99
35,3725,"2005-06-01",1,4.99,4.99
35,4080,"2005-07-01",1,2.99,2.99
35,4261,"2005-08-01",1,4.99,4.99
35,4434,"2005-07-01",1,0.99,0.99
36,95,"2005-07-01",1,0.99,0.99
36,303,"2005-07-01",1,4.99,4.99
36,390,"2005-07-01",1,4.99,4.99
36,678,"2005-08-01",1,1.99,1.99
36,1074,"2005-08-01",1,4.99,4.99
36,1662,"2005-06-01",1,0.99,0.99
36,1897,"2005-08-01",1,4.99,4.99
36,2134,"2005-07-01",1,2.99,2.99
36,2138,"2005-07-01",1,6.99,6.99
36,2356,"2005-08-01",1,6.99,6.99
36,2588,"2005-08-01",1,4.99,4.99
36,2828,"2005-07-01",1,6.99,6.99
36,3079,"2005-07-01",1,0.99,0.99
36,3384,"2005-07-01",1,0.99,0.99
36,3397,"2005-08-01",1,4.99,4.99
36,3538,"2005-07-01",1,2.99,2.99
36,3694,"2005-07-01",1,0.99,0.99
36,3811,"2005-08-01",1,2.99,2.99
36,3854,"2005-08-01",1,9.99,9.99
36,3967,"2005-08-01",1,2.99,2.99
36,3991,"2005-07-01",1,0.99,0.99
36,4179,"2005-07-01",1,0.99,0.99
36,4397,"2005-07-01",1,4.99,4.99
36,4501,"2005-08-01",1,0.99,0.99
36,4547,"2005-08-01",1,2.99,2.99
37,119,"2005-06-01",1,3.99,3.99
37,179,"2005-08-01",1,0.99,0.99
37,270,"2005-06-01",1,4.99,4.99
37,531,"2005-07-01",1,5.99,5.99
37,549,"2005-08-01",1,0.99,0.99
37,686,"2005-08-01",1,2.99,2.99
37,751,"2005-06-01",1,1.99,1.99
37,841,"2005-07-01",1,7.99,7.99
37,900,"2005-08-01",1,0.99,0.99
37,965,"2005-08-01",1,7.99,7.99
37,1448,"2005-08-01",1,3.99,3.99
37,2004,"2005-07-01",1,0.99,0.99
37,2057,"2005-08-01",1,2.99,2.99
37,2564,"2005-08-01",1,0.99,0.99
37,2927,"2005-08-01",1,3.99,3.99
37,3490,"2005-08-01",1,4.99,4.99
37,3688,"2005-07-01",1,5.99,5.99
37,4248,"2005-08-01",1,3.99,3.99
37,4521,"2005-08-01",1,8.99,8.99
37,4569,"2005-07-01",1,5.99,5.99
37,4574,"2005-07-01",1,9.99,9.99
38,31,"2005-08-01",1,4.99,4.99
38,325,"2005-07-01",1,4.99,4.99
38,365,"2005-08-01",1,2.99,2.99
38,556,"2005-08-01",1,5.99,5.99
38,616,"2005-06-01",1,4.99,4.99
38,1020,"2005-07-01",1,1.99,1.99
38,1189,"2005-07-01",1,4.99,4.99
38,1278,"2005-07-01",1,0.99,0.99
38,1370,"2005-06-01",1,1.99,1.99
38,1385,"2005-07-01",1,2.99,2.99
38,1963,"2005-08-01",1,2.99,2.99
38,2205,"2005-07-01",1,0.99,0.99
38,2252,"2005-07-01",1,5.99,5.99
38,2274,"2005-07-01",1,5.99,5.99
38,2291,"2005-07-01",1,3.99,3.99
38,2297,"2005-08-01",1,4.99,4.99
38,2342,"2005-06-01",1,1.99,1.99
38,2410,"2005-07-01",1,2.99,2.99
38,2432,"2005-07-01",1,4.99,4.99
38,2634,"2005-08-01",1,6.99,6.99
38,2783,"2005-07-01",1,0.99,0.99
38,2807,"2005-08-01",1,2.99,2.99
38,3239,"2005-07-01",1,4.99,4.99
38,3343,"2005-06-01",1,3.99,3.99
38,3360,"2005-08-01",1,1.99,1.99
38,3474,"2005-07-01",1,2.99,2.99
38,3525,"2005-07-01",1,5.99,5.99
38,3666,"2005-07-01",1,5.99,5.99
38,3964,"2005-08-01",1,0.99,0.99
38,3976,"2005-07-01",1,0.99,0.99
38,4116,"2005-08-01",1,6.99,6.99
38,4352,"2005-08-01",1,3.99,3.99
38,4360,"2005-06-01",1,2.99,2.99
38,4570,"2005-07-01",1,2.99,2.99
39,3,"2005-07-01",1,0.99,0.99
39,93,"2005-08-01",1,0.99,0.99
39,224,"2005-07-01",1,7.99,7.99
39,421,"2005-08-01",1,4.99,4.99
39,479,"2005-07-01",1,1.99,1.99
39,783,"2005-07-01",1,5.99,5.99
39,805,"2005-07-01",1,8.99,8.99
39,909,"2005-06-01",1,4.99,4.99
39,1015,"2005-08-01",1,9.99,9.99
39,1043,"2005-06-01",1,4.99,4.99
39,1251,"2005-07-01",1,7.99,7.99
39,1598,"2005-08-01",1,5.99,5.99
39,1804,"2005-08-01",1,7.99,7.99
39,2003,"2005-07-01",1,2.99,2.99
39,2335,"2005-08-01",1,0.99,0.99
39,2371,"2005-07-01",1,6.99,6.99
39,2537,"2005-08-01",1,4.99,4.99
39,2986,"2005-08-01",1,4.99,4.99
39,3117,"2005-06-01",1,4.99,4.99
39,3197,"2005-07-01",1,6.99,6.99
39,3307,"2005-07-01",1,4.99,4.99
39,3364,"2005-07-01",1,1.99,1.99
39,3367,"2005-06-01",1,5.99,5.99
39,3471,"2005-06-01",1,4.99,4.99
39,3484,"2005-07-01",1,4.99,4.99
39,3772,"2005-07-01",1,2.99,2.99
39,4041,"2005-07-01",1,2.99,2.99
39,4091,"2005-06-01",1,0.99,0.99
39,4215,"2005-07-01",1,4.99,4.99
40,106,"2005-07-01",1,8.99,8.99
40,898,"2005-08-01",1,0.99,0.99
40,1016,"2005-08-01",1,2.99,2.99
40,1033,"2005-08-01",1,2.99,2.99
40,1086,"2005-06-01",1,2.99,2.99
40,1211,"2005-08-01",1,5.99,5.99
40,1436,"2005-08-01",1,6.99,6.99
40,1527,"2005-06-01",1,4.99,4.99
40,1641,"2005-07-01",1,0.99,0.99
40,1856,"2005-07-01",1,6.99,6.99
40,1959,"2005-06-01",1,0.99,0.99
40,2025,"2005-07-01",1,1.99,1.99
40,2034,"2005-08-01",1,2.99,2.99
40,2157,"2005-07-01",1,5.99,5.99
40,2196,"2005-07-01",1,0.99,0.99
40,2495,"2005-07-01",1,3.99,3.99
40,2564,"2005-07-01",1,1.99,1.99
40,2678,"2005-07-01",1,4.99,4.99
40,2961,"2005-08-01",1,6.99,6.99
40,3329,"2005-08-01",1,3.99,3.99
40,3365,"2005-07-01",1,0.99,0.99
40,3624,"2005-08-01",1,9.99,9.99
40,3959,"2005-07-01",1,2.99,2.99
40,4319,"2005-06-01",1,7.99,7.99
40,4497,"2005-08-01",1,0.99,0.99
40,4570,"2005-08-01",1,2.99,2.99
41,231,"2005-07-01",1,2.99,2.99
41,705,"2005-08-01",1,2.99,2.99
41,804,"2005-07-01",1,7.99,7.99
41,913,"2005-07-01",1,4.99,4.99
41,1695,"2005-07-01",1,6.99,6.99
41,1757,"2005-07-01",1,0.99,0.99
41,1935,"2005-06-01",1,4.99,4.99
41,2072,"2005-07-01",1,2.99,2.99
41,2093,"2005-07-01",1,6.99,6.99
41,2232,"2005-08-01",1,4.99,4.99
41,2583,"2005-08-01",1,4.99,4.99
41,2657,"2005-07-01",1,4.99,4.99
41,2682,"2005-08-01",1,5.99,5.99
41,2800,"2005-07-01",1,2.99,2.99
41,2830,"2005-08-01",1,3.99,3.99
41,2845,"2005-07-01",1,9.99,9.99
41,3096,"2005-07-01",1,4.99,4.99
41,3140,"2005-07-01",1,2.99,2.99
41,3177,"2005-07-01",1,1.99,1.99
41,3340,"2005-08-01",1,7.99,7.99
41,3418,"2005-08-01",1,0.99,0.99
41,3611,"2006-02-01",1,2.99,2.99
41,3631,"2005-07-01",1,2.99,2.99
41,4070,"2005-07-01",1,5.99,5.99
41,4432,"2005-06-01",1,7.99,7.99
42,216,"2005-07-01",1,2.99,2.99
42,219,"2005-07-01",1,3.99,3.99
42,229,"2005-06-01",1,2.99,2.99
42,349,"2005-07-01",1,4.99,4.99
42,371,"2005-08-01",1,7.99,7.99
42,673,"2005-07-01",1,0.99,0.99
42,927,"2005-07-01",1,3.99,3.99
42,1138,"2005-07-01",1,3.99,3.99
42,1452,"2005-08-01",1,2.99,2.99
42,1852,"2005-06-01",1,4.99,4.99
42,1979,"2005-07-01",1,6.99,6.99
42,2135,"2005-07-01",1,2.99,2.99
42,2312,"2005-07-01",1,3.99,3.99
42,2611,"2005-08-01",1,2.99,2.99
42,2685,"2005-07-01",1,6.99,6.99
42,2737,"2005-08-01",1,2.99,2.99
42,2778,"2005-07-01",1,2.99,2.99
42,2919,"2005-07-01",1,0.99,0.99
42,3030,"2005-07-01",1,3.99,3.99
42,3124,"2005-06-01",1,0.99,0.99
42,3330,"2006-02-01",1,0.00,0.00
42,3665,"2005-07-01",1,2.99,2.99
42,3689,"2005-07-01",1,5.99,5.99
42,3906,"2005-07-01",1,2.99,2.99
42,3985,"2005-08-01",1,2.99,2.99
42,3989,"2005-06-01",1,3.99,3.99
42,4130,"2006-02-01",1,5.98,5.98
42,4373,"2005-08-01",1,5.99,5.99
42,4512,"2005-08-01",1,4.99,4.99
43,269,"2005-06-01",1,4.99,4.99
43,310,"2005-07-01",1,3.99,3.99
43,431,"2005-07-01",1,4.99,4.99
43,492,"2005-07-01",1,4.99,4.99
43,830,"2005-07-01",1,2.99,2.99
43,963,"2005-08-01",1,6.99,6.99
43,1150,"2005-08-01",1,2.99,2.99
43,2251,"2005-08-01",1,4.99,4.99
43,2599,"2005-08-01",1,4.99,4.99
43,2641,"2005-08-01",1,4.99,4.99
43,2737,"2006-02-01",1,0.00,0.00
43,2765,"2005-07-01",1,4.99,4.99
43,2887,"2005-07-01",1,0.99,0.99
43,3020,"2005-07-01",1,1.99,1.99
43,3139,"2006-02-01",1,3.98,3.98
43,3238,"2005-07-01",1,4.99,4.99
43,3588,"2005-07-01",1,4.99,4.99
43,3589,"2005-07-01",1,4.99,4.99
43,3633,"2005-08-01",1,2.99,2.99
43,4074,"2005-08-01",1,4.99,4.99
43,4299,"2005-07-01",1,2.99,2.99
43,4378,"2005-07-01",1,4.99,4.99
44,6,"2005-07-01",1,0.99,0.99
44,106,"2006-02-01",1,4.99,4.99
44,400,"2005-07-01",1,0.99,0.99
44,696,"2005-07-01",1,6.99,6.99
44,965,"2005-07-01",1,9.99,9.99
44,1075,"2005-07-01",1,8.99,8.99
44,1258,"2005-08-01",1,4.99,4.99
44,1281,"2005-08-01",1,6.99,6.99
44,1358,"2005-07-01",1,4.99,4.99
44,1515,"2005-06-01",1,2.99,2.99
44,1530,"2005-07-01",1,4.99,4.99
44,1632,"2005-07-01",1,6.99,6.99
44,1786,"2005-06-01",1,3.99,3.99
44,2314,"2005-08-01",1,2.99,2.99
44,2333,"2005-07-01",1,4.99,4.99
44,2359,"2005-08-01",1,3.99,3.99
44,2718,"2005-06-01",1,4.99,4.99
44,2958,"2005-06-01",1,3.99,3.99
44,4238,"2005-07-01",1,3.99,3.99
44,4429,"2005-08-01",1,4.99,4.99
44,4515,"2005-08-01",1,2.99,2.99
45,26,"2005-06-01",1,3.99,3.99
45,200,"2005-08-01",1,8.99,8.99
45,299,"2005-07-01",1,2.99,2.99
45,341,"2005-08-01",1,7.99,7.99
45,367,"2005-08-01",1,2.99,2.99
45,493,"2005-06-01",1,0.99,0.99
45,519,"2005-08-01",1,2.99,2.99
45,799,"2005-07-01",1,7.99,7.99
45,952,"2005-06-01",1,4.99,4.99
45,1023,"2005-08-01",1,4.99,4.99
45,1189,"2005-08-01",1,6.99,6.99
45,1577,"2005-07-01",1,9.99,9.99
45,1586,"2005-08-01",1,2.99,2.99
45,1779,"2005-07-01",1,0.99,0.99
45,2053,"2005-06-01",1,4.99,4.99
45,2520,"2005-08-01",1,3.99,3.99
45,2569,"2005-07-01",1,6.99,6.99
45,2597,"2005-08-01",1,4.99,4.99
45,3284,"2005-07-01",1,3.99,3.99
45,3470,"2005-06-01",1,2.99,2.99
45,3511,"2005-08-01",1,6.99,6.99
45,3640,"2005-07-01",1,0.99,0.99
45,4358,"2005-08-01",1,3.99,3.99
45,4422,"2005-07-01",1,2.99,2.99
45,4436,"2005-07-01",1,0.99,0.99
45,4457,"2005-08-01",1,10.99,10.99
46,27,"2005-06-01",1,8.99,8.99
46,152,"2005-08-01",1,5.99,5.99
46,245,"2005-07-01",1,2.99,2.99
46,639,"2005-07-01",1,4.99,4.99
46,904,"2005-08-01",1,2.99,2.99
46,1089,"2005-08-01",1,4.99,4.99
46,1347,"2005-06-01",1,2.99,2.99
46,1529,"2005-06-01",1,4.99,4.99
46,1590,"2005-08-01",1,5.99,5.99
46,1923,"2005-08-01",1,0.99,0.99
46,1974,"2005-08-01",1,0.99,0.99
46,2030,"2005-08-01",1,2.99,2.99
46,2366,"2005-08-01",1,4.99,4.99
46,2508,"2005-06-01",1,4.99,4.99
46,2557,"2005-07-01",1,3.99,3.99
46,2635,"2005-08-01",1,4.99,4.99
46,2706,"2005-07-01",1,0.99,0.99
46,2850,"2005-08-01",1,0.99,0.99
46,2931,"2005-07-01",1,2.99,2.99
46,3198,"2005-07-01",1,4.99,4.99
46,3303,"2005-06-01",1,0.99,0.99
46,3318,"2005-08-01",1,4.99,4.99
46,4032,"2005-08-01",1,4.99,4.99
46,4043,"2005-08-01",1,2.99,2.99
46,4245,"2005-08-01",1,4.99,4.99
46,4293,"2005-07-01",1,2.99,2.99
46,4305,"2005-08-01",1,6.99,6.99
46,4478,"2005-08-01",1,4.99,4.99
46,4482,"2005-06-01",1,4.99,4.99
46,4521,"2005-07-01",1,8.99,8.99
46,4534,"2005-06-01",1,4.99,4.99
47,75,"2005-07-01",1,3.99,3.99
47,105,"2005-07-01",1,9.99,9.99
47,186,"2005-07-01",1,6.99,6.99
47,265,"2005-08-01",1,7.99,7.99
47,860,"2005-06-01",1,5.99,5.99
47,1118,"2005-07-01",1,4.99,4.99
47,1400,"2005-06-01",1,4.99,4.99
47,1402,"2005-07-01",1,5.99,5.99
47,1671,"2005-08-01",1,5.99,5.99
47,2755,"2005-07-01",1,0.99,0.99
47,3310,"2005-08-01",1,0.99,0.99
47,3621,"2005-07-01",1,0.99,0.99
47,3635,"2005-08-01",1,2.99,2.99
47,3883,"2005-08-01",1,0.99,0.99
47,3967,"2005-07-01",1,3.99,3.99
47,4068,"2005-07-01",1,4.99,4.99
47,4095,"2005-08-01",1,7.99,7.99
47,4424,"2005-07-01",1,4.99,4.99
47,4576,"2005-06-01",1,6.99,6.99
48,66,"2005-07-01",1,2.99,2.99
48,243,"2005-07-01",1,3.99,3.99
48,456,"2005-07-01",1,6.99,6.99
48,1194,"2005-08-01",1,1.99,1.99
48,2123,"2005-07-01",1,6.99,6.99
48,2201,"2005-08-01",1,2.99,2.99
48,2424,"2005-07-01",1,7.99,7.99
48,2485,"2005-08-01",1,3.99,3.99
48,2498,"2005-07-01",1,4.99,4.99
48,2615,"2005-08-01",1,2.99,2.99
48,3599,"2005-06-01",1,0.99,0.99
48,4036,"2005-06-01",1,9.99,9.99
48,4058,"2005-07-01",1,7.99,7.99
48,4529,"2005-07-01",1,2.99,2.99
49,25,"2005-07-01",1,4.99,4.99
49,212,"2005-06-01",1,4.99,4.99
49,383,"2005-06-01",1,0.99,0.99
49,476,"2005-08-01",1,0.99,0.99
49,711,"2005-07-01",1,0.99,0.99
49,877,"2005-08-01",1,2.99,2.99
49,1254,"2005-07-01",1,6.99,6.99
49,1258,"2005-07-01",1,4.99,4.99
49,1321,"2005-08-01",1,5.99,5.99
49,1808,"2005-07-01",1,8.99,8.99
49,2007,"2005-07-01",1,2.99,2.99
49,2384,"2005-08-01",1,2.99,2.99
49,2470,"2005-08-01",1,6.99,6.99
49,2645,"2005-07-01",1,10.99,10.99
49,2758,"2005-08-01",1,2.99,2.99
49,3011,"2005-07-01",1,4.99,4.99
49,3234,"2005-07-01",1,4.99,4.99
49,3249,"2005-06-01",1,9.99,9.99
49,3293,"2005-07-01",1,7.99,7.99
49,3315,"2005-07-01",1,0.99,0.99
49,3325,"2005-06-01",1,6.99,6.99
49,3624,"2005-07-01",1,4.99,4.99
49,3691,"2005-06-01",1,0.99,0.99
49,3766,"2005-07-01",1,4.99,4.99
50,29,"2005-08-01",1,7.99,7.99
50,62,"2005-07-01",1,0.99,0.99
50,215,"2005-07-01",1,8.99,8.99
50,277,"2005-07-01",1,4.99,4.99
50,338,"2005-08-01",1,4.99,4.99
50,549,"2005-06-01",1,0.99,0.99
50,757,"2005-07-01",1,6.99,6.99
50,1299,"2005-06-01",1,2.99,2.99
50,1414,"2005-07-01",1,0.99,0.99
50,1915,"2005-07-01",1,0.99,0.99
50,2169,"2005-07-01",1,5.99,5.99
50,2346,"2005-08-01",1,4.99,4.99
50,2437,"2005-06-01",1,2.99,2.99
50,2467,"2005-08-01",1,2.99,2.99
50,2532,"2005-08-01",1,7.99,7.99
50,2599,"2005-08-01",1,3.99,3.99
50,2626,"2005-07-01",1,10.99,10.99
50,2943,"2005-07-01",1,0.99,0.99
50,3028,"2005-07-01",1,2.99,2.99
50,3113,"2005-08-01",1,4.99,4.99
50,3370,"2005-07-01",1,4.99,4.99
50,3413,"2005-06-01",1,4.99,4.99
50,3476,"2005-07-01",1,0.99,0.99
50,3568,"2005-07-01",1,4.99,4.99
50,3737,"2005-08-01",1,6.99,6.99
50,3860,"2005-07-01",1,4.99,4.99
50,3995,"2005-08-01",1,6.99,6.99
50,4132,"2005-07-01",1,6.99,6.99
50,4176,"2005-07-01",1,9.99,9.99
50,4302,"2005-07-01",1,2.99,2.99
51,202,"2005-07-01",1,5.99,5.99
51,208,"2005-07-01",1,9.99,9.99
51,284,"2005-06-01",1,1.99,1.99
51,336,"2005-07-01",1,5.99,5.99
51,344,"2005-07-01",1,4.99,4.99
51,418,"2005-06-01",1,0.99,0.99
51,567,"2005-08-01",1,4.99,4.99
51,579,"2005-08-01",1,4.99,4.99
51,598,"2005-08-01",1,0.99,0.99
51,917,"2005-07-01",1,0.99,0.99
51,1450,"2005-08-01",1,2.99,2.99
51,1572,"2005-07-01",1,6.99,6.99
51,1588,"2005-07-01",1,0.99,0.99
51,1723,"2005-08-01",1,0.99,0.99
51,1795,"2005-08-01",1,4.99,4.99
51,1918,"2005-08-01",1,2.99,2.99
51,2896,"2005-07-01",1,4.99,4.99
51,2920,"2005-07-01",1,0.99,0.99
51,3173,"2005-08-01",1,0.99,0.99
51,3245,"2005-08-01",1,2.99,2.99
51,3309,"2005-08-01",1,6.99,6.99
51,3552,"2005-08-01",1,4.99,4.99
51,3562,"2005-08-01",1,4.99,4.99
51,3707,"2005-07-01",1,2.99,2.99
51,3770,"2005-08-01",1,2.99,2.99
51,3824,"2005-08-01",1,6.99,6.99
51,4041,"2005-08-01",1,2.99,2.99
51,4071,"2005-08-01",1,4.99,4.99
51,4283,"2005-07-01",1,7.99,7.99
51,4411,"2005-07-01",1,5.99,5.99
52,547,"2005-08-01",1,0.99,0.99
52,658,"2005-07-01",1,3.99,3.99
52,681,"2005-08-01",1,0.99,0.99
52,687,"2005-07-01",1,4.99,4.99
52,782,"2005-07-01",1,4.99,4.99
52,840,"2005-08-01",1,2.99,2.99
52,917,"2005-08-01",1,3.99,3.99
52,994,"2005-06-01",1,4.99,4.99
52,1262,"2005-08-01",1,0.99,0.99
52,1364,"2005-07-01",1,5.99,5.99
52,1409,"2005-08-01",1,2.99,2.99
52,1447,"2005-08-01",1,5.99,5.99
52,1575,"2005-06-01",1,4.99,4.99
52,1684,"2005-07-01",1,0.99,0.99
52,1885,"2005-07-01",1,3.99,3.99
52,2168,"2005-08-01",1,5.99,5.99
52,2220,"2005-07-01",1,4.99,4.99
52,2336,"2005-07-01",1,0.99,0.99
52,2463,"2005-06-01",1,0.99,0.99
52,2574,"2005-07-01",1,7.99,7.99
52,2835,"2005-08-01",1,5.99,5.99
52,3274,"2005-08-01",1,6.99,6.99
52,3360,"2005-08-01",1,0.99,0.99
52,3895,"2005-07-01",1,1.99,1.99
52,4158,"2006-02-01",1,4.99,4.99
52,4160,"2005-07-01",1,4.99,4.99
52,4257,"2005-07-01",1,2.99,2.99
52,4260,"2005-06-01",1,2.99,2.99
53,73,"2005-08-01",1,2.99,2.99
53,129,"2005-08-01",1,5.99,5.99
53,291,"2005-06-01",1,0.99,0.99
53,357,"2005-07-01",1,2.99,2.99
53,1197,"2005-08-01",1,2.99,2.99
53,1241,"2005-07-01",1,2.99,2.99
53,1613,"2005-08-01",1,0.99,0.99
53,1826,"2005-08-01",1,3.99,3.99
53,2346,"2006-02-01",1,0.00,0.00
53,2523,"2005-08-01",1,2.99,2.99
53,2622,"2005-08-01",1,4.99,4.99
53,2791,"2005-07-01",1,2.99,2.99
53,2923,"2005-06-01",1,2.99,2.99
53,2936,"2005-06-01",1,2.99,2.99
53,3043,"2006-02-01",1,7.98,7.98
53,3304,"2005-08-01",1,0.99,0.99
53,3390,"2005-06-01",1,0.99,0.99
53,3521,"2005-07-01",1,4.99,4.99
53,3580,"2005-06-01",1,2.99,2.99
53,3627,"2005-07-01",1,7.99,7.99
53,3780,"2005-08-01",1,5.99,5.99
53,3858,"2005-07-01",1,4.99,4.99
53,4122,"2005-08-01",1,5.99,5.99
53,4332,"2005-07-01",1,4.99,4.99
54,35,"2005-08-01",1,4.99,4.99
54,135,"2005-07-01",1,0.99,0.99
54,207,"2005-06-01",1,6.99,6.99
54,318,"2005-08-01",1,10.99,10.99
54,433,"2005-07-01",1,2.99,2.99
54,533,"2005-06-01",1,4.99,4.99
54,605,"2005-08-01",1,4.99,4.99
54,641,"2005-08-01",1,4.99,4.99
54,751,"2005-07-01",1,1.99,1.99
54,1002,"2005-07-01",1,4.99,4.99
54,1019,"2005-06-01",1,2.99,2.99
54,1349,"2005-08-01",1,5.99,5.99
54,1691,"2005-07-01",1,7.99,7.99
54,1954,"2005-06-01",1,4.99,4.99
54,1975,"2005-08-01",1,0.99,0.99
54,2506,"2005-08-01",1,4.99,4.99
54,2965,"2005-08-01",1,0.99,0.99
54,3151,"2005-08-01",1,2.99,2.99
54,3290,"2005-08-01",1,2.99,2.99
54,3541,"2005-08-01",1,2.99,2.99
54,4067,"2005-08-01",1,5.99,5.99
54,4216,"2005-07-01",1,2.99,2.99
54,4303,"2005-07-01",1,2.99,2.99
54,4372,"2005-08-01",1,4.99,4.99
54,4374,"2005-08-01",1,5.99,5.99
54,4478,"2005-07-01",1,4.99,4.99
55,47,"2005-08-01",1,6.99,6.99
55,927,"2005-08-01",1,1.99,1.99
55,1135,"2005-07-01",1,4.99,4.99
55,1218,"2005-08-01",1,1.99,1.99
55,1749,"2005-06-01",1,2.99,2.99
55,1822,"2005-07-01",1,6.99,6.99
55,2139,"2005-07-01",1,4.99,4.99
55,2195,"2005-06-01",1,2.99,2.99
55,2326,"2005-07-01",1,2.99,2.99
55,2345,"2005-08-01",1,4.99,4.99
55,2608,"2005-08-01",1,2.99,2.99
55,2715,"2005-08-01",1,4.99,4.99
55,2847,"2005-07-01",1,5.99,5.99
55,2908,"2005-06-01",1,2.99,2.99
55,3295,"2005-06-01",1,4.99,4.99
55,3759,"2005-07-01",1,2.99,2.99
55,3920,"2005-08-01",1,4.99,4.99
55,4128,"2005-07-01",1,7.99,7.99
55,4210,"2005-06-01",1,4.99,4.99
56,57,"2005-08-01",1,1.99,1.99
56,313,"2005-08-01",1,6.99,6.99
56,369,"2005-07-01",1,4.99,4.99
56,536,"2005-06-01",1,6.99,6.99
56,678,"2005-07-01",1,0.99,0.99
56,820,"2005-08-01",1,8.99,8.99
56,1373,"2005-07-01",1,2.99,2.99
56,1451,"2005-08-01",1,4.99,4.99
56,1505,"2005-08-01",1,4.99,4.99
56,1562,"2005-06-01",1,4.99,4.99
56,1586,"2005-06-01",1,0.99,0.99
56,1602,"2005-08-01",1,7.99,7.99
56,1636,"2005-07-01",1,0.99,0.99
56,2083,"2006-02-01",1,4.99,4.99
56,2361,"2005-08-01",1,5.99,5.99
56,2395,"2005-06-01",1,0.99,0.99
56,2454,"2005-07-01",1,3.99,3.99
56,2514,"2005-08-01",1,0.99,0.99
56,2593,"2005-07-01",1,4.99,4.99
56,2624,"2005-07-01",1,7.99,7.99
56,2868,"2005-08-01",1,5.99,5.99
56,2996,"2005-07-01",1,2.99,2.99
56,3463,"2005-07-01",1,7.99,7.99
56,3988,"2005-08-01",1,3.99,3.99
56,4271,"2005-08-01",1,4.99,4.99
56,4438,"2005-08-01",1,0.99,0.99
57,37,"2005-06-01",1,4.99,4.99
57,70,"2005-07-01",1,4.99,4.99
57,425,"2005-08-01",1,9.99,9.99
57,595,"2005-07-01",1,1.99,1.99
57,630,"2005-06-01",1,7.99,7.99
57,716,"2005-08-01",1,0.99,0.99
57,946,"2005-08-01",1,9.99,9.99
57,1124,"2005-07-01",1,1.99,1.99
57,1324,"2005-06-01",1,5.99,5.99
57,1540,"2005-07-01",1,2.99,2.99
57,1692,"2005-07-01",1,4.99,4.99
57,1734,"2005-07-01",1,0.99,0.99
57,2528,"2005-06-01",1,0.99,0.99
57,2675,"2005-07-01",1,4.99,4.99
57,2708,"2005-07-01",1,0.99,0.99
57,2779,"2005-07-01",1,0.99,0.99
57,2886,"2005-07-01",1,4.99,4.99
57,3068,"2005-08-01",1,0.99,0.99
57,3260,"2005-07-01",1,2.99,2.99
57,3331,"2005-07-01",1,5.99,5.99
57,3361,"2005-08-01",1,5.99,5.99
57,3476,"2005-07-01",1,0.99,0.99
57,3693,"2005-08-01",1,0.99,0.99
57,4090,"2005-06-01",1,0.99,0.99
57,4135,"2005-07-01",1,4.99,4.99
57,4317,"2005-07-01",1,4.99,4.99
58,438,"2005-07-01",1,2.99,2.99
58,674,"2005-08-01",1,3.99,3.99
58,780,"2005-08-01",1,4.99,4.99
58,1079,"2005-07-01",1,2.99,2.99
58,1087,"2005-06-01",1,0.99,0.99
58,1181,"2005-08-01",1,4.99,4.99
58,1417,"2005-08-01",1,8.99,8.99
58,1431,"2005-08-01",1,4.99,4.99
58,1729,"2005-06-01",1,0.99,0.99
58,1848,"2005-08-01",1,6.99,6.99
58,1993,"2005-07-01",1,1.99,1.99
58,2015,"2005-07-01",1,4.99,4.99
58,2056,"2005-08-01",1,5.99,5.99
58,2085,"2005-08-01",1,0.99,0.99
58,2125,"2005-07-01",1,9.99,9.99
58,2323,"2005-07-01",1,0.99,0.99
58,2473,"2005-08-01",1,6.99,6.99
58,2621,"2005-07-01",1,4.99,4.99
58,2896,"2005-08-01",1,6.99,6.99
58,3320,"2006-02-01",1,0.99,0.99
58,3369,"2005-06-01",1,4.99,4.99
58,3585,"2005-08-01",1,2.99,2.99
58,4000,"2005-07-01",1,4.99,4.99
58,4451,"2005-07-01",1,4.99,4.99
59,108,"2005-06-01",1,2.99,2.99
59,260,"2005-07-01",1,2.99,2.99
59,347,"2005-08-01",1,5.99,5.99
59,381,"2005-07-01",1,4.99,4.99
59,470,"2005-07-01",1,4.99,4.99
59,967,"2005-07-01",1,8.99,8.99
59,1133,"2005-07-01",1,4.99,4.99
59,1155,"2005-08-01",1,4.99,4.99
59,1178,"2005-07-01",1,4.99,4.99
59,1366,"2005-06-01",1,3.99,3.99
59,1785,"2005-06-01",1,3.99,3.99
59,1787,"2005-07-01",1,3.99,3.99
59,2358,"2005-07-01",1,4.99,4.99
59,2364,"2005-08-01",1,4.99,4.99
59,3032,"2005-08-01",1,2.99,2.99
59,3399,"2005-07-01",1,8.99,8.99
59,3496,"2005-07-01",1,3.99,3.99
59,3631,"2005-08-01",1,2.99,2.99
59,3723,"2005-08-01",1,5.99,5.99
59,3745,"2005-07-01",1,6.99,6.99
59,3943,"2005-08-01",1,4.99,4.99
59,4093,"2005-08-01",1,5.99,5.99
59,4232,"2005-08-01",1,5.99,5.99
59,4373,"2005-08-01",1,2.99,2.99
60,387,"2006-02-01",1,9.98,9.98
60,415,"2005-08-01",1,2.99,2.99
60,569,"2005-08-01",1,4.99,4.99
60,612,"2006-02-01",1,0.00,0.00
60,870,"2005-07-01",1,0.99,0.99
60,1738,"2005-08-01",1,2.99,2.99
60,1903,"2005-08-01",1,5.99,5.99
60,2090,"2005-07-01",1,3.99,3.99
60,2233,"2005-08-01",1,7.99,7.99
60,2259,"2005-07-01",1,0.99,0.99
60,2498,"2005-08-01",1,0.99,0.99
60,2669,"2005-06-01",1,4.99,4.99
60,2706,"2005-08-01",1,1.99,1.99
60,2735,"2005-07-01",1,2.99,2.99
60,2941,"2005-08-01",1,0.99,0.99
60,3285,"2005-08-01",1,8.99,8.99
60,3534,"2005-08-01",1,2.99,2.99
60,3660,"2005-07-01",1,2.99,2.99
60,3778,"2005-07-01",1,4.99,4.99
60,3980,"2005-06-01",1,4.99,4.99
60,4188,"2005-07-01",1,4.99,4.99
60,4453,"2005-07-01",1,5.99,5.99
61,135,"2005-08-01",1,0.99,0.99
61,209,"2005-08-01",1,9.99,9.99
61,251,"2005-08-01",1,2.99,2.99
61,2095,"2005-07-01",1,3.99,3.99
61,2175,"2005-07-01",1,4.99,4.99
61,2813,"2005-08-01",1,1.99,1.99
61,2874,"2005-08-01",1,0.99,0.99
61,3280,"2005-07-01",1,7.99,7.99
61,3288,"2005-08-01",1,6.99,6.99
61,3317,"2005-07-01",1,6.99,6.99
61,3719,"2005-08-01",1,0.99,0.99
61,4273,"2005-07-01",1,6.99,6.99
61,4361,"2005-07-01",1,1.99,1.99
62,64,"2005-08-01",1,0.99,0.99
62,120,"2005-06-01",1,4.99,4.99
62,847,"2005-06-01",1,0.99,0.99
62,877,"2005-08-01",1,2.99,2.99
62,1223,"2005-06-01",1,5.99,5.99
62,1611,"2005-08-01",1,1.99,1.99
62,1781,"2005-06-01",1,0.99,0.99
62,2531,"2005-08-01",1,5.99,5.99
62,2978,"2005-08-01",1,2.99,2.99
62,3083,"2005-06-01",1,3.99,3.99
62,3155,"2005-08-01",1,4.99,4.99
62,3195,"2005-07-01",1,2.99,2.99
62,3235,"2005-08-01",1,6.99,6.99
62,3429,"2005-08-01",1,0.99,0.99
62,3625,"2005-07-01",1,4.99,4.99
62,3844,"2005-07-01",1,2.99,2.99
62,4135,"2005-07-01",1,4.99,4.99
62,4355,"2005-07-01",1,0.99,0.99
62,4377,"2005-06-01",1,6.99,6.99
62,4406,"2005-06-01",1,0.99,0.99
62,4508,"2005-08-01",1,8.99,8.99
63,211,"2005-07-01",1,4.99,4.99
63,320,"2005-08-01",1,2.99,2.99
63,346,"2005-07-01",1,8.99,8.99
63,430,"2005-08-01",1,8.99,8.99
63,572,"2005-08-01",1,6.99,6.99
63,657,"2005-08-01",1,3.99,3.99
63,1218,"2005-06-01",1,0.99,0.99
63,1381,"2005-07-01",1,0.99,0.99
63,1387,"2005-08-01",1,4.99,4.99
63,1408,"2005-08-01",1,2.99,2.99
63,1687,"2005-07-01",1,3.99,3.99
63,1707,"2005-07-01",1,4.99,4.99
63,1783,"2005-08-01",1,0.99,0.99
63,2005,"2005-07-01",1,0.99,0.99
63,2039,"2005-07-01",1,8.99,8.99
63,2387,"2005-07-01",1,4.99,4.99
63,2409,"2005-07-01",1,3.99,3.99
63,2703,"2005-08-01",1,0.99,0.99
63,2740,"2005-08-01",1,5.99,5.99
63,2813,"2005-07-01",1,0.99,0.99
63,2871,"2005-07-01",1,2.99,2.99
63,3502,"2005-07-01",1,4.99,4.99
63,3524,"2005-07-01",1,6.99,6.99
63,3592,"2005-08-01",1,7.99,7.99
63,3623,"2005-07-01",1,5.99,5.99
64,386,"2005-08-01",1,0.99,0.99
64,460,"2005-07-01",1,5.99,5.99
64,709,"2005-07-01",1,2.99,2.99
64,741,"2005-07-01",1,2.99,2.99
64,1005,"2005-08-01",1,5.99,5.99
64,1092,"2006-02-01",1,4.99,4.99
64,1266,"2005-08-01",1,0.99,0.99
64,1342,"2005-07-01",1,5.99,5.99
64,1465,"2005-08-01",1,4.99,4.99
64,1508,"2005-07-01",1,4.99,4.99
64,1523,"2005-06-01",1,2.99,2.99
64,1678,"2005-08-01",1,0.99,0.99
64,1713,"2005-06-01",1,0.99,0.99
64,1788,"2005-07-01",1,0.99,0.99
64,1958,"2005-07-01",1,0.99,0.99
64,1986,"2005-07-01",1,3.99,3.99
64,2032,"2005-07-01",1,2.99,2.99
64,2098,"2005-08-01",1,4.99,4.99
64,2288,"2005-07-01",1,1.99,1.99
64,2565,"2005-07-01",1,0.99,0.99
64,2568,"2005-08-01",1,0.99,0.99
64,2970,"2005-07-01",1,0.99,0.99
64,3126,"2005-07-01",1,2.99,2.99
64,3304,"2005-07-01",1,1.99,1.99
64,3389,"2005-08-01",1,2.99,2.99
64,3590,"2005-07-01",1,6.99,6.99
64,3734,"2005-07-01",1,3.99,3.99
64,4002,"2005-07-01",1,4.99,4.99
64,4327,"2005-07-01",1,0.99,0.99
64,4419,"2005-07-01",1,1.99,1.99
65,14,"2005-08-01",1,2.99,2.99
65,538,"2005-07-01",1,0.99,0.99
65,995,"2005-06-01",1,7.99,7.99
65,1024,"2005-07-01",1,4.99,4.99
65,1101,"2005-08-01",1,8.99,8.99
65,1323,"2005-07-01",1,1.99,1.99
65,1405,"2005-08-01",1,7.99,7.99
65,1408,"2005-06-01",1,4.99,4.99
65,1676,"2005-07-01",1,3.99,3.99
65,1928,"2005-08-01",1,0.99,0.99
65,2070,"2005-08-01",1,6.99,6.99
65,2086,"2005-07-01",1,5.99,5.99
65,2315,"2005-08-01",1,6.99,6.99
65,2434,"2005-07-01",1,3.99,3.99
65,2576,"2005-07-01",1,6.99,6.99
65,3047,"2005-08-01",1,5.99,5.99
65,3169,"2005-08-01",1,0.99,0.99
65,3259,"2005-07-01",1,3.99,3.99
65,4214,"2005-07-01",1,4.99,4.99
65,4343,"2005-08-01",1,4.99,4.99
66,21,"2005-07-01",1,5.99,5.99
66,143,"2005-08-01",1,2.99,2.99
66,146,"2005-07-01",1,4.99,4.99
66,234,"2005-07-01",1,2.99,2.99
66,415,"2005-08-01",1,0.99,0.99
66,447,"2005-06-01",1,4.99,4.99
66,643,"2005-06-01",1,4.99,4.99
66,826,"2005-07-01",1,2.99,2.99
66,988,"2005-06-01",1,2.99,2.99
66,1140,"2005-08-01",1,2.99,2.99
66,1630,"2005-07-01",1,2.99,2.99
66,1640,"2005-08-01",1,0.99,0.99
66,1750,"2005-08-01",1,2.99,2.99
66,1800,"2005-06-01",1,2.99,2.99
66,2037,"2005-08-01",1,2.99,2.99
66,2249,"2005-07-01",1,5.99,5.99
66,2464,"2005-07-01",1,0.99,0.99
66,2491,"2005-06-01",1,3.99,3.99
66,2513,"2005-08-01",1,0.99,0.99
66,2576,"2005-07-01",1,3.99,3.99
66,2603,"2005-08-01",1,5.99,5.99
66,2634,"2005-07-01",1,8.99,8.99
66,2764,"2005-08-01",1,5.99,5.99
66,2794,"2005-08-01",1,8.99,8.99
66,2816,"2005-07-01",1,2.99,2.99
66,2847,"2005-08-01",1,6.99,6.99
66,3182,"2005-06-01",1,2.99,2.99
66,3695,"2005-08-01",1,0.99,0.99
66,3764,"2005-06-01",1,6.99,6.99
66,3845,"2005-07-01",1,6.99,6.99
66,4328,"2005-08-01",1,4.99,4.99
66,4479,"2005-07-01",1,5.99,5.99
66,4535,"2005-07-01",1,4.99,4.99
67,61,"2005-07-01",1,1.99,1.99
67,261,"2005-07-01",1,2.99,2.99
67,289,"2005-08-01",1,4.99,4.99
67,423,"2005-08-01",1,8.99,8.99
67,900,"2005-07-01",1,0.99,0.99
67,1067,"2005-07-01",1,7.99,7.99
67,1223,"2005-08-01",1,8.99,8.99
67,1298,"2005-07-01",1,2.99,2.99
67,1446,"2005-06-01",1,3.99,3.99
67,1544,"2005-07-01",1,5.99,5.99
67,1669,"2005-08-01",1,2.99,2.99
67,1890,"2005-08-01",1,4.99,4.99
67,1970,"2005-06-01",1,3.99,3.99
67,2029,"2005-07-01",1,2.99,2.99
67,2292,"2005-08-01",1,4.99,4.99
67,2548,"2005-08-01",1,2.99,2.99
67,2558,"2005-06-01",1,0.99,0.99
67,3096,"2005-07-01",1,4.99,4.99
67,3220,"2005-08-01",1,2.99,2.99
67,3825,"2005-06-01",1,4.99,4.99
68,316,"2005-06-01",1,5.99,5.99
68,1317,"2005-07-01",1,0.99,0.99
68,1588,"2005-08-01",1,0.99,0.99
68,1703,"2005-07-01",1,4.99,4.99
68,1742,"2005-08-01",1,2.99,2.99
68,1757,"2005-07-01",1,6.99,6.99
68,2050,"2005-08-01",1,2.99,2.99
68,2169,"2005-07-01",1,3.99,3.99
68,2496,"2005-06-01",1,8.99,8.99
68,2686,"2005-06-01",1,2.99,2.99
68,2731,"2005-07-01",1,7.99,7.99
68,2811,"2005-07-01",1,0.99,0.99
68,2886,"2005-08-01",1,4.99,4.99
68,3171,"2005-07-01",1,3.99,3.99
68,3214,"2005-08-01",1,4.99,4.99
68,3402,"2005-07-01",1,3.99,3.99
68,3442,"2005-08-01",1,5.99,5.99
68,3462,"2005-06-01",1,2.99,2.99
68,3497,"2005-08-01",1,1.99,1.99
68,3550,"2005-07-01",1,4.99,4.99
68,3936,"2005-06-01",1,4.99,4.99
68,4209,"2005-07-01",1,4.99,4.99
69,266,"2005-06-01",1,2.99,2.99
69,789,"2005-07-01",1,6.99,6.99
69,1021,"2005-07-01",1,0.99,0.99
69,1232,"2005-08-01",1,2.99,2.99
69,1268,"2005-07-01",1,0.99,0.99
69,1320,"2005-08-01",1,0.99,0.99
69,1488,"2005-08-01",1,2.99,2.99
69,1566,"2005-08-01",1,5.99,5.99
69,1685,"2005-07-01",1,0.99,0.99
69,1761,"2005-08-01",1,3.99,3.99
69,1772,"2005-06-01",1,4.99,4.99
69,1830,"2005-07-01",1,6.99,6.99
69,2142,"2005-07-01",1,2.99,2.99
69,2698,"2005-08-01",1,2.99,2.99
69,2738,"2005-07-01",1,4.99,4.99
69,2835,"2005-07-01",1,3.99,3.99
69,3196,"2005-08-01",1,5.99,5.99
69,3238,"2005-07-01",1,8.99,8.99
69,3423,"2005-08-01",1,2.99,2.99
69,3470,"2005-07-01",1,2.99,2.99
69,3953,"2006-02-01",1,0.99,0.99
69,4448,"2005-07-01",1,6.99,6.99
69,4466,"2005-08-01",1,3.99,3.99
70,62,"2005-07-01",1,0.99,0.99
70,403,"2005-08-01",1,0.99,0.99
70,807,"2005-07-01",1,5.99,5.99
70,940,"2005-07-01",1,2.99,2.99
70,1253,"2005-08-01",1,9.99,9.99
70,1340,"2005-07-01",1,0.99,0.99
70,1933,"2005-08-01",1,4.99,4.99
70,2143,"2005-08-01",1,3.99,3.99
70,2569,"2005-07-01",1,4.99,4.99
70,2584,"2005-07-01",1,2.99,2.99
70,2822,"2005-08-01",1,4.99,4.99
70,2947,"2005-08-01",1,3.99,3.99
70,3548,"2005-07-01",1,7.99,7.99
70,3868,"2005-08-01",1,4.99,4.99
70,4274,"2005-08-01",1,2.99,2.99
70,4309,"2005-08-01",1,6.99,6.99
70,4556,"2005-06-01",1,4.99,4.99
71,282,"2005-08-01",1,0.99,0.99
71,668,"2005-07-01",1,4.99,4.99
71,722,"2005-08-01",1,3.99,3.99
71,738,"2005-08-01",1,4.99,4.99
71,831,"2005-07-01",1,2.99,2.99
71,914,"2005-07-01",1,4.99,4.99
71,1111,"2005-08-01",1,7.99,7.99
71,1221,"2005-07-01",1,5.99,5.99
71,1496,"2005-07-01",1,8.99,8.99
71,1966,"2005-07-01",1,1.99,1.99
71,1974,"2005-07-01",1,0.99,0.99
71,2016,"2005-08-01",1,3.99,3.99
71,2129,"2005-07-01",1,0.99,0.99
71,2316,"2005-07-01",1,3.99,3.99
71,2537,"2005-07-01",1,4.99,4.99
71,2579,"2005-07-01",1,4.99,4.99
71,2634,"2005-06-01",1,4.99,4.99
71,2872,"2005-07-01",1,2.99,2.99
71,2933,"2005-06-01",1,2.99,2.99
71,2949,"2005-07-01",1,1.99,1.99
71,3062,"2005-07-01",1,4.99,4.99
71,3458,"2005-08-01",1,4.99,4.99
71,3500,"2005-08-01",1,4.99,4.99
71,3764,"2005-07-01",1,3.99,3.99
71,3905,"2005-07-01",1,0.99,0.99
71,4442,"2005-06-01",1,5.99,5.99
71,4488,"2005-07-01",1,4.99,4.99
71,4531,"2005-07-01",1,4.99,4.99
72,147,"2005-07-01",1,5.99,5.99
72,342,"2005-08-01",1,5.99,5.99
72,343,"2005-07-01",1,0.99,0.99
72,449,"2005-07-01",1,2.99,2.99
72,688,"2005-08-01",1,2.99,2.99
72,1073,"2005-07-01",1,4.99,4.99
72,1379,"2005-08-01",1,0.99,0.99
72,1383,"2005-08-01",1,0.99,0.99
72,1808,"2005-08-01",1,4.99,4.99
72,1907,"2005-08-01",1,2.99,2.99
72,1955,"2005-07-01",1,4.99,4.99
72,2096,"2005-06-01",1,4.99,4.99
72,2257,"2005-08-01",1,0.99,0.99
72,2286,"2005-07-01",1,0.99,0.99
72,2335,"2005-07-01",1,4.99,4.99
72,3102,"2005-08-01",1,2.99,2.99
72,3258,"2005-08-01",1,2.99,2.99
72,3337,"2005-08-01",1,4.99,4.99
72,3694,"2005-07-01",1,0.99,0.99
72,3697,"2005-08-01",1,0.99,0.99
72,3883,"2005-08-01",1,0.99,0.99
72,3889,"2005-08-01",1,0.99,0.99
72,3972,"2005-08-01",1,4.99,4.99
72,4063,"2005-07-01",1,4.99,4.99
72,4092,"2005-08-01",1,0.99,0.99
72,4131,"2005-08-01",1,6.99,6.99
72,4270,"2005-07-01",1,4.99,4.99
73,20,"2005-07-01",1,4.99,4.99
73,270,"2005-07-01",1,4.99,4.99
73,351,"2005-08-01",1,3.99,3.99
73,360,"2005-06-01",1,0.99,0.99
73,860,"2005-07-01",1,2.99,2.99
73,1302,"2005-08-01",1,0.99,0.99
73,1760,"2005-07-01",1,4.99,4.99
73,1871,"2005-08-01",1,4.99,4.99
73,2001,"2005-08-01",1,0.99,0.99
73,2111,"2005-07-01",1,2.99,2.99
73,2152,"2005-07-01",1,4.99,4.99
73,2248,"2005-08-01",1,4.99,4.99
73,2504,"2005-06-01",1,4.99,4.99
73,2524,"2005-07-01",1,2.99,2.99
73,2770,"2005-08-01",1,2.99,2.99
73,2858,"2005-07-01",1,2.99,2.99
73,3112,"2005-08-01",1,4.99,4.99
73,3445,"2005-07-01",1,4.99,4.99
73,3562,"2005-07-01",1,9.99,9.99
73,3630,"2006-02-01",1,2.99,2.99
73,4073,"2005-08-01",1,4.99,4.99
73,4270,"2005-08-01",1,4.99,4.99
74,53,"2005-06-01",1,0.99,0.99
74,163,"2005-07-01",1,3.99,3.99
74,176,"2005-08-01",1,1.99,1.99
74,266,"2005-08-01",1,4.99,4.99
74,395,"2005-07-01",1,4.99,4.99
74,886,"2005-08-01",1,0.99,0.99
74,939,"2005-08-01",1,3.99,3.99
74,1162,"2005-07-01",1,6.99,6.99
74,1308,"2005-07-01",1,2.99,2.99
74,1814,"2005-07-01",1,3.99,3.99
74,1861,"2005-08-01",1,0.99,0.99
74,2035,"2005-07-01",1,2.99,2.99
74,2234,"2005-07-01",1,5.99,5.99
74,2291,"2005-06-01",1,1.99,1.99
74,2381,"2005-06-01",1,7.99,7.99
74,2701,"2005-07-01",1,2.99,2.99
74,2910,"2005-07-01",1,4.99,4.99
74,3326,"2005-08-01",1,0.99,0.99
74,3332,"2005-08-01",1,5.99,5.99
74,3549,"2005-08-01",1,4.99,4.99
74,3731,"2005-08-01",1,4.99,4.99
74,3801,"2005-08-01",1,0.99,0.99
74,4363,"2005-06-01",1,1.99,1.99
74,4364,"2005-08-01",1,0.99,0.99
74,4449,"2005-07-01",1,7.99,7.99
74,4516,"2005-08-01",1,3.99,3.99
75,44,"2005-07-01",1,4.99,4.99
75,104,"2005-08-01",1,4.99,4.99
75,350,"2005-06-01",1,4.99,4.99
75,467,"2005-06-01",1,4.99,4.99
75,559,"2005-07-01",1,2.99,2.99
75,591,"2005-06-01",1,6.99,6.99
75,749,"2005-08-01",1,3.99,3.99
75,799,"2005-08-01",1,4.99,4.99
75,836,"2005-07-01",1,9.99,9.99
75,881,"2005-07-01",1,0.99,0.99
75,951,"2005-07-01",1,6.99,6.99
75,1190,"2005-08-01",1,5.99,5.99
75,1386,"2005-08-01",1,2.99,2.99
75,1396,"2005-07-01",1,2.99,2.99
75,1412,"2005-08-01",1,0.99,0.99
75,1578,"2005-08-01",1,5.99,5.99
75,1914,"2005-07-01",1,0.99,0.99
75,1948,"2005-08-01",1,0.99,0.99
75,2035,"2005-07-01",1,5.99,5.99
75,2086,"2005-08-01",1,5.99,5.99
75,2129,"2005-07-01",1,3.99,3.99
75,2182,"2005-07-01",1,2.99,2.99
75,2199,"2005-06-01",1,4.99,4.99
75,2459,"2005-07-01",1,5.99,5.99
75,2476,"2006-02-01",1,8.97,8.97
75,2484,"2005-08-01",1,1.99,1.99
75,3143,"2005-07-01",1,2.99,2.99
75,3149,"2005-06-01",1,7.99,7.99
75,3248,"2005-07-01",1,4.99,4.99
75,3410,"2005-07-01",1,0.99,0.99
75,3688,"2006-02-01",1,0.00,0.00
75,3798,"2005-07-01",1,2.99,2.99
75,3802,"2005-07-01",1,1.99,1.99
75,3962,"2005-07-01",1,0.99,0.99
75,4008,"2005-07-01",1,0.99,0.99
75,4202,"2006-02-01",1,0.00,0.00
75,4326,"2005-08-01",1,0.99,0.99
75,4398,"2005-07-01",1,4.99,4.99
75,4438,"2005-07-01",1,0.99,0.99
76,285,"2005-07-01",1,0.99,0.99
76,291,"2005-08-01",1,3.99,3.99
76,301,"2005-06-01",1,6.99,6.99
76,794,"2005-08-01",1,4.99,4.99
76,892,"2005-07-01",1,2.99,2.99
76,1084,"2005-07-01",1,0.99,0.99
76,1207,"2005-08-01",1,7.99,7.99
76,1215,"2005-06-01",1,0.99,0.99
76,1275,"2005-07-01",1,0.99,0.99
76,1846,"2005-08-01",1,2.99,2.99
76,1930,"2005-07-01",1,4.99,4.99
76,1973,"2005-07-01",1,0.99,0.99
76,2108,"2005-06-01",1,0.99,0.99
76,2164,"2005-07-01",1,3.99,3.99
76,2388,"2005-07-01",1,6.99,6.99
76,2483,"2005-07-01",1,2.99,2.99
76,2748,"2005-08-01",1,4.99,4.99
76,2895,"2005-06-01",1,1.99,1.99
76,3791,"2005-06-01",1,0.99,0.99
76,4316,"2005-06-01",1,0.99,0.99
76,4344,"2005-08-01",1,10.99,10.99
77,93,"2005-08-01",1,0.99,0.99
77,144,"2005-06-01",1,4.99,4.99
77,230,"2005-08-01",1,2.99,2.99
77,284,"2005-07-01",1,0.99,0.99
77,943,"2005-08-01",1,2.99,2.99
77,1355,"2005-08-01",1,1.99,1.99
77,1412,"2005-07-01",1,3.99,3.99
77,1794,"2005-08-01",1,9.99,9.99
77,1905,"2005-08-01",1,4.99,4.99
77,2374,"2005-08-01",1,7.99,7.99
77,2732,"2005-06-01",1,0.99,0.99
77,2785,"2005-08-01",1,4.99,4.99
77,2793,"2005-06-01",1,3.99,3.99
77,2854,"2005-08-01",1,0.99,0.99
77,2976,"2005-06-01",1,2.99,2.99
77,3057,"2005-07-01",1,2.99,2.99
77,3305,"2005-07-01",1,0.99,0.99
77,3644,"2005-08-01",1,6.99,6.99
77,3716,"2005-07-01",1,0.99,0.99
77,4318,"2005-06-01",1,8.99,8.99
77,4363,"2005-07-01",1,0.99,0.99
77,4375,"2005-07-01",1,4.99,4.99
77,4505,"2005-08-01",1,2.99,2.99
78,180,"2005-07-01",1,3.99,3.99
78,182,"2005-06-01",1,2.99,2.99
78,375,"2005-06-01",1,6.99,6.99
78,545,"2005-08-01",1,2.99,2.99
78,611,"2005-07-01",1,0.99,0.99
78,619,"2005-07-01",1,4.99,4.99
78,740,"2005-08-01",1,2.99,2.99
78,809,"2005-07-01",1,0.99,0.99
78,1496,"2005-08-01",1,7.99,7.99
78,1623,"2005-07-01",1,6.99,6.99
78,1775,"2005-07-01",1,4.99,4.99
78,1982,"2005-08-01",1,2.99,2.99
78,1994,"2005-07-01",1,1.99,1.99
78,2067,"2005-08-01",1,3.99,3.99
78,2105,"2005-08-01",1,5.99,5.99
78,2216,"2005-08-01",1,0.99,0.99
78,2240,"2005-08-01",1,8.99,8.99
78,2264,"2005-07-01",1,5.99,5.99
78,2285,"2005-08-01",1,0.99,0.99
78,2304,"2005-08-01",1,10.99,10.99
78,2383,"2005-07-01",1,2.99,2.99
78,3074,"2005-07-01",1,4.99,4.99
78,3272,"2005-08-01",1,2.99,2.99
78,3353,"2005-08-01",1,4.99,4.99
78,3479,"2005-08-01",1,7.99,7.99
78,3656,"2005-06-01",1,7.99,7.99
78,3702,"2005-07-01",1,0.99,0.99
78,4079,"2005-07-01",1,4.99,4.99
78,4157,"2005-08-01",1,5.99,5.99
78,4186,"2005-07-01",1,5.99,5.99
78,4406,"2005-07-01",1,1.99,1.99
79,136,"2005-07-01",1,1.99,1.99
79,161,"2005-07-01",1,2.99,2.99
79,629,"2005-08-01",1,2.99,2.99
79,786,"2005-07-01",1,5.99,5.99
79,1713,"2005-07-01",1,0.99,0.99
79,2417,"2005-07-01",1,6.99,6.99
79,2551,"2005-07-01",1,2.99,2.99
79,2717,"2005-08-01",1,4.99,4.99
79,2920,"2005-07-01",1,2.99,2.99
79,3009,"2005-07-01",1,4.99,4.99
79,3026,"2005-08-01",1,2.99,2.99
79,3517,"2005-06-01",1,2.99,2.99
79,3775,"2005-07-01",1,4.99,4.99
79,3834,"2005-07-01",1,0.99,0.99
79,3851,"2005-06-01",1,4.99,4.99
79,3867,"2005-07-01",1,9.99,9.99
79,3956,"2005-08-01",1,0.99,0.99
79,4172,"2005-07-01",1,4.99,4.99
79,4300,"2005-07-01",1,2.99,2.99
80,53,"2005-08-01",1,0.99,0.99
80,200,"2005-08-01",1,4.99,4.99
80,406,"2005-07-01",1,1.99,1.99
80,430,"2005-07-01",1,4.99,4.99
80,432,"2005-07-01",1,8.99,8.99
80,550,"2005-07-01",1,0.99,0.99
80,807,"2005-08-01",1,8.99,8.99
80,870,"2005-07-01",1,3.99,3.99
80,1194,"2005-08-01",1,0.99,0.99
80,1332,"2005-07-01",1,5.99,5.99
80,1437,"2005-08-01",1,1.99,1.99
80,1689,"2005-08-01",1,2.99,2.99
80,1739,"2005-07-01",1,3.99,3.99
80,2036,"2005-07-01",1,4.99,4.99
80,2110,"2005-08-01",1,0.99,0.99
80,2145,"2006-02-01",1,2.99,2.99
80,2153,"2005-06-01",1,8.99,8.99
80,2229,"2005-06-01",1,2.99,2.99
80,2282,"2005-08-01",1,0.99,0.99
80,2421,"2005-08-01",1,5.99,5.99
80,2442,"2005-06-01",1,3.99,3.99
80,2571,"2005-08-01",1,6.99,6.99
80,2621,"2005-08-01",1,5.99,5.99
80,2689,"2005-08-01",1,4.99,4.99
80,3042,"2005-07-01",1,6.99,6.99
80,3050,"2005-07-01",1,6.99,6.99
80,3278,"2005-08-01",1,0.99,0.99
80,3574,"2005-07-01",1,5.99,5.99
80,4039,"2005-08-01",1,8.99,8.99
80,4329,"2005-07-01",1,5.99,5.99
81,33,"2005-08-01",1,5.99,5.99
81,420,"2005-07-01",1,4.99,4.99
81,532,"2005-08-01",1,4.99,4.99
81,1085,"2005-08-01",1,5.99,5.99
81,1280,"2005-08-01",1,3.99,3.99
81,1376,"2005-07-01",1,2.99,2.99
81,1429,"2005-08-01",1,4.99,4.99
81,1469,"2005-07-01",1,9.99,9.99
81,1697,"2005-08-01",1,7.99,7.99
81,2196,"2005-07-01",1,0.99,0.99
81,2255,"2005-08-01",1,1.99,1.99
81,2301,"2005-06-01",1,4.99,4.99
81,2594,"2005-08-01",1,4.99,4.99
81,2853,"2005-06-01",1,1.99,1.99
81,3028,"2005-07-01",1,3.99,3.99
81,3047,"2005-08-01",1,4.99,4.99
81,3191,"2005-08-01",1,5.99,5.99
81,3800,"2005-07-01",1,0.99,0.99
81,4339,"2005-08-01",1,0.99,0.99
81,4453,"2005-06-01",1,5.99,5.99
81,4515,"2005-08-01",1,2.99,2.99
82,10,"2005-07-01",1,9.99,9.99
82,219,"2005-08-01",1,3.99,3.99
82,239,"2005-08-01",1,4.99,4.99
82,258,"2005-07-01",1,6.99,6.99
82,372,"2005-07-01",1,6.99,6.99
82,1053,"2005-07-01",1,6.99,6.99
82,1091,"2005-07-01",1,6.99,6.99
82,1224,"2005-07-01",1,8.99,8.99
82,1290,"2005-08-01",1,3.99,3.99
82,1816,"2005-06-01",1,0.99,0.99
82,1893,"2005-07-01",1,4.99,4.99
82,1975,"2005-06-01",1,0.99,0.99
82,2229,"2005-08-01",1,5.99,5.99
82,2308,"2005-06-01",1,8.99,8.99
82,2427,"2005-07-01",1,2.99,2.99
82,2647,"2005-08-01",1,6.99,6.99
82,2734,"2005-08-01",1,0.99,0.99
82,2947,"2005-07-01",1,0.99,0.99
82,3061,"2005-08-01",1,4.99,4.99
82,3071,"2005-07-01",1,4.99,4.99
82,3699,"2005-08-01",1,0.99,0.99
82,3711,"2005-06-01",1,0.99,0.99
82,3734,"2005-07-01",1,3.99,3.99
82,4100,"2005-06-01",1,8.99,8.99
83,173,"2005-08-01",1,5.99,5.99
83,215,"2005-06-01",1,4.99,4.99
83,348,"2005-08-01",1,4.99,4.99
83,354,"2005-07-01",1,2.99,2.99
83,604,"2005-07-01",1,6.99,6.99
83,996,"2005-08-01",1,5.99,5.99
83,1049,"2005-07-01",1,2.99,2.99
83,1121,"2005-07-01",1,0.99,0.99
83,1294,"2005-06-01",1,5.99,5.99
83,1382,"2005-06-01",1,3.99,3.99
83,1545,"2006-02-01",1,4.99,4.99
83,1583,"2005-08-01",1,4.99,4.99
83,1648,"2005-06-01",1,5.99,5.99
83,1779,"2005-08-01",1,0.99,0.99
83,1828,"2005-07-01",1,6.99,6.99
83,2228,"2005-07-01",1,0.99,0.99
83,2485,"2005-07-01",1,1.99,1.99
83,2861,"2005-08-01",1,4.99,4.99
83,3342,"2005-07-01",1,4.99,4.99
83,4042,"2005-07-01",1,2.99,2.99
83,4065,"2005-08-01",1,4.99,4.99
83,4133,"2005-08-01",1,5.99,5.99
84,656,"2005-06-01",1,0.99,0.99
84,763,"2005-08-01",1,5.99,5.99
84,1030,"2005-08-01",1,3.99,3.99
84,1551,"2005-06-01",1,0.99,0.99
84,1844,"2005-07-01",1,4.99,4.99
84,1961,"2005-08-01",1,2.99,2.99
84,2096,"2005-08-01",1,4.99,4.99
84,2191,"2005-07-01",1,5.99,5.99
84,2202,"2005-07-01",1,6.99,6.99
84,2272,"2005-06-01",1,0.99,0.99
84,2339,"2005-07-01",1,5.99,5.99
84,2341,"2005-07-01",1,0.99,0.99
84,2470,"2005-08-01",1,2.99,2.99
84,3007,"2005-07-01",1,2.99,2.99
84,3010,"2005-07-01",1,4.99,4.99
84,3102,"2005-06-01",1,0.99,0.99
84,3179,"2005-08-01",1,0.99,0.99
84,3244,"2005-07-01",1,2.99,2.99
84,3398,"2005-08-01",1,4.99,4.99
84,3415,"2005-08-01",1,2.99,2.99
84,3531,"2005-07-01",1,2.99,2.99
84,3588,"2005-06-01",1,5.99,5.99
84,3733,"2005-07-01",1,6.99,6.99
84,3777,"2005-08-01",1,4.99,4.99
84,3924,"2005-08-01",1,4.99,4.99
84,3925,"2005-07-01",1,8.99,8.99
84,4121,"2005-08-01",1,0.99,0.99
84,4175,"2005-07-01",1,9.99,9.99
84,4484,"2005-06-01",1,4.99,4.99
84,4578,"2005-08-01",1,7.99,7.99
85,179,"2005-07-01",1,0.99,0.99
85,462,"2005-06-01",1,1.99,1.99
85,796,"2005-06-01",1,4.99,4.99
85,965,"2005-08-01",1,8.99,8.99
85,1191,"2005-08-01",1,4.99,4.99
85,1216,"2005-07-01",1,0.99,0.99
85,1312,"2005-07-01",1,0.99,0.99
85,1494,"2005-07-01",1,7.99,7.99
85,1831,"2005-07-01",1,2.99,2.99
85,1857,"2005-07-01",1,4.99,4.99
85,1914,"2005-08-01",1,0.99,0.99
85,1957,"2005-06-01",1,0.99,0.99
85,2754,"2005-06-01",1,1.99,1.99
85,3620,"2005-08-01",1,0.99,0.99
85,3709,"2005-07-01",1,2.99,2.99
85,3994,"2005-08-01",1,0.99,0.99
85,4091,"2005-07-01",1,4.99,4.99
85,4115,"2005-06-01",1,3.99,3.99
85,4201,"2005-08-01",1,3.99,3.99
85,4424,"2005-06-01",1,5.99,5.99
85,4578,"2005-08-01",1,4.99,4.99
86,72,"2005-08-01",1,2.99,2.99
86,355,"2005-07-01",1,2.99,2.99
86,443,"2005-06-01",1,4.99,4.99
86,451,"2005-07-01",1,4.99,4.99
86,674,"2005-06-01",1,0.99,0.99
86,715,"2005-08-01",1,6.99,6.99
86,754,"2005-07-01",1,4.99,4.99
86,991,"2005-08-01",1,3.99,3.99
86,1251,"2005-08-01",1,4.99,4.99
86,1563,"2005-08-01",1,4.99,4.99
86,1578,"2005-06-01",1,4.99,4.99
86,1606,"2005-08-01",1,5.99,5.99
86,1628,"2005-08-01",1,2.99,2.99
86,1638,"2005-07-01",1,2.99,2.99
86,1940,"2005-08-01",1,4.99,4.99
86,2176,"2005-06-01",1,4.99,4.99
86,2380,"2005-08-01",1,8.99,8.99
86,2416,"2005-07-01",1,9.99,9.99
86,2577,"2005-06-01",1,2.99,2.99
86,2631,"2005-08-01",1,0.99,0.99
86,2814,"2005-07-01",1,5.99,5.99
86,2981,"2005-07-01",1,10.99,10.99
86,3246,"2005-07-01",1,7.99,7.99
86,3503,"2005-06-01",1,4.99,4.99
86,3525,"2005-07-01",1,2.99,2.99
86,3739,"2005-08-01",1,4.99,4.99
86,3808,"2005-08-01",1,1.99,1.99
86,3955,"2005-08-01",1,1.99,1.99
86,4020,"2005-06-01",1,0.99,0.99
86,4444,"2005-07-01",1,8.99,8.99
86,4460,"2005-07-01",1,0.99,0.99
86,4502,"2005-07-01",1,0.99,0.99
87,33,"2005-08-01",1,4.99,4.99
87,84,"2005-08-01",1,2.99,2.99
87,207,"2005-07-01",1,4.99,4.99
87,258,"2005-06-01",1,2.99,2.99
87,269,"2005-08-01",1,8.99,8.99
87,306,"2005-07-01",1,8.99,8.99
87,945,"2005-07-01",1,7.99,7.99
87,1094,"2006-02-01",1,4.99,4.99
87,1262,"2005-08-01",1,0.99,0.99
87,1492,"2005-08-01",1,10.99,10.99
87,1651,"2005-08-01",1,4.99,4.99
87,1735,"2005-08-01",1,2.99,2.99
87,2399,"2005-08-01",1,0.99,0.99
87,2472,"2005-06-01",1,2.99,2.99
87,2479,"2005-06-01",1,4.99,4.99
87,2678,"2005-06-01",1,4.99,4.99
87,2720,"2005-06-01",1,9.99,9.99
87,2766,"2005-07-01",1,4.99,4.99
87,3073,"2005-08-01",1,5.99,5.99
87,3113,"2005-07-01",1,7.99,7.99
87,3128,"2005-07-01",1,2.99,2.99
87,3272,"2005-07-01",1,2.99,2.99
87,3625,"2005-08-01",1,4.99,4.99
87,3960,"2005-08-01",1,0.99,0.99
87,3961,"2005-07-01",1,4.99,4.99
87,4040,"2005-07-01",1,3.99,3.99
87,4092,"2005-07-01",1,5.99,5.99
87,4360,"2005-07-01",1,0.99,0.99
88,174,"2005-07-01",1,1.99,1.99
88,373,"2005-07-01",1,5.99,5.99
88,575,"2005-07-01",1,2.99,2.99
88,1404,"2005-08-01",1,6.99,6.99
88,1626,"2005-07-01",1,0.99,0.99
88,1661,"2005-07-01",1,0.99,0.99
88,1833,"2005-07-01",1,8.99,8.99
88,1837,"2005-07-01",1,5.99,5.99
88,1921,"2005-08-01",1,0.99,0.99
88,2267,"2005-08-01",1,5.99,5.99
88,2310,"2005-06-01",1,2.99,2.99
88,2543,"2005-07-01",1,2.99,2.99
88,2829,"2005-07-01",1,5.99,5.99
88,3192,"2005-07-01",1,2.99,2.99
88,3311,"2005-07-01",1,4.99,4.99
88,3502,"2005-08-01",1,4.99,4.99
88,4120,"2005-06-01",1,2.99,2.99
88,4225,"2005-06-01",1,7.99,7.99
88,4351,"2005-08-01",1,2.99,2.99
88,4414,"2005-08-01",1,3.99,3.99
89,46,"2005-06-01",1,4.99,4.99
89,158,"2005-08-01",1,3.99,3.99
89,460,"2005-06-01",1,0.99,0.99
89,536,"2005-07-01",1,4.99,4.99
89,1087,"2005-07-01",1,2.99,2.99
89,1147,"2005-06-01",1,8.99,8.99
89,1188,"2005-07-01",1,8.99,8.99
89,1286,"2005-06-01",1,7.99,7.99
89,1405,"2005-07-01",1,4.99,4.99
89,1491,"2005-07-01",1,4.99,4.99
89,1606,"2005-07-01",1,2.99,2.99
89,1761,"2005-07-01",1,4.99,4.99
89,1840,"2005-08-01",1,2.99,2.99
89,1974,"2005-07-01",1,0.99,0.99
89,2022,"2005-07-01",1,7.99,7.99
89,2108,"2005-07-01",1,0.99,0.99
89,2364,"2005-07-01",1,2.99,2.99
89,2743,"2005-08-01",1,3.99,3.99
89,2775,"2005-07-01",1,2.99,2.99
89,3432,"2005-07-01",1,0.99,0.99
89,3530,"2005-07-01",1,7.99,7.99
89,3553,"2005-08-01",1,4.99,4.99
89,3756,"2005-07-01",1,2.99,2.99
89,3810,"2005-07-01",1,2.99,2.99
89,3875,"2005-08-01",1,2.99,2.99
89,4312,"2005-08-01",1,2.99,2.99
89,4362,"2005-07-01",1,2.99,2.99
89,4411,"2005-06-01",1,7.99,7.99
89,4461,"2005-08-01",1,2.99,2.99
90,58,"2005-06-01",1,0.99,0.99
90,91,"2005-08-01",1,0.99,0.99
90,99,"2005-07-01",1,6.99,6.99
90,243,"2005-07-01",1,5.99,5.99
90,335,"2005-08-01",1,4.99,4.99
90,351,"2005-08-01",1,4.99,4.99
90,644,"2005-08-01",1,2.99,2.99
90,711,"2005-06-01",1,0.99,0.99
90,716,"2005-07-01",1,1.99,1.99
90,1100,"2005-08-01",1,4.99,4.99
90,1547,"2005-07-01",1,0.99,0.99
90,1735,"2005-07-01",1,2.99,2.99
90,1841,"2005-07-01",1,0.99,0.99
90,1860,"2005-08-01",1,0.99,0.99
90,2363,"2005-07-01",1,2.99,2.99
90,2439,"2005-07-01",1,5.99,5.99
90,2533,"2005-07-01",1,4.99,4.99
90,2566,"2005-08-01",1,0.99,0.99
90,2849,"2005-08-01",1,4.99,4.99
90,3156,"2005-07-01",1,3.99,3.99
90,3217,"2005-07-01",1,3.99,3.99
90,3321,"2005-08-01",1,1.99,1.99
90,3436,"2005-08-01",1,0.99,0.99
90,3733,"2005-06-01",1,6.99,6.99
90,4064,"2005-08-01",1,4.99,4.99
90,4104,"2005-07-01",1,9.99,9.99
90,4479,"2005-08-01",1,7.99,7.99
90,4482,"2005-08-01",1,7.99,7.99
91,87,"2005-07-01",1,0.99,0.99
91,153,"2005-07-01",1,4.99,4.99
91,384,"2005-08-01",1,0.99,0.99
91,409,"2005-06-01",1,2.99,2.99
91,464,"2006-02-01",1,4.99,4.99
91,517,"2005-06-01",1,0.99,0.99
91,612,"2005-07-01",1,4.99,4.99
91,1017,"2005-07-01",1,0.99,0.99
91,1250,"2005-07-01",1,4.99,4.99
91,1277,"2005-06-01",1,3.99,3.99
91,1584,"2005-06-01",1,4.99,4.99
91,1656,"2005-08-01",1,4.99,4.99
91,1686,"2005-08-01",1,1.99,1.99
91,2108,"2005-08-01",1,4.99,4.99
91,2325,"2005-07-01",1,2.99,2.99
91,2395,"2005-07-01",1,0.99,0.99
91,2514,"2005-07-01",1,4.99,4.99
91,2589,"2005-07-01",1,4.99,4.99
91,2631,"2005-07-01",1,1.99,1.99
91,2736,"2005-07-01",1,0.99,0.99
91,2777,"2005-07-01",1,2.99,2.99
91,2792,"2005-07-01",1,4.99,4.99
91,2877,"2005-07-01",1,0.99,0.99
91,2907,"2005-07-01",1,2.99,2.99
91,3038,"2005-08-01",1,4.99,4.99
91,3345,"2005-08-01",1,2.99,2.99
91,3359,"2005-08-01",1,4.99,4.99
91,3498,"2005-07-01",1,0.99,0.99
91,3632,"2005-07-01",1,2.99,2.99
91,3646,"2005-08-01",1,1.99,1.99
91,3743,"2005-07-01",1,4.99,4.99
91,3806,"2005-08-01",1,0.99,0.99
91,3985,"2005-07-01",1,4.99,4.99
91,4490,"2005-08-01",1,0.99,0.99
92,7,"2005-08-01",1,0.99,0.99
92,132,"2005-06-01",1,0.99,0.99
92,164,"2005-07-01",1,2.99,2.99
92,284,"2005-07-01",1,1.99,1.99
92,428,"2005-06-01",1,4.99,4.99
92,587,"2005-07-01",1,4.99,4.99
92,1100,"2005-07-01",1,4.99,4.99
92,1191,"2005-08-01",1,4.99,4.99
92,1431,"2005-07-01",1,8.99,8.99
92,1534,"2005-06-01",1,8.99,8.99
92,1811,"2005-07-01",1,2.99,2.99
92,2361,"2005-08-01",1,2.99,2.99
92,2609,"2005-08-01",1,2.99,2.99
92,2980,"2005-07-01",1,7.99,7.99
92,3271,"2005-07-01",1,7.99,7.99
92,3524,"2005-07-01",1,4.99,4.99
92,3852,"2005-08-01",1,4.99,4.99
92,3859,"2005-07-01",1,4.99,4.99
92,3881,"2005-08-01",1,0.99,0.99
92,3954,"2005-07-01",1,0.99,0.99
92,4023,"2005-07-01",1,6.99,6.99
92,4031,"2005-07-01",1,4.99,4.99
92,4234,"2005-07-01",1,6.99,6.99
92,4473,"2005-07-01",1,5.99,5.99
92,4501,"2005-08-01",1,5.99,5.99
92,4520,"2005-08-01",1,4.99,4.99
93,35,"2005-07-01",1,4.99,4.99
93,51,"2005-08-01",1,4.99,4.99
93,161,"2005-08-01",1,5.99,5.99
93,721,"2005-08-01",1,2.99,2.99
93,977,"2005-06-01",1,0.99,0.99
93,1158,"2005-08-01",1,4.99,4.99
93,1640,"2005-07-01",1,0.99,0.99
93,1863,"2005-06-01",1,4.99,4.99
93,2230,"2005-07-01",1,2.99,2.99
93,2458,"2005-08-01",1,2.99,2.99
93,2836,"2005-08-01",1,0.99,0.99
93,2976,"2005-08-01",1,4.99,4.99
93,3176,"2005-08-01",1,2.99,2.99
93,3264,"2005-07-01",1,4.99,4.99
93,3367,"2005-07-01",1,2.99,2.99
93,3732,"2005-08-01",1,0.99,0.99
93,3860,"2005-07-01",1,4.99,4.99
93,3894,"2005-08-01",1,1.99,1.99
93,3978,"2005-08-01",1,8.99,8.99
93,4323,"2005-08-01",1,5.99,5.99
94,372,"2005-08-01",1,1.99,1.99
94,515,"2005-08-01",1,5.99,5.99
94,699,"2005-08-01",1,0.99,0.99
94,748,"2005-08-01",1,0.99,0.99
94,1113,"2005-06-01",1,3.99,3.99
94,1477,"2005-07-01",1,4.99,4.99
94,1505,"2005-06-01",1,4.99,4.99
94,1514,"2005-07-01",1,4.99,4.99
94,2100,"2005-07-01",1,4.99,4.99
94,2180,"2005-06-01",1,2.99,2.99
94,3183,"2005-06-01",1,4.99,4.99
94,3191,"2005-06-01",1,2.99,2.99
94,3263,"2005-07-01",1,0.99,0.99
94,3303,"2005-07-01",1,0.99,0.99
94,3558,"2005-07-01",1,8.99,8.99
94,3672,"2006-02-01",1,4.99,4.99
94,3775,"2005-08-01",1,4.99,4.99
94,4150,"2005-07-01",1,2.99,2.99
94,4325,"2005-08-01",1,2.99,2.99
95,260,"2005-07-01",1,5.99,5.99
95,726,"2005-07-01",1,6.99,6.99
95,1776,"2005-07-01",1,4.99,4.99
95,2010,"2005-06-01",1,2.99,2.99
95,2122,"2005-07-01",1,4.99,4.99
95,2299,"2005-08-01",1,5.99,5.99
95,2447,"2005-06-01",1,1.99,1.99
95,2499,"2005-07-01",1,5.99,5.99
95,2653,"2005-06-01",1,2.99,2.99
95,2671,"2005-08-01",1,0.99,0.99
95,2978,"2005-07-01",1,1.99,1.99
95,3019,"2005-06-01",1,0.99,0.99
95,3648,"2005-07-01",1,6.99,6.99
95,3668,"2005-08-01",1,4.99,4.99
95,3964,"2005-07-01",1,0.99,0.99
95,4286,"2005-08-01",1,7.99,7.99
95,4412,"2005-07-01",1,4.99,4.99
96,38,"2005-08-01",1,4.99,4.99
96,128,"2005-07-01",1,2.99,2.99
96,424,"2005-08-01",1,4.99,4.99
96,444,"2005-07-01",1,4.99,4.99
96,1123,"2005-07-01",1,0.99,0.99
96,1567,"2005-06-01",1,0.99,0.99
96,1617,"2005-08-01",1,4.99,4.99
96,2118,"2005-07-01",1,6.99,6.99
96,2201,"2005-08-01",1,3.99,3.99
96,2208,"2005-07-01",1,3.99,3.99
96,2230,"2005-06-01",1,3.99,3.99
96,2357,"2005-08-01",1,4.99,4.99
96,2626,"2005-06-01",1,5.99,5.99
96,2757,"2005-07-01",1,3.99,3.99
96,2873,"2005-07-01",1,2.99,2.99
96,2958,"2005-07-01",1,2.99,2.99
96,2985,"2005-08-01",1,4.99,4.99
96,3048,"2005-07-01",1,4.99,4.99
96,3129,"2005-06-01",1,0.99,0.99
96,3263,"2005-06-01",1,0.99,0.99
96,3407,"2005-08-01",1,0.99,0.99
96,3436,"2005-06-01",1,0.99,0.99
96,3577,"2005-08-01",1,3.99,3.99
96,3625,"2005-06-01",1,7.99,7.99
96,3668,"2005-07-01",1,4.99,4.99
96,4330,"2005-07-01",1,4.99,4.99
96,4366,"2005-07-01",1,4.99,4.99
97,202,"2005-06-01",1,4.99,4.99
97,504,"2005-07-01",1,4.99,4.99
97,599,"2005-07-01",1,0.99,0.99
97,653,"2005-07-01",1,4.99,4.99
97,656,"2005-07-01",1,0.99,0.99
97,720,"2005-07-01",1,2.99,2.99
97,1218,"2005-07-01",1,0.99,0.99
97,1257,"2005-08-01",1,4.99,4.99
97,1295,"2005-07-01",1,2.99,2.99
97,1487,"2005-08-01",1,2.99,2.99
97,2423,"2005-06-01",1,2.99,2.99
97,2967,"2005-08-01",1,0.99,0.99
97,3049,"2005-07-01",1,4.99,4.99
97,3080,"2005-06-01",1,0.99,0.99
97,3209,"2005-07-01",1,5.99,5.99
97,3870,"2005-07-01",1,4.99,4.99
97,3996,"2005-07-01",1,4.99,4.99
97,4494,"2005-07-01",1,0.99,0.99
98,416,"2005-07-01",1,3.99,3.99
98,619,"2005-06-01",1,4.99,4.99
98,949,"2005-06-01",1,4.99,4.99
98,1467,"2005-07-01",1,5.99,5.99
98,1475,"2005-08-01",1,2.99,2.99
98,1532,"2005-08-01",1,1.99,1.99
98,2488,"2005-08-01",1,5.99,5.99
98,2597,"2005-07-01",1,7.99,7.99
98,2642,"2005-08-01",1,5.99,5.99
98,2730,"2005-08-01",1,2.99,2.99
98,2797,"2005-07-01",1,4.99,4.99
98,2887,"2005-06-01",1,0.99,0.99
98,2898,"2005-06-01",1,4.99,4.99
98,3090,"2005-07-01",1,5.99,5.99
98,3348,"2005-07-01",1,2.99,2.99
98,3429,"2005-08-01",1,3.99,3.99
98,3529,"2005-07-01",1,2.99,2.99
98,3685,"2005-06-01",1,5.99,5.99
98,3810,"2005-07-01",1,0.99,0.99
98,3817,"2005-08-01",1,2.99,2.99
98,4004,"2005-08-01",1,7.99,7.99
98,4076,"2005-07-01",1,4.99,4.99
98,4172,"2005-08-01",1,0.99,0.99
98,4524,"2005-06-01",1,3.99,3.99
99,509,"2005-07-01",1,7.99,7.99
99,627,"2005-07-01",1,2.99,2.99
99,817,"2006-02-01",1,0.99,0.99
99,1058,"2005-06-01",1,2.99,2.99
99,1185,"2005-07-01",1,4.99,4.99
99,1192,"2005-07-01",1,0.99,0.99
99,1209,"2005-07-01",1,6.99,6.99
99,1410,"2005-07-01",1,3.99,3.99
99,1464,"2005-07-01",1,4.99,4.99
99,1618,"2005-07-01",1,2.99,2.99
99,1906,"2005-07-01",1,4.99,4.99
99,1940,"2005-07-01",1,4.99,4.99
99,2347,"2005-07-01",1,0.99,0.99
99,2665,"2005-07-01",1,2.99,2.99
99,2879,"2005-08-01",1,0.99,0.99
99,3180,"2005-08-01",1,7.99,7.99
99,3185,"2005-07-01",1,2.99,2.99
99,3200,"2005-06-01",1,4.99,4.99
99,3699,"2005-07-01",1,2.99,2.99
99,3755,"2005-07-01",1,0.99,0.99
99,3939,"2005-08-01",1,8.99,8.99
99,3972,"2005-08-01",1,4.99,4.99
99,4197,"2005-08-01",1,1.99,1.99
100,14,"2005-06-01",1,2.99,2.99
100,116,"2005-07-01",1,1.99,1.99
100,251,"2005-06-01",1,3.99,3.99
100,418,"2006-02-01",1,0.99,0.99
100,584,"2005-08-01",1,4.99,4.99
100,2010,"2005-07-01",1,2.99,2.99
100,2192,"2005-07-01",1,5.99,5.99
100,2458,"2005-07-01",1,6.99,6.99
100,2638,"2005-07-01",1,6.99,6.99
100,2660,"2005-07-01",1,4.99,4.99
100,2899,"2005-06-01",1,6.99,6.99
100,2983,"2005-07-01",1,8.99,8.99
100,3182,"2005-07-01",1,4.99,4.99
100,3297,"2005-07-01",1,4.99,4.99
100,3382,"2005-08-01",1,0.99,0.99
100,3597,"2005-08-01",1,0.99,0.99
100,3621,"2005-08-01",1,0.99,0.99
100,3786,"2005-08-01",1,3.99,3.99
100,3878,"2005-07-01",1,0.99,0.99
100,3929,"2005-07-01",1,5.99,5.99
100,3937,"2005-07-01",1,4.99,4.99
100,3973,"2005-06-01",1,4.99,4.99
100,4004,"2005-07-01",1,8.99,8.99
101,218,"2005-07-01",1,2.99,2.99
101,239,"2005-08-01",1,1.99,1.99
101,242,"2005-08-01",1,4.99,4.99
101,543,"2005-08-01",1,0.99,0.99
101,562,"2005-07-01",1,0.99,0.99
101,731,"2006-02-01",1,0.99,0.99
101,853,"2005-08-01",1,2.99,2.99
101,881,"2005-07-01",1,1.99,1.99
101,1247,"2005-08-01",1,3.99,3.99
101,1357,"2005-07-01",1,5.99,5.99
101,1406,"2005-08-01",1,6.99,6.99
101,1458,"2005-08-01",1,2.99,2.99
101,1602,"2005-07-01",1,8.99,8.99
101,1741,"2005-07-01",1,4.99,4.99
101,1827,"2005-07-01",1,2.99,2.99
101,2694,"2005-08-01",1,4.99,4.99
101,2821,"2005-08-01",1,0.99,0.99
101,3193,"2005-07-01",1,2.99,2.99
101,3730,"2005-07-01",1,2.99,2.99
101,3886,"2005-08-01",1,0.99,0.99
101,3946,"2005-07-01",1,6.99,6.99
101,4056,"2005-07-01",1,5.99,5.99
101,4158,"2005-07-01",1,5.99,5.99
102,186,"2005-07-01",1,6.99,6.99
102,198,"2005-07-01",1,5.99,5.99
102,242,"2005-06-01",1,2.99,2.99
102,449,"2005-07-01",1,3.99,3.99
102,494,"2005-07-01",1,0.99,0.99
102,529,"2005-07-01",1,2.99,2.99
102,833,"2005-08-01",1,4.99,4.99
102,922,"2005-07-01",1,4.99,4.99
102,1142,"2005-07-01",1,5.99,5.99
102,1225,"2005-08-01",1,4.99,4.99
102,1255,"2005-06-01",1,8.99,8.99
102,1444,"2005-08-01",1,4.99,4.99
102,1445,"2005-07-01",1,0.99,0.99
102,1478,"2005-07-01",1,5.99,5.99
102,1539,"2005-07-01",1,5.99,5.99
102,1573,"2005-08-01",1,1.99,1.99
102,1732,"2005-07-01",1,0.99,0.99
102,1796,"2005-08-01",1,9.99,9.99
102,1843,"2005-08-01",1,3.99,3.99
102,2372,"2005-07-01",1,2.99,2.99
102,2373,"2005-07-01",1,4.99,4.99
102,2448,"2005-07-01",1,1.99,1.99
102,2872,"2005-07-01",1,1.99,1.99
102,3241,"2005-07-01",1,4.99,4.99
102,3416,"2005-07-01",1,2.99,2.99
102,3431,"2005-07-01",1,6.99,6.99
102,3956,"2005-07-01",1,3.99,3.99
102,4091,"2005-07-01",1,6.99,6.99
102,4255,"2005-07-01",1,0.99,0.99
102,4337,"2005-08-01",1,1.99,1.99
103,210,"2005-07-01",1,6.99,6.99
103,705,"2005-07-01",1,2.99,2.99
103,1007,"2005-06-01",1,4.99,4.99
103,1185,"2005-08-01",1,4.99,4.99
103,1261,"2005-06-01",1,0.99,0.99
103,1314,"2005-07-01",1,0.99,0.99
103,1408,"2005-07-01",1,5.99,5.99
103,1486,"2005-07-01",1,4.99,4.99
103,1535,"2005-07-01",1,6.99,6.99
103,1594,"2005-07-01",1,2.99,2.99
103,1700,"2005-07-01",1,4.99,4.99
103,1721,"2005-08-01",1,8.99,8.99
103,1794,"2005-07-01",1,4.99,4.99
103,1836,"2005-07-01",1,4.99,4.99
103,2019,"2005-08-01",1,8.99,8.99
103,2422,"2005-07-01",1,6.99,6.99
103,2440,"2005-07-01",1,4.99,4.99
103,2938,"2005-08-01",1,2.99,2.99
103,2945,"2005-08-01",1,0.99,0.99
103,3046,"2005-07-01",1,6.99,6.99
103,3170,"2005-08-01",1,0.99,0.99
103,3350,"2005-06-01",1,0.99,0.99
103,3413,"2005-07-01",1,1.99,1.99
103,3658,"2005-08-01",1,3.99,3.99
103,3711,"2005-07-01",1,0.99,0.99
103,3879,"2005-06-01",1,0.99,0.99
103,3938,"2005-08-01",1,7.99,7.99
103,4542,"2005-08-01",1,5.99,5.99
103,4560,"2005-08-01",1,5.99,5.99
104,1265,"2005-06-01",1,0.99,0.99
104,1270,"2005-06-01",1,0.99,0.99
104,1323,"2005-08-01",1,0.99,0.99
104,1361,"2005-07-01",1,7.99,7.99
104,1400,"2005-07-01",1,4.99,4.99
104,1421,"2005-08-01",1,3.99,3.99
104,1624,"2005-08-01",1,4.99,4.99
104,1730,"2005-07-01",1,1.99,1.99
104,1883,"2005-07-01",1,2.99,2.99
104,2160,"2005-08-01",1,1.99,1.99
104,2365,"2005-08-01",1,2.99,2.99
104,2487,"2005-08-01",1,3.99,3.99
104,2762,"2005-07-01",1,1.99,1.99
104,3231,"2005-07-01",1,2.99,2.99
104,3271,"2005-07-01",1,5.99,5.99
104,3417,"2005-08-01",1,0.99,0.99
104,3426,"2005-07-01",1,3.99,3.99
104,3505,"2005-07-01",1,4.99,4.99
104,3538,"2005-06-01",1,2.99,2.99
104,4087,"2005-08-01",1,3.99,3.99
104,4204,"2005-06-01",1,3.99,3.99
104,4371,"2005-07-01",1,6.99,6.99
105,101,"2005-07-01",1,9.99,9.99
105,185,"2005-08-01",1,2.99,2.99
105,393,"2005-07-01",1,4.99,4.99
105,396,"2005-08-01",1,4.99,4.99
105,500,"2005-08-01",1,2.99,2.99
105,830,"2005-08-01",1,2.99,2.99
105,876,"2005-08-01",1,6.99,6.99
105,1713,"2005-07-01",1,2.99,2.99
105,2371,"2005-07-01",1,5.99,5.99
105,2467,"2005-07-01",1,4.99,4.99
105,2471,"2005-07-01",1,2.99,2.99
105,2556,"2005-08-01",1,0.99,0.99
105,2647,"2005-07-01",1,4.99,4.99
105,2851,"2005-08-01",1,4.99,4.99
105,2899,"2005-07-01",1,4.99,4.99
105,3061,"2005-07-01",1,2.99,2.99
105,3332,"2005-06-01",1,3.99,3.99
105,3475,"2005-08-01",1,0.99,0.99
105,3963,"2005-06-01",1,3.99,3.99
105,4057,"2005-08-01",1,4.99,4.99
105,4264,"2005-06-01",1,3.99,3.99
105,4552,"2005-07-01",1,3.99,3.99
106,575,"2005-07-01",1,3.99,3.99
106,953,"2005-07-01",1,4.99,4.99
106,1462,"2005-08-01",1,8.99,8.99
106,1572,"2005-08-01",1,2.99,2.99
106,1698,"2005-08-01",1,2.99,2.99
106,1742,"2005-08-01",1,2.99,2.99
106,1780,"2005-07-01",1,3.99,3.99
106,1983,"2005-07-01",1,2.99,2.99
106,2080,"2005-07-01",1,4.99,4.99
106,2243,"2005-08-01",1,7.99,7.99
106,2455,"2005-07-01",1,7.99,7.99
106,2701,"2005-07-01",1,3.99,3.99
106,3242,"2005-08-01",1,8.99,8.99
106,3250,"2005-06-01",1,4.99,4.99
106,3357,"2005-08-01",1,0.99,0.99
106,3395,"2005-08-01",1,6.99,6.99
106,3411,"2005-07-01",1,0.99,0.99
106,3678,"2005-07-01",1,4.99,4.99
106,3834,"2005-08-01",1,0.99,0.99
106,4304,"2005-06-01",1,4.99,4.99
106,4536,"2005-07-01",1,2.99,2.99
107,331,"2005-07-01",1,3.99,3.99
107,363,"2006-02-01",1,0.00,0.00
107,455,"2005-07-01",1,6.99,6.99
107,691,"2005-08-01",1,6.99,6.99
107,733,"2006-02-01",1,1.98,1.98
107,986,"2005-07-01",1,4.99,4.99
107,1572,"2005-07-01",1,5.99,5.99
107,1795,"2005-07-01",1,4.99,4.99
107,1992,"2005-07-01",1,0.99,0.99
107,2063,"2005-07-01",1,2.99,2.99
107,2117,"2005-07-01",1,1.99,1.99
107,2316,"2005-07-01",1,2.99,2.99
107,2530,"2005-06-01",1,0.99,0.99
107,2570,"2005-06-01",1,6.99,6.99
107,2629,"2005-06-01",1,2.99,2.99
107,3045,"2005-06-01",1,4.99,4.99
107,3067,"2005-08-01",1,4.99,4.99
107,3107,"2005-07-01",1,6.99,6.99
107,3313,"2005-07-01",1,2.99,2.99
107,3331,"2005-06-01",1,0.99,0.99
107,3464,"2005-06-01",1,3.99,3.99
107,3492,"2005-07-01",1,7.99,7.99
107,3501,"2005-08-01",1,4.99,4.99
107,3616,"2005-08-01",1,3.99,3.99
107,3787,"2005-07-01",1,2.99,2.99
107,4289,"2005-08-01",1,4.99,4.99
107,4393,"2005-07-01",1,4.99,4.99
107,4422,"2005-06-01",1,3.99,3.99
108,29,"2005-07-01",1,4.99,4.99
108,70,"2006-02-01",1,4.99,4.99
108,86,"2005-07-01",1,4.99,4.99
108,219,"2005-06-01",1,2.99,2.99
108,245,"2005-08-01",1,2.99,2.99
108,276,"2005-06-01",1,4.99,4.99
108,521,"2005-08-01",1,5.99,5.99
108,712,"2005-07-01",1,0.99,0.99
108,818,"2005-07-01",1,1.99,1.99
108,1308,"2005-06-01",1,2.99,2.99
108,1740,"2005-08-01",1,2.99,2.99
108,1878,"2005-07-01",1,5.99,5.99
108,1941,"2005-07-01",1,4.99,4.99
108,2171,"2005-08-01",1,3.99,3.99
108,2265,"2005-07-01",1,0.99,0.99
108,2645,"2005-08-01",1,6.99,6.99
108,2655,"2005-08-01",1,2.99,2.99
108,2850,"2005-07-01",1,4.99,4.99
108,2904,"2005-07-01",1,2.99,2.99
108,2912,"2005-07-01",1,4.99,4.99
108,3090,"2005-08-01",1,2.99,2.99
108,3177,"2005-07-01",1,0.99,0.99
108,3340,"2005-08-01",1,6.99,6.99
108,3468,"2005-07-01",1,5.99,5.99
108,3683,"2005-08-01",1,8.99,8.99
108,3740,"2005-06-01",1,4.99,4.99
108,4575,"2005-06-01",1,8.99,8.99
108,4579,"2005-07-01",1,6.99,6.99
109,194,"2005-07-01",1,2.99,2.99
109,425,"2005-07-01",1,4.99,4.99
109,495,"2005-07-01",1,2.99,2.99
109,1199,"2005-07-01",1,0.99,0.99
109,1344,"2005-06-01",1,5.99,5.99
109,1881,"2005-08-01",1,3.99,3.99
109,1983,"2005-06-01",1,6.99,6.99
109,1994,"2005-06-01",1,5.99,5.99
109,2050,"2005-08-01",1,2.99,2.99
109,2179,"2005-07-01",1,2.99,2.99
109,2301,"2005-07-01",1,6.99,6.99
109,3243,"2005-08-01",1,3.99,3.99
109,3576,"2005-06-01",1,3.99,3.99
109,3632,"2005-08-01",1,6.99,6.99
109,3653,"2005-07-01",1,0.99,0.99
109,3959,"2005-07-01",1,3.99,3.99
109,4004,"2005-06-01",1,2.99,2.99
109,4451,"2005-08-01",1,7.99,7.99
109,4494,"2005-08-01",1,0.99,0.99
110,411,"2005-08-01",1,2.99,2.99
110,462,"2005-07-01",1,4.99,4.99
110,773,"2005-08-01",1,3.99,3.99
110,845,"2005-08-01",1,2.99,2.99
110,1912,"2005-07-01",1,0.99,0.99
110,2234,"2005-07-01",1,2.99,2.99
110,2716,"2005-07-01",1,4.99,4.99
110,2971,"2005-07-01",1,0.99,0.99
110,3016,"2005-08-01",1,7.99,7.99
110,3189,"2005-07-01",1,2.99,2.99
110,4297,"2005-06-01",1,8.99,8.99
110,4455,"2005-07-01",1,4.99,4.99
111,19,"2005-08-01",1,6.99,6.99
111,21,"2006-02-01",1,2.99,2.99
111,117,"2005-07-01",1,1.99,1.99
111,189,"2005-08-01",1,2.99,2.99
111,262,"2005-08-01",1,4.99,4.99
111,766,"2005-06-01",1,6.99,6.99
111,1266,"2005-07-01",1,2.99,2.99
111,1305,"2005-06-01",1,2.99,2.99
111,1322,"2005-07-01",1,0.99,0.99
111,1506,"2005-08-01",1,4.99,4.99
111,1979,"2005-06-01",1,2.99,2.99
111,2262,"2005-06-01",1,4.99,4.99
111,2349,"2005-07-01",1,0.99,0.99
111,2434,"2005-08-01",1,0.99,0.99
111,3218,"2005-08-01",1,4.99,4.99
111,3514,"2005-08-01",1,5.99,5.99
111,3602,"2005-07-01",1,3.99,3.99
111,3688,"2005-06-01",1,2.99,2.99
111,3704,"2005-06-01",1,1.99,1.99
111,3912,"2005-07-01",1,9.99,9.99
111,4185,"2005-07-01",1,4.99,4.99
111,4216,"2005-08-01",1,2.99,2.99
111,4302,"2005-08-01",1,3.99,3.99
111,4391,"2005-07-01",1,2.99,2.99
111,4496,"2005-07-01",1,0.99,0.99
112,79,"2005-06-01",1,2.99,2.99
112,170,"2005-07-01",1,5.99,5.99
112,276,"2005-08-01",1,8.99,8.99
112,693,"2005-07-01",1,4.99,4.99
112,803,"2005-08-01",1,5.99,5.99
112,861,"2005-08-01",1,0.99,0.99
112,878,"2005-08-01",1,2.99,2.99
112,1003,"2005-08-01",1,3.99,3.99
112,1013,"2005-06-01",1,4.99,4.99
112,1335,"2005-08-01",1,5.99,5.99
112,1460,"2005-08-01",1,8.99,8.99
112,1482,"2005-06-01",1,4.99,4.99
112,1561,"2005-07-01",1,4.99,4.99
112,1579,"2005-07-01",1,4.99,4.99
112,2184,"2005-07-01",1,2.99,2.99
112,2881,"2005-08-01",1,4.99,4.99
112,3227,"2005-08-01",1,2.99,2.99
112,3558,"2005-07-01",1,6.99,6.99
112,3568,"2005-07-01",1,4.99,4.99
112,3716,"2005-08-01",1,0.99,0.99
112,3722,"2005-07-01",1,4.99,4.99
112,3727,"2005-07-01",1,2.99,2.99
112,3749,"2005-08-01",1,7.99,7.99
112,3879,"2005-07-01",1,3.99,3.99
112,4022,"2005-08-01",1,2.99,2.99
112,4150,"2005-06-01",1,2.99,2.99
112,4291,"2005-07-01",1,2.99,2.99
112,4332,"2005-08-01",1,4.99,4.99
113,76,"2005-07-01",1,2.99,2.99
113,326,"2005-07-01",1,5.99,5.99
113,655,"2005-07-01",1,2.99,2.99
113,1246,"2005-08-01",1,3.99,3.99
113,1424,"2005-08-01",1,2.99,2.99
113,1699,"2005-08-01",1,7.99,7.99
113,2260,"2005-08-01",1,1.99,1.99
113,2496,"2005-07-01",1,6.99,6.99
113,2539,"2005-07-01",1,2.99,2.99
113,2695,"2005-08-01",1,5.99,5.99
113,2744,"2005-07-01",1,0.99,0.99
113,2778,"2005-06-01",1,2.99,2.99
113,2836,"2005-06-01",1,0.99,0.99
113,3031,"2005-08-01",1,2.99,2.99
113,3111,"2005-08-01",1,4.99,4.99
113,3166,"2005-07-01",1,5.99,5.99
113,3220,"2005-06-01",1,6.99,6.99
113,3306,"2005-07-01",1,0.99,0.99
113,3342,"2005-06-01",1,8.99,8.99
113,3470,"2005-07-01",1,4.99,4.99
113,3704,"2005-08-01",1,1.99,1.99
113,4024,"2005-07-01",1,2.99,2.99
113,4110,"2005-08-01",1,0.99,0.99
113,4134,"2005-07-01",1,5.99,5.99
113,4306,"2005-08-01",1,5.99,5.99
113,4388,"2005-06-01",1,2.99,2.99
113,4478,"2005-06-01",1,4.99,4.99
114,55,"2005-07-01",1,0.99,0.99
114,187,"2005-07-01",1,2.99,2.99
114,189,"2005-07-01",1,2.99,2.99
114,271,"2005-08-01",1,4.99,4.99
114,281,"2005-08-01",1,0.99,0.99
114,474,"2005-08-01",1,5.99,5.99
114,737,"2005-08-01",1,4.99,4.99
114,739,"2005-06-01",1,2.99,2.99
114,765,"2005-07-01",1,4.99,4.99
114,865,"2005-06-01",1,7.99,7.99
114,878,"2005-07-01",1,2.99,2.99
114,1015,"2005-07-01",1,4.99,4.99
114,1028,"2005-07-01",1,2.99,2.99
114,1132,"2006-02-01",1,4.99,4.99
114,1300,"2005-06-01",1,5.99,5.99
114,1460,"2005-07-01",1,4.99,4.99
114,1751,"2005-07-01",1,2.99,2.99
114,1865,"2005-08-01",1,0.99,0.99
114,1934,"2005-07-01",1,4.99,4.99
114,2048,"2005-06-01",1,2.99,2.99
114,2088,"2005-08-01",1,0.99,0.99
114,2505,"2005-07-01",1,10.99,10.99
114,2579,"2005-07-01",1,5.99,5.99
114,3033,"2005-08-01",1,2.99,2.99
114,3217,"2005-08-01",1,3.99,3.99
114,3344,"2005-07-01",1,2.99,2.99
114,3666,"2005-08-01",1,6.99,6.99
114,3908,"2005-07-01",1,0.99,0.99
114,4207,"2005-07-01",1,4.99,4.99
114,4283,"2005-08-01",1,6.99,6.99
115,275,"2005-07-01",1,6.99,6.99
115,621,"2005-07-01",1,5.99,5.99
115,717,"2005-08-01",1,0.99,0.99
115,868,"2005-08-01",1,0.99,0.99
115,1042,"2005-07-01",1,0.99,0.99
115,1126,"2005-08-01",1,0.99,0.99
115,1778,"2005-07-01",1,0.99,0.99
115,1836,"2005-07-01",1,4.99,4.99
115,1900,"2005-07-01",1,3.99,3.99
115,2248,"2005-06-01",1,6.99,6.99
115,2357,"2005-07-01",1,4.99,4.99
115,2619,"2005-08-01",1,2.99,2.99
115,2682,"2005-07-01",1,2.99,2.99
115,2740,"2005-07-01",1,1.99,1.99
115,2931,"2005-08-01",1,4.99,4.99
115,2965,"2005-07-01",1,0.99,0.99
115,3063,"2005-08-01",1,6.99,6.99
115,3098,"2005-07-01",1,0.99,0.99
115,3137,"2005-08-01",1,2.99,2.99
115,3244,"2005-06-01",1,2.99,2.99
115,3547,"2005-07-01",1,4.99,4.99
115,3751,"2006-02-01",1,2.99,2.99
115,3799,"2005-08-01",1,0.99,0.99
115,3803,"2005-07-01",1,1.99,1.99
115,4155,"2005-07-01",1,4.99,4.99
115,4338,"2005-06-01",1,0.99,0.99
115,4437,"2005-07-01",1,2.99,2.99
116,56,"2005-07-01",1,0.99,0.99
116,852,"2005-08-01",1,2.99,2.99
116,1197,"2005-07-01",1,0.99,0.99
116,1209,"2005-08-01",1,0.99,0.99
116,1412,"2005-06-01",1,0.99,0.99
116,1442,"2005-07-01",1,4.99,4.99
116,1463,"2005-08-01",1,7.99,7.99
116,1480,"2005-08-01",1,11.99,11.99
116,1489,"2005-06-01",1,3.99,3.99
116,1502,"2005-07-01",1,2.99,2.99
116,1571,"2005-07-01",1,3.99,3.99
116,1825,"2005-06-01",1,4.99,4.99
116,1858,"2005-08-01",1,6.99,6.99
116,2452,"2005-06-01",1,0.99,0.99
116,2461,"2005-07-01",1,5.99,5.99
116,2469,"2005-08-01",1,2.99,2.99
116,2586,"2005-07-01",1,6.99,6.99
116,2608,"2005-07-01",1,2.99,2.99
116,2728,"2005-08-01",1,0.99,0.99
116,3050,"2005-06-01",1,4.99,4.99
116,3706,"2005-08-01",1,1.99,1.99
116,3757,"2005-08-01",1,1.99,1.99
116,3971,"2005-06-01",1,4.99,4.99
116,3980,"2005-07-01",1,6.99,6.99
116,4286,"2005-07-01",1,4.99,4.99
116,4446,"2005-08-01",1,4.99,4.99
117,144,"2005-08-01",1,2.99,2.99
117,222,"2005-07-01",1,2.99,2.99
117,246,"2005-08-01",1,3.99,3.99
117,302,"2005-08-01",1,4.99,4.99
117,441,"2005-08-01",1,0.99,0.99
117,1721,"2005-06-01",1,2.99,2.99
117,1828,"2005-06-01",1,2.99,2.99
117,1868,"2005-07-01",1,9.99,9.99
117,1896,"2005-08-01",1,2.99,2.99
117,1989,"2005-08-01",1,2.99,2.99
117,2432,"2005-07-01",1,5.99,5.99
117,2876,"2005-08-01",1,2.99,2.99
117,3441,"2005-08-01",1,6.99,6.99
117,4018,"2005-07-01",1,0.99,0.99
117,4221,"2005-08-01",1,2.99,2.99
117,4395,"2005-07-01",1,6.99,6.99
117,4399,"2005-08-01",1,4.99,4.99
118,58,"2005-07-01",1,1.99,1.99
118,523,"2005-08-01",1,6.99,6.99
118,1373,"2005-08-01",1,2.99,2.99
118,1879,"2005-08-01",1,7.99,7.99
118,2012,"2005-07-01",1,4.99,4.99
118,2041,"2005-06-01",1,4.99,4.99
118,2182,"2005-07-01",1,3.99,3.99
118,2260,"2005-06-01",1,0.99,0.99
118,2463,"2005-07-01",1,1.99,1.99
118,2913,"2005-07-01",1,4.99,4.99
118,2998,"2005-07-01",1,2.99,2.99
118,3403,"2005-08-01",1,0.99,0.99
118,3405,"2005-07-01",1,1.99,1.99
118,3491,"2005-06-01",1,4.99,4.99
118,3566,"2005-07-01",1,7.99,7.99
118,4017,"2005-07-01",1,0.99,0.99
118,4189,"2005-08-01",1,2.99,2.99
118,4335,"2005-07-01",1,4.99,4.99
118,4360,"2005-07-01",1,0.99,0.99
118,4555,"2005-08-01",1,5.99,5.99
119,96,"2005-08-01",1,3.99,3.99
119,328,"2005-07-01",1,5.99,5.99
119,329,"2005-08-01",1,2.99,2.99
119,556,"2005-06-01",1,5.99,5.99
119,798,"2005-08-01",1,6.99,6.99
119,816,"2005-06-01",1,7.99,7.99
119,928,"2005-08-01",1,0.99,0.99
119,1083,"2005-07-01",1,0.99,0.99
119,1201,"2005-08-01",1,6.99,6.99
119,1468,"2005-08-01",1,4.99,4.99
119,1494,"2005-07-01",1,7.99,7.99
119,1545,"2005-07-01",1,5.99,5.99
119,1670,"2005-07-01",1,8.99,8.99
119,1753,"2005-08-01",1,4.99,4.99
119,1902,"2005-06-01",1,2.99,2.99
119,1930,"2005-08-01",1,3.99,3.99
119,2027,"2005-08-01",1,2.99,2.99
119,2513,"2005-07-01",1,0.99,0.99
119,2515,"2005-08-01",1,3.99,3.99
119,2540,"2005-08-01",1,6.99,6.99
119,2654,"2005-08-01",1,3.99,3.99
119,2687,"2005-07-01",1,2.99,2.99
119,2769,"2005-08-01",1,3.99,3.99
119,3334,"2005-08-01",1,2.99,2.99
119,3536,"2005-08-01",1,5.99,5.99
119,3917,"2005-07-01",1,0.99,0.99
119,4101,"2005-08-01",1,4.99,4.99
119,4119,"2005-08-01",1,2.99,2.99
119,4263,"2005-08-01",1,2.99,2.99
119,4270,"2005-07-01",1,4.99,4.99
119,4431,"2005-07-01",1,4.99,4.99
120,47,"2005-08-01",1,4.99,4.99
120,103,"2005-06-01",1,9.99,9.99
120,488,"2005-07-01",1,3.99,3.99
120,557,"2005-08-01",1,2.99,2.99
120,675,"2005-08-01",1,0.99,0.99
120,785,"2005-06-01",1,4.99,4.99
120,850,"2005-07-01",1,1.99,1.99
120,864,"2005-07-01",1,5.99,5.99
120,949,"2005-08-01",1,7.99,7.99
120,1318,"2005-08-01",1,2.99,2.99
120,1319,"2005-07-01",1,0.99,0.99
120,1355,"2005-07-01",1,0.99,0.99
120,1502,"2005-08-01",1,4.99,4.99
120,1573,"2005-07-01",1,6.99,6.99
120,2651,"2005-07-01",1,0.99,0.99
120,2873,"2005-07-01",1,0.99,0.99
120,2911,"2006-02-01",1,4.99,4.99
120,3185,"2005-06-01",1,2.99,2.99
120,3353,"2005-06-01",1,3.99,3.99
120,3499,"2005-08-01",1,4.99,4.99
120,3672,"2005-06-01",1,4.99,4.99
120,3760,"2005-08-01",1,3.99,3.99
120,4036,"2005-07-01",1,4.99,4.99
120,4060,"2005-08-01",1,6.99,6.99
120,4137,"2005-08-01",1,9.99,9.99
120,4146,"2005-07-01",1,1.99,1.99
120,4282,"2005-07-01",1,6.99,6.99
120,4467,"2005-07-01",1,1.99,1.99
120,4529,"2005-06-01",1,2.99,2.99
120,4576,"2005-07-01",1,9.99,9.99
121,212,"2005-08-01",1,9.99,9.99
121,409,"2005-08-01",1,4.99,4.99
121,610,"2005-07-01",1,0.99,0.99
121,881,"2005-08-01",1,0.99,0.99
121,1044,"2005-08-01",1,0.99,0.99
121,1206,"2005-07-01",1,6.99,6.99
121,1238,"2005-08-01",1,7.99,7.99
121,1255,"2005-07-01",1,4.99,4.99
121,1294,"2005-07-01",1,2.99,2.99
121,1337,"2005-06-01",1,1.99,1.99
121,1432,"2005-08-01",1,5.99,5.99
121,1653,"2005-07-01",1,2.99,2.99
121,1707,"2005-08-01",1,8.99,8.99
121,2043,"2005-07-01",1,8.99,8.99
121,2095,"2005-08-01",1,1.99,1.99
121,2310,"2005-08-01",1,2.99,2.99
121,2340,"2005-07-01",1,0.99,0.99
121,2481,"2005-08-01",1,7.99,7.99
121,3052,"2005-08-01",1,5.99,5.99
121,3412,"2005-07-01",1,1.99,1.99
121,3619,"2005-08-01",1,1.99,1.99
121,3735,"2005-08-01",1,3.99,3.99
121,3892,"2005-07-01",1,0.99,0.99
121,3990,"2005-06-01",1,2.99,2.99
121,4116,"2005-08-01",1,2.99,2.99
122,368,"2005-07-01",1,4.99,4.99
122,452,"2005-06-01",1,4.99,4.99
122,1042,"2005-08-01",1,1.99,1.99
122,1043,"2005-07-01",1,0.99,0.99
122,1044,"2005-07-01",1,6.99,6.99
122,1409,"2005-06-01",1,3.99,3.99
122,1765,"2005-08-01",1,2.99,2.99
122,2181,"2005-07-01",1,2.99,2.99
122,2286,"2005-07-01",1,4.99,4.99
122,2526,"2005-07-01",1,0.99,0.99
122,2530,"2005-08-01",1,4.99,4.99
122,2560,"2005-08-01",1,5.99,5.99
122,2626,"2005-07-01",1,4.99,4.99
122,2784,"2005-08-01",1,4.99,4.99
122,2788,"2005-08-01",1,4.99,4.99
122,2876,"2005-06-01",1,1.99,1.99
122,2922,"2005-08-01",1,3.99,3.99
122,2924,"2005-07-01",1,7.99,7.99
122,3041,"2005-08-01",1,2.99,2.99
122,3197,"2005-06-01",1,4.99,4.99
122,3253,"2005-07-01",1,2.99,2.99
122,3360,"2005-06-01",1,0.99,0.99
122,3526,"2005-07-01",1,5.99,5.99
122,3661,"2005-07-01",1,2.99,2.99
122,3696,"2005-07-01",1,0.99,0.99
122,3719,"2005-06-01",1,0.99,0.99
122,3737,"2005-07-01",1,4.99,4.99
122,3758,"2005-07-01",1,0.99,0.99
122,3866,"2005-07-01",1,7.99,7.99
122,3912,"2005-06-01",1,7.99,7.99
123,138,"2005-06-01",1,0.99,0.99
123,385,"2005-08-01",1,3.99,3.99
123,428,"2005-07-01",1,8.99,8.99
123,461,"2005-07-01",1,3.99,3.99
123,739,"2005-08-01",1,7.99,7.99
123,772,"2005-07-01",1,4.99,4.99
123,816,"2005-07-01",1,4.99,4.99
123,829,"2005-06-01",1,2.99,2.99
123,929,"2005-08-01",1,2.99,2.99
123,955,"2005-06-01",1,0.99,0.99
123,1922,"2005-06-01",1,4.99,4.99
123,2224,"2005-07-01",1,5.99,5.99
123,2274,"2005-07-01",1,2.99,2.99
123,2355,"2005-08-01",1,8.99,8.99
123,2450,"2005-07-01",1,0.99,0.99
123,2932,"2005-08-01",1,2.99,2.99
123,3462,"2005-07-01",1,2.99,2.99
123,3509,"2005-08-01",1,4.99,4.99
123,3515,"2005-06-01",1,4.99,4.99
123,3659,"2005-08-01",1,2.99,2.99
123,3832,"2005-08-01",1,1.99,1.99
123,4080,"2005-07-01",1,4.99,4.99
123,4285,"2005-07-01",1,4.99,4.99
124,1242,"2005-07-01",1,3.99,3.99
124,1343,"2005-07-01",1,2.99,2.99
124,1477,"2005-08-01",1,4.99,4.99
124,1842,"2005-08-01",1,0.99,0.99
124,1870,"2005-08-01",1,4.99,4.99
124,2110,"2005-07-01",1,0.99,0.99
124,2347,"2005-08-01",1,0.99,0.99
124,3375,"2005-08-01",1,5.99,5.99
124,3546,"2005-07-01",1,8.99,8.99
124,3888,"2005-06-01",1,1.99,1.99
124,3964,"2005-07-01",1,2.99,2.99
124,4009,"2005-07-01",1,6.99,6.99
124,4347,"2005-07-01",1,2.99,2.99
124,4523,"2005-07-01",1,7.99,7.99
125,91,"2005-07-01",1,0.99,0.99
125,151,"2005-08-01",1,7.99,7.99
125,380,"2005-07-01",1,4.99,4.99
125,453,"2005-07-01",1,4.99,4.99
125,591,"2005-08-01",1,2.99,2.99
125,595,"2005-07-01",1,0.99,0.99
125,623,"2005-08-01",1,2.99,2.99
125,704,"2005-08-01",1,2.99,2.99
125,817,"2005-07-01",1,0.99,0.99
125,1029,"2005-08-01",1,2.99,2.99
125,1154,"2005-07-01",1,6.99,6.99
125,1258,"2005-06-01",1,4.99,4.99
125,1337,"2005-07-01",1,4.99,4.99
125,1957,"2005-07-01",1,2.99,2.99
125,1969,"2005-07-01",1,0.99,0.99
125,2233,"2005-07-01",1,7.99,7.99
125,2331,"2005-08-01",1,4.99,4.99
125,2520,"2005-08-01",1,2.99,2.99
125,2658,"2005-07-01",1,9.99,9.99
125,2980,"2005-06-01",1,7.99,7.99
125,3041,"2005-06-01",1,2.99,2.99
125,3147,"2005-08-01",1,4.99,4.99
125,3188,"2005-08-01",1,6.99,6.99
125,3203,"2005-08-01",1,4.99,4.99
125,3320,"2005-07-01",1,2.99,2.99
125,3613,"2005-06-01",1,3.99,3.99
125,3634,"2005-07-01",1,2.99,2.99
125,3830,"2005-07-01",1,4.99,4.99
125,4260,"2005-07-01",1,4.99,4.99
125,4333,"2005-08-01",1,0.99,0.99
125,4528,"2005-07-01",1,2.99,2.99
126,181,"2005-08-01",1,3.99,3.99
126,409,"2005-07-01",1,0.99,0.99
126,537,"2005-07-01",1,7.99,7.99
126,596,"2005-07-01",1,0.99,0.99
126,639,"2005-07-01",1,6.99,6.99
126,659,"2005-08-01",1,0.99,0.99
126,1026,"2005-07-01",1,5.99,5.99
126,1382,"2005-07-01",1,0.99,0.99
126,1564,"2005-08-01",1,2.99,2.99
126,1619,"2005-07-01",1,2.99,2.99
126,1746,"2005-07-01",1,0.99,0.99
126,1965,"2005-08-01",1,2.99,2.99
126,2227,"2005-08-01",1,2.99,2.99
126,2268,"2005-06-01",1,2.99,2.99
126,2331,"2005-07-01",1,4.99,4.99
126,2486,"2005-08-01",1,4.99,4.99
126,2542,"2005-07-01",1,6.99,6.99
126,2648,"2005-08-01",1,9.99,9.99
126,2789,"2005-07-01",1,4.99,4.99
126,3025,"2005-07-01",1,2.99,2.99
126,3172,"2005-08-01",1,0.99,0.99
126,3236,"2005-08-01",1,7.99,7.99
126,3461,"2005-08-01",1,7.99,7.99
126,3651,"2005-07-01",1,0.99,0.99
126,4243,"2005-08-01",1,4.99,4.99
127,24,"2005-08-01",1,4.99,4.99
127,351,"2005-07-01",1,2.99,2.99
127,745,"2005-07-01",1,4.99,4.99
127,863,"2005-08-01",1,5.99,5.99
127,1027,"2005-08-01",1,2.99,2.99
127,1186,"2005-08-01",1,2.99,2.99
127,1525,"2005-07-01",1,2.99,2.99
127,1815,"2005-08-01",1,2.99,2.99
127,1946,"2005-06-01",1,3.99,3.99
127,2209,"2005-08-01",1,2.99,2.99
127,2373,"2005-08-01",1,4.99,4.99
127,2484,"2005-07-01",1,6.99,6.99
127,2501,"2005-08-01",1,0.99,0.99
127,2882,"2005-06-01",1,4.99,4.99
127,2936,"2005-08-01",1,2.99,2.99
127,3246,"2005-08-01",1,10.99,10.99
127,3562,"2005-08-01",1,7.99,7.99
127,3784,"2005-06-01",1,2.99,2.99
127,4032,"2005-07-01",1,5.99,5.99
127,4094,"2005-07-01",1,6.99,6.99
127,4198,"2005-07-01",1,5.99,5.99
127,4272,"2005-08-01",1,5.99,5.99
128,108,"2005-08-01",1,2.99,2.99
128,187,"2005-08-01",1,3.99,3.99
128,252,"2005-07-01",1,2.99,2.99
128,442,"2005-08-01",1,8.99,8.99
128,606,"2005-07-01",1,2.99,2.99
128,1082,"2005-07-01",1,5.99,5.99
128,1172,"2005-06-01",1,7.99,7.99
128,1256,"2005-08-01",1,5.99,5.99
128,1362,"2005-08-01",1,8.99,8.99
128,1466,"2005-07-01",1,4.99,4.99
128,1523,"2005-07-01",1,2.99,2.99
128,1634,"2005-07-01",1,3.99,3.99
128,1655,"2005-08-01",1,2.99,2.99
128,1660,"2005-07-01",1,2.99,2.99
128,1719,"2005-08-01",1,2.99,2.99
128,2086,"2005-07-01",1,2.99,2.99
128,2347,"2005-06-01",1,0.99,0.99
128,2392,"2005-07-01",1,6.99,6.99
128,2736,"2005-07-01",1,2.99,2.99
128,2903,"2005-07-01",1,2.99,2.99
128,3279,"2005-08-01",1,2.99,2.99
128,3542,"2005-07-01",1,4.99,4.99
128,3591,"2005-07-01",1,5.99,5.99
128,3652,"2005-07-01",1,0.99,0.99
128,3698,"2005-08-01",1,0.99,0.99
128,3756,"2005-08-01",1,0.99,0.99
128,3941,"2005-07-01",1,4.99,4.99
128,3968,"2005-08-01",1,0.99,0.99
128,3990,"2005-07-01",1,5.99,5.99
128,4471,"2005-08-01",1,0.99,0.99
129,265,"2005-07-01",1,7.99,7.99
129,279,"2005-08-01",1,2.99,2.99
129,350,"2005-07-01",1,7.99,7.99
129,724,"2005-07-01",1,4.99,4.99
129,905,"2005-08-01",1,4.99,4.99
129,909,"2005-08-01",1,4.99,4.99
129,1034,"2005-07-01",1,2.99,2.99
129,1035,"2005-08-01",1,3.99,3.99
129,1180,"2005-08-01",1,4.99,4.99
129,1222,"2005-07-01",1,5.99,5.99
129,1386,"2005-07-01",1,2.99,2.99
129,1497,"2005-07-01",1,4.99,4.99
129,1521,"2005-08-01",1,2.99,2.99
129,1612,"2005-08-01",1,0.99,0.99
129,1870,"2005-07-01",1,4.99,4.99
129,1980,"2005-08-01",1,2.99,2.99
129,2115,"2005-08-01",1,0.99,0.99
129,2271,"2005-08-01",1,0.99,0.99
129,2287,"2005-06-01",1,0.99,0.99
129,3006,"2005-07-01",1,2.99,2.99
129,3018,"2005-06-01",1,0.99,0.99
129,3024,"2005-06-01",1,3.99,3.99
129,3156,"2005-08-01",1,4.99,4.99
129,3168,"2005-07-01",1,0.99,0.99
129,3261,"2005-06-01",1,3.99,3.99
129,3302,"2005-08-01",1,1.99,1.99
129,3616,"2005-07-01",1,0.99,0.99
129,3649,"2005-07-01",1,0.99,0.99
129,3694,"2005-06-01",1,4.99,4.99
129,4029,"2005-08-01",1,10.99,10.99
129,4258,"2005-07-01",1,0.99,0.99
129,4397,"2005-06-01",1,4.99,4.99
129,4423,"2005-07-01",1,4.99,4.99
129,4440,"2005-07-01",1,0.99,0.99
130,173,"2005-06-01",1,2.99,2.99
130,195,"2005-08-01",1,2.99,2.99
130,492,"2005-07-01",1,0.99,0.99
130,518,"2005-07-01",1,5.99,5.99
130,699,"2005-07-01",1,3.99,3.99
130,901,"2005-06-01",1,2.99,2.99
130,1050,"2005-08-01",1,2.99,2.99
130,1294,"2005-08-01",1,0.99,0.99
130,1815,"2005-06-01",1,2.99,2.99
130,2413,"2005-06-01",1,2.99,2.99
130,2574,"2005-06-01",1,6.99,6.99
130,2600,"2005-06-01",1,2.99,2.99
130,2614,"2005-07-01",1,4.99,4.99
130,2788,"2005-07-01",1,4.99,4.99
130,3009,"2005-08-01",1,2.99,2.99
130,3013,"2005-07-01",1,4.99,4.99
130,3178,"2005-07-01",1,0.99,0.99
130,3215,"2005-07-01",1,4.99,4.99
130,3253,"2005-08-01",1,5.99,5.99
130,3467,"2005-08-01",1,6.99,6.99
130,3864,"2005-08-01",1,5.99,5.99
130,4241,"2005-08-01",1,4.99,4.99
131,201,"2005-08-01",1,4.99,4.99
131,481,"2005-07-01",1,2.99,2.99
131,629,"2005-08-01",1,2.99,2.99
131,1401,"2005-07-01",1,4.99,4.99
131,1472,"2005-08-01",1,2.99,2.99
131,2131,"2005-06-01",1,4.99,4.99
131,2136,"2005-07-01",1,2.99,2.99
131,2162,"2005-08-01",1,1.99,1.99
131,2255,"2005-07-01",1,3.99,3.99
131,2512,"2005-08-01",1,0.99,0.99
131,2582,"2005-07-01",1,0.99,0.99
131,2756,"2005-08-01",1,0.99,0.99
131,2790,"2005-08-01",1,2.99,2.99
131,2982,"2005-08-01",1,9.99,9.99
131,3094,"2005-07-01",1,8.99,8.99
131,3152,"2005-07-01",1,2.99,2.99
131,3220,"2005-07-01",1,2.99,2.99
131,3582,"2005-07-01",1,2.99,2.99
131,3682,"2005-08-01",1,6.99,6.99
131,3749,"2005-07-01",1,3.99,3.99
131,4037,"2005-06-01",1,9.99,9.99
131,4053,"2005-08-01",1,0.99,0.99
131,4107,"2005-07-01",1,6.99,6.99
131,4139,"2005-08-01",1,0.99,0.99
131,4428,"2005-07-01",1,4.99,4.99
131,4541,"2005-08-01",1,7.99,7.99
131,4573,"2005-08-01",1,2.99,2.99
132,99,"2005-07-01",1,5.99,5.99
132,119,"2005-08-01",1,0.99,0.99
132,402,"2005-07-01",1,2.99,2.99
132,580,"2005-06-01",1,4.99,4.99
132,621,"2005-08-01",1,4.99,4.99
132,630,"2005-07-01",1,2.99,2.99
132,681,"2005-07-01",1,0.99,0.99
132,797,"2005-06-01",1,4.99,4.99
132,1191,"2005-07-01",1,5.99,5.99
132,1585,"2005-07-01",1,0.99,0.99
132,1618,"2005-06-01",1,2.99,2.99
132,1638,"2005-07-01",1,1.99,1.99
132,1769,"2005-07-01",1,0.99,0.99
132,1872,"2005-07-01",1,4.99,4.99
132,1958,"2005-08-01",1,0.99,0.99
132,2189,"2005-08-01",1,3.99,3.99
132,2236,"2005-08-01",1,4.99,4.99
132,2239,"2005-08-01",1,6.99,6.99
132,2345,"2005-06-01",1,4.99,4.99
132,2437,"2005-07-01",1,1.99,1.99
132,2518,"2005-07-01",1,4.99,4.99
132,2714,"2005-06-01",1,0.99,0.99
132,3169,"2005-07-01",1,0.99,0.99
132,3378,"2005-06-01",1,0.99,0.99
132,3645,"2005-07-01",1,1.99,1.99
132,3836,"2005-08-01",1,0.99,0.99
132,3897,"2005-08-01",1,6.99,6.99
132,4107,"2005-07-01",1,6.99,6.99
133,235,"2005-06-01",1,3.99,3.99
133,252,"2005-08-01",1,2.99,2.99
133,358,"2005-07-01",1,0.99,0.99
133,657,"2005-06-01",1,0.99,0.99
133,757,"2005-08-01",1,4.99,4.99
133,920,"2005-07-01",1,0.99,0.99
133,927,"2005-08-01",1,0.99,0.99
133,1025,"2005-07-01",1,6.99,6.99
133,1027,"2005-07-01",1,2.99,2.99
133,1055,"2005-08-01",1,2.99,2.99
133,1241,"2005-07-01",1,6.99,6.99
133,1315,"2005-08-01",1,1.99,1.99
133,1484,"2005-07-01",1,6.99,6.99
133,1677,"2005-06-01",1,0.99,0.99
133,2661,"2005-07-01",1,2.99,2.99
133,2809,"2005-07-01",1,2.99,2.99
133,2874,"2005-07-01",1,0.99,0.99
133,3055,"2005-08-01",1,6.99,6.99
133,3111,"2005-08-01",1,4.99,4.99
133,3332,"2005-07-01",1,3.99,3.99
133,3594,"2005-08-01",1,0.99,0.99
133,3818,"2005-07-01",1,2.99,2.99
133,4302,"2005-07-01",1,2.99,2.99
133,4481,"2005-07-01",1,4.99,4.99
133,4531,"2005-06-01",1,7.99,7.99
134,159,"2005-06-01",1,0.99,0.99
134,312,"2005-08-01",1,4.99,4.99
134,585,"2005-07-01",1,4.99,4.99
134,1118,"2005-06-01",1,5.99,5.99
134,1272,"2005-07-01",1,1.99,1.99
134,1400,"2005-08-01",1,4.99,4.99
134,1694,"2005-08-01",1,6.99,6.99
134,1846,"2005-08-01",1,3.99,3.99
134,2178,"2005-07-01",1,2.99,2.99
134,2285,"2005-07-01",1,0.99,0.99
134,2758,"2005-07-01",1,2.99,2.99
134,3116,"2005-08-01",1,2.99,2.99
134,3157,"2005-08-01",1,2.99,2.99
134,3665,"2005-08-01",1,2.99,2.99
134,3671,"2005-07-01",1,4.99,4.99
134,3741,"2005-06-01",1,9.99,9.99
134,3792,"2005-06-01",1,0.99,0.99
134,3819,"2005-08-01",1,2.99,2.99
134,4154,"2005-08-01",1,7.99,7.99
135,184,"2005-07-01",1,3.99,3.99
135,268,"2005-08-01",1,5.99,5.99
135,957,"2005-08-01",1,2.99,2.99
135,1099,"2005-08-01",1,7.99,7.99
135,1211,"2005-07-01",1,0.99,0.99
135,1415,"2005-08-01",1,0.99,0.99
135,1420,"2005-07-01",1,0.99,0.99
135,1434,"2005-07-01",1,6.99,6.99
135,1684,"2005-08-01",1,0.99,0.99
135,1799,"2005-07-01",1,3.99,3.99
135,1805,"2005-07-01",1,7.99,7.99
135,1855,"2005-07-01",1,4.99,4.99
135,1878,"2005-07-01",1,4.99,4.99
135,2453,"2005-08-01",1,2.99,2.99
135,2613,"2005-07-01",1,3.99,3.99
135,2617,"2005-07-01",1,0.99,0.99
135,2726,"2005-07-01",1,0.99,0.99
135,2732,"2005-08-01",1,5.99,5.99
135,2738,"2005-08-01",1,3.99,3.99
135,2855,"2006-02-01",1,0.99,0.99
135,2984,"2005-07-01",1,7.99,7.99
135,3128,"2005-06-01",1,0.99,0.99
135,3586,"2005-08-01",1,2.99,2.99
135,3632,"2005-06-01",1,2.99,2.99
135,3805,"2005-06-01",1,1.99,1.99
135,3998,"2005-07-01",1,0.99,0.99
135,4001,"2005-07-01",1,7.99,7.99
135,4082,"2005-08-01",1,0.99,0.99
136,244,"2005-07-01",1,3.99,3.99
136,1504,"2005-08-01",1,2.99,2.99
136,1722,"2005-07-01",1,3.99,3.99
136,2064,"2005-07-01",1,8.99,8.99
136,2238,"2005-08-01",1,5.99,5.99
136,2566,"2005-07-01",1,0.99,0.99
136,2798,"2005-08-01",1,4.99,4.99
136,3062,"2005-08-01",1,0.99,0.99
136,3084,"2005-06-01",1,2.99,2.99
136,3259,"2005-08-01",1,0.99,0.99
136,3761,"2005-07-01",1,5.99,5.99
136,3848,"2005-08-01",1,4.99,4.99
136,4066,"2005-07-01",1,0.99,0.99
136,4132,"2005-08-01",1,10.99,10.99
137,110,"2005-07-01",1,2.99,2.99
137,460,"2005-08-01",1,3.99,3.99
137,619,"2005-07-01",1,2.99,2.99
137,684,"2005-08-01",1,2.99,2.99
137,787,"2005-08-01",1,4.99,4.99
137,826,"2005-06-01",1,2.99,2.99
137,938,"2005-06-01",1,3.99,3.99
137,963,"2005-07-01",1,4.99,4.99
137,966,"2005-08-01",1,4.99,4.99
137,991,"2005-07-01",1,2.99,2.99
137,1300,"2005-08-01",1,5.99,5.99
137,1714,"2005-07-01",1,6.99,6.99
137,1762,"2005-08-01",1,0.99,0.99
137,1776,"2005-07-01",1,6.99,6.99
137,1870,"2005-07-01",1,6.99,6.99
137,1936,"2005-07-01",1,4.99,4.99
137,1967,"2005-07-01",1,5.99,5.99
137,1993,"2005-06-01",1,6.99,6.99
137,2046,"2005-08-01",1,7.99,7.99
137,2096,"2005-07-01",1,4.99,4.99
137,2168,"2005-07-01",1,2.99,2.99
137,2210,"2005-08-01",1,3.99,3.99
137,2355,"2005-08-01",1,7.99,7.99
137,2439,"2005-08-01",1,5.99,5.99
137,2595,"2005-07-01",1,7.99,7.99
137,2715,"2005-07-01",1,8.99,8.99
137,2740,"2005-06-01",1,5.99,5.99
137,2951,"2005-07-01",1,3.99,3.99
137,2958,"2005-08-01",1,2.99,2.99
137,3074,"2005-08-01",1,5.99,5.99
137,3143,"2005-08-01",1,4.99,4.99
137,3258,"2005-07-01",1,0.99,0.99
137,3277,"2005-07-01",1,4.99,4.99
137,3408,"2005-08-01",1,0.99,0.99
137,3672,"2005-07-01",1,6.99,6.99
137,3740,"2005-07-01",1,4.99,4.99
137,4161,"2005-08-01",1,9.99,9.99
137,4474,"2005-07-01",1,3.99,3.99
138,97,"2005-07-01",1,1.99,1.99
138,366,"2005-07-01",1,3.99,3.99
138,389,"2005-07-01",1,4.99,4.99
138,1074,"2005-08-01",1,5.99,5.99
138,1173,"2005-07-01",1,9.99,9.99
138,1513,"2005-08-01",1,4.99,4.99
138,1523,"2005-07-01",1,2.99,2.99
138,1567,"2005-07-01",1,0.99,0.99
138,1570,"2005-07-01",1,0.99,0.99
138,1730,"2005-07-01",1,0.99,0.99
138,1944,"2005-08-01",1,0.99,0.99
138,1981,"2005-07-01",1,2.99,2.99
138,2003,"2005-08-01",1,1.99,1.99
138,2140,"2005-08-01",1,2.99,2.99
138,2256,"2005-07-01",1,4.99,4.99
138,2294,"2005-08-01",1,4.99,4.99
138,2446,"2005-07-01",1,3.99,3.99
138,2739,"2005-08-01",1,0.99,0.99
138,2755,"2005-08-01",1,3.99,3.99
138,2809,"2005-07-01",1,2.99,2.99
138,3119,"2005-08-01",1,4.99,4.99
138,3452,"2005-08-01",1,2.99,2.99
138,3575,"2005-07-01",1,2.99,2.99
138,3713,"2005-07-01",1,1.99,1.99
138,3891,"2005-06-01",1,0.99,0.99
138,4081,"2005-07-01",1,0.99,0.99
138,4218,"2005-06-01",1,7.99,7.99
138,4231,"2005-06-01",1,0.99,0.99
138,4267,"2005-08-01",1,2.99,2.99
138,4331,"2005-08-01",1,4.99,4.99
138,4411,"2005-08-01",1,4.99,4.99
138,4468,"2005-08-01",1,0.99,0.99
139,10,"2005-08-01",1,9.99,9.99
139,66,"2005-06-01",1,0.99,0.99
139,207,"2005-08-01",1,5.99,5.99
139,329,"2005-07-01",1,5.99,5.99
139,488,"2005-08-01",1,3.99,3.99
139,715,"2005-07-01",1,6.99,6.99
139,1062,"2005-06-01",1,2.99,2.99
139,1208,"2005-07-01",1,0.99,0.99
139,1625,"2005-08-01",1,0.99,0.99
139,1749,"2005-08-01",1,2.99,2.99
139,1831,"2005-08-01",1,2.99,2.99
139,1917,"2005-08-01",1,2.99,2.99
139,2234,"2005-08-01",1,2.99,2.99
139,2289,"2005-08-01",1,6.99,6.99
139,2431,"2005-07-01",1,0.99,0.99
139,2591,"2005-08-01",1,3.99,3.99
139,2959,"2005-07-01",1,2.99,2.99
139,3087,"2005-07-01",1,6.99,6.99
139,3108,"2005-07-01",1,4.99,4.99
139,3256,"2005-07-01",1,2.99,2.99
139,3336,"2005-07-01",1,2.99,2.99
139,3550,"2005-07-01",1,6.99,6.99
139,3771,"2005-06-01",1,2.99,2.99
139,3889,"2005-07-01",1,0.99,0.99
139,4393,"2005-08-01",1,2.99,2.99
139,4443,"2005-06-01",1,7.99,7.99
139,4482,"2005-07-01",1,7.99,7.99
140,332,"2005-08-01",1,6.99,6.99
140,370,"2005-07-01",1,4.99,4.99
140,569,"2005-08-01",1,4.99,4.99
140,769,"2005-06-01",1,4.99,4.99
140,775,"2005-07-01",1,9.99,9.99
140,1070,"2005-07-01",1,4.99,4.99
140,1506,"2005-08-01",1,2.99,2.99
140,2044,"2005-08-01",1,10.99,10.99
140,2152,"2005-06-01",1,6.99,6.99
140,2200,"2005-08-01",1,2.99,2.99
140,2258,"2005-08-01",1,3.99,3.99
140,2699,"2005-07-01",1,4.99,4.99
140,2838,"2005-06-01",1,0.99,0.99
140,3686,"2005-06-01",1,2.99,2.99
140,3700,"2005-07-01",1,0.99,0.99
140,3832,"2005-07-01",1,0.99,0.99
140,3963,"2005-08-01",1,4.99,4.99
140,4085,"2005-07-01",1,2.99,2.99
141,40,"2005-07-01",1,4.99,4.99
141,125,"2005-08-01",1,3.99,3.99
141,141,"2005-08-01",1,4.99,4.99
141,216,"2005-08-01",1,2.99,2.99
141,251,"2005-08-01",1,2.99,2.99
141,382,"2005-08-01",1,4.99,4.99
141,419,"2005-07-01",1,4.99,4.99
141,734,"2005-08-01",1,2.99,2.99
141,821,"2005-06-01",1,7.99,7.99
141,839,"2005-07-01",1,5.99,5.99
141,856,"2005-07-01",1,2.99,2.99
141,882,"2005-07-01",1,0.99,0.99
141,1001,"2005-07-01",1,4.99,4.99
141,1060,"2005-08-01",1,3.99,3.99
141,1106,"2005-08-01",1,5.99,5.99
141,1497,"2005-08-01",1,2.99,2.99
141,1564,"2005-07-01",1,2.99,2.99
141,1594,"2005-08-01",1,2.99,2.99
141,1709,"2005-08-01",1,2.99,2.99
141,2045,"2005-08-01",1,7.99,7.99
141,2185,"2005-07-01",1,7.99,7.99
141,2190,"2005-07-01",1,2.99,2.99
141,2271,"2005-08-01",1,5.99,5.99
141,2295,"2005-06-01",1,4.99,4.99
141,2341,"2005-08-01",1,0.99,0.99
141,2743,"2005-08-01",1,0.99,0.99
141,2838,"2005-07-01",1,1.99,1.99
141,3097,"2005-08-01",1,4.99,4.99
141,3103,"2005-08-01",1,1.99,1.99
141,4052,"2005-07-01",1,0.99,0.99
141,4445,"2005-06-01",1,7.99,7.99
142,458,"2005-07-01",1,4.99,4.99
142,623,"2005-07-01",1,2.99,2.99
142,776,"2005-06-01",1,2.99,2.99
142,809,"2005-08-01",1,0.99,0.99
142,980,"2005-07-01",1,2.99,2.99
142,1264,"2005-08-01",1,0.99,0.99
142,1700,"2005-07-01",1,7.99,7.99
142,1839,"2005-08-01",1,2.99,2.99
142,1995,"2005-07-01",1,4.99,4.99
142,2283,"2005-08-01",1,0.99,0.99
142,2356,"2005-08-01",1,4.99,4.99
142,2406,"2005-08-01",1,1.99,1.99
142,2854,"2005-08-01",1,0.99,0.99
142,2946,"2006-02-01",1,0.99,0.99
142,3108,"2005-07-01",1,4.99,4.99
142,3156,"2005-07-01",1,2.99,2.99
142,3364,"2005-08-01",1,0.99,0.99
142,3423,"2005-08-01",1,5.99,5.99
142,3537,"2005-07-01",1,2.99,2.99
142,3641,"2005-06-01",1,1.99,1.99
142,3916,"2005-07-01",1,0.99,0.99
142,4427,"2005-07-01",1,5.99,5.99
142,4458,"2005-08-01",1,5.99,5.99
143,261,"2005-06-01",1,4.99,4.99
143,953,"2005-08-01",1,4.99,4.99
143,961,"2005-08-01",1,6.99,6.99
143,1209,"2005-07-01",1,0.99,0.99
143,1458,"2005-06-01",1,3.99,3.99
143,1622,"2005-07-01",1,7.99,7.99
143,1719,"2005-07-01",1,0.99,0.99
143,1792,"2005-07-01",1,6.99,6.99
143,2176,"2005-08-01",1,5.99,5.99
143,2360,"2005-08-01",1,2.99,2.99
143,2842,"2005-07-01",1,1.99,1.99
143,2873,"2005-06-01",1,1.99,1.99
143,3094,"2005-07-01",1,7.99,7.99
143,3226,"2005-07-01",1,4.99,4.99
143,3320,"2005-06-01",1,0.99,0.99
143,3626,"2005-06-01",1,4.99,4.99
143,3681,"2005-08-01",1,6.99,6.99
143,3738,"2005-08-01",1,4.99,4.99
143,3996,"2005-07-01",1,0.99,0.99
143,4567,"2005-07-01",1,0.99,0.99
144,39,"2005-06-01",1,5.99,5.99
144,115,"2005-07-01",1,3.99,3.99
144,173,"2005-08-01",1,4.99,4.99
144,324,"2005-08-01",1,2.99,2.99
144,423,"2005-08-01",1,4.99,4.99
144,491,"2005-06-01",1,4.99,4.99
144,724,"2005-08-01",1,6.99,6.99
144,946,"2005-07-01",1,8.99,8.99
144,992,"2005-07-01",1,3.99,3.99
144,1043,"2005-08-01",1,0.99,0.99
144,1267,"2005-07-01",1,3.99,3.99
144,1495,"2005-07-01",1,9.99,9.99
144,1532,"2005-07-01",1,0.99,0.99
144,1750,"2005-06-01",1,2.99,2.99
144,1802,"2005-07-01",1,2.99,2.99
144,1854,"2005-08-01",1,6.99,6.99
144,1861,"2005-07-01",1,0.99,0.99
144,1886,"2005-08-01",1,4.99,4.99
144,2211,"2005-06-01",1,2.99,2.99
144,2414,"2005-08-01",1,7.99,7.99
144,2561,"2005-08-01",1,2.99,2.99
144,2636,"2005-07-01",1,4.99,4.99
144,2831,"2005-08-01",1,2.99,2.99
144,3004,"2005-07-01",1,7.99,7.99
144,3024,"2005-08-01",1,3.99,3.99
144,3162,"2005-07-01",1,7.99,7.99
144,3215,"2005-08-01",1,5.99,5.99
144,3231,"2005-08-01",1,2.99,2.99
144,3243,"2005-08-01",1,2.99,2.99
144,3264,"2005-06-01",1,4.99,4.99
144,3297,"2005-07-01",1,5.99,5.99
144,3336,"2005-07-01",1,0.99,0.99
144,3441,"2005-07-01",1,5.99,5.99
144,3451,"2005-08-01",1,7.99,7.99
144,3847,"2005-07-01",1,7.99,7.99
144,3909,"2005-07-01",1,7.99,7.99
144,3975,"2005-08-01",1,1.99,1.99
144,4327,"2005-06-01",1,0.99,0.99
144,4369,"2005-07-01",1,6.99,6.99
144,4492,"2005-07-01",1,0.99,0.99
145,10,"2005-07-01",1,4.99,4.99
145,220,"2005-08-01",1,2.99,2.99
145,880,"2005-07-01",1,2.99,2.99
145,1104,"2005-08-01",1,3.99,3.99
145,1422,"2005-08-01",1,5.99,5.99
145,1608,"2005-07-01",1,2.99,2.99
145,1690,"2005-08-01",1,7.99,7.99
145,1747,"2005-07-01",1,2.99,2.99
145,2102,"2005-07-01",1,6.99,6.99
145,2279,"2005-07-01",1,0.99,0.99
145,2401,"2005-07-01",1,1.99,1.99
145,2416,"2005-06-01",1,4.99,4.99
145,2531,"2005-08-01",1,0.99,0.99
145,2718,"2005-08-01",1,6.99,6.99
145,2846,"2005-08-01",1,5.99,5.99
145,3069,"2005-07-01",1,2.99,2.99
145,3170,"2005-07-01",1,0.99,0.99
145,3282,"2005-08-01",1,4.99,4.99
145,3327,"2005-07-01",1,0.99,0.99
145,3605,"2005-07-01",1,2.99,2.99
145,3644,"2005-07-01",1,7.99,7.99
145,3682,"2005-07-01",1,8.99,8.99
145,3735,"2005-07-01",1,0.99,0.99
145,3762,"2005-07-01",1,5.99,5.99
145,4005,"2005-08-01",1,2.99,2.99
145,4147,"2005-06-01",1,0.99,0.99
145,4190,"2005-08-01",1,2.99,2.99
146,61,"2005-06-01",1,1.99,1.99
146,83,"2005-08-01",1,4.99,4.99
146,101,"2005-08-01",1,4.99,4.99
146,183,"2005-06-01",1,0.99,0.99
146,261,"2005-08-01",1,5.99,5.99
146,639,"2005-08-01",1,4.99,4.99
146,668,"2005-07-01",1,4.99,4.99
146,891,"2005-08-01",1,7.99,7.99
146,909,"2005-07-01",1,4.99,4.99
146,1131,"2005-07-01",1,6.99,6.99
146,1494,"2005-06-01",1,7.99,7.99
146,1689,"2005-08-01",1,2.99,2.99
146,1724,"2005-07-01",1,3.99,3.99
146,1850,"2005-08-01",1,6.99,6.99
146,1995,"2005-06-01",1,3.99,3.99
146,2169,"2005-06-01",1,2.99,2.99
146,2549,"2005-08-01",1,2.99,2.99
146,3077,"2005-08-01",1,0.99,0.99
146,3143,"2005-08-01",1,2.99,2.99
146,3660,"2005-06-01",1,2.99,2.99
146,3678,"2005-06-01",1,4.99,4.99
146,3980,"2005-08-01",1,4.99,4.99
146,4065,"2005-07-01",1,0.99,0.99
146,4296,"2005-08-01",1,7.99,7.99
146,4305,"2005-07-01",1,7.99,7.99
146,4323,"2005-07-01",1,6.99,6.99
146,4398,"2005-08-01",1,4.99,4.99
147,15,"2005-07-01",1,2.99,2.99
147,88,"2005-07-01",1,0.99,0.99
147,126,"2005-06-01",1,2.99,2.99
147,146,"2005-08-01",1,4.99,4.99
147,437,"2005-08-01",1,0.99,0.99
147,513,"2005-07-01",1,0.99,0.99
147,553,"2005-06-01",1,6.99,6.99
147,609,"2005-07-01",1,0.99,0.99
147,947,"2005-08-01",1,8.99,8.99
147,1048,"2005-07-01",1,2.99,2.99
147,1095,"2005-08-01",1,4.99,4.99
147,1183,"2005-08-01",1,7.99,7.99
147,1616,"2005-07-01",1,2.99,2.99
147,1625,"2005-07-01",1,0.99,0.99
147,1768,"2005-06-01",1,0.99,0.99
147,1951,"2005-08-01",1,3.99,3.99
147,2132,"2005-07-01",1,0.99,0.99
147,2205,"2005-08-01",1,0.99,0.99
147,2223,"2005-08-01",1,6.99,6.99
147,2349,"2005-08-01",1,2.99,2.99
147,2591,"2005-07-01",1,2.99,2.99
147,2695,"2005-07-01",1,7.99,7.99
147,3162,"2005-08-01",1,4.99,4.99
147,3203,"2005-08-01",1,8.99,8.99
147,3263,"2005-07-01",1,0.99,0.99
147,3316,"2005-08-01",1,4.99,4.99
147,3639,"2005-07-01",1,0.99,0.99
147,3779,"2005-08-01",1,4.99,4.99
147,3830,"2005-07-01",1,4.99,4.99
147,4376,"2005-06-01",1,5.99,5.99
147,4394,"2005-08-01",1,4.99,4.99
147,4543,"2005-08-01",1,4.99,4.99
148,18,"2005-07-01",1,3.99,3.99
148,103,"2005-07-01",1,10.99,10.99
148,173,"2005-07-01",1,2.99,2.99
148,178,"2005-07-01",1,0.99,0.99
148,340,"2005-07-01",1,4.99,4.99
148,406,"2005-08-01",1,6.99,6.99
148,761,"2005-08-01",1,2.99,2.99
148,769,"2005-08-01",1,4.99,4.99
148,1036,"2005-08-01",1,2.99,2.99
148,1247,"2005-06-01",1,5.99,5.99
148,1291,"2005-06-01",1,3.99,3.99
148,1364,"2005-07-01",1,0.99,0.99
148,1520,"2005-06-01",1,3.99,3.99
148,1571,"2005-08-01",1,0.99,0.99
148,1718,"2005-07-01",1,1.99,1.99
148,1780,"2005-06-01",1,1.99,1.99
148,1899,"2005-08-01",1,8.99,8.99
148,1940,"2005-07-01",1,4.99,4.99
148,2154,"2005-08-01",1,5.99,5.99
148,2334,"2005-07-01",1,9.99,9.99
148,2479,"2005-07-01",1,4.99,4.99
148,2513,"2005-07-01",1,0.99,0.99
148,2644,"2005-08-01",1,10.99,10.99
148,2762,"2005-08-01",1,3.99,3.99
148,2781,"2005-07-01",1,1.99,1.99
148,2794,"2005-07-01",1,8.99,8.99
148,2911,"2005-07-01",1,5.99,5.99
148,2935,"2005-07-01",1,2.99,2.99
148,2956,"2005-08-01",1,6.99,6.99
148,3092,"2005-07-01",1,4.99,4.99
148,3226,"2005-07-01",1,4.99,4.99
148,3232,"2005-08-01",1,3.99,3.99
148,3291,"2005-07-01",1,2.99,2.99
148,3350,"2005-08-01",1,0.99,0.99
148,3516,"2005-08-01",1,2.99,2.99
148,3551,"2005-07-01",1,4.99,4.99
148,3728,"2005-06-01",1,6.99,6.99
148,3737,"2005-07-01",1,4.99,4.99
148,3759,"2005-08-01",1,6.99,6.99
148,3794,"2005-08-01",1,0.99,0.99
148,3933,"2005-07-01",1,4.99,4.99
148,3959,"2005-08-01",1,3.99,3.99
148,4176,"2005-08-01",1,6.99,6.99
148,4382,"2005-07-01",1,4.99,4.99
148,4485,"2005-08-01",1,4.99,4.99
149,189,"2005-08-01",1,2.99,2.99
149,386,"2005-06-01",1,0.99,0.99
149,622,"2005-06-01",1,5.99,5.99
149,661,"2005-07-01",1,4.99,4.99
149,683,"2005-08-01",1,0.99,0.99
149,1057,"2005-07-01",1,3.99,3.99
149,1773,"2005-08-01",1,7.99,7.99
149,1827,"2005-06-01",1,4.99,4.99
149,1944,"2005-07-01",1,0.99,0.99
149,2058,"2005-06-01",1,2.99,2.99
149,2087,"2005-07-01",1,2.99,2.99
149,2256,"2005-08-01",1,4.99,4.99
149,2459,"2005-06-01",1,7.99,7.99
149,2645,"2005-07-01",1,4.99,4.99
149,2665,"2005-08-01",1,3.99,3.99
149,2745,"2005-07-01",1,2.99,2.99
149,3074,"2005-06-01",1,6.99,6.99
149,3196,"2005-07-01",1,6.99,6.99
149,3491,"2005-07-01",1,10.99,10.99
149,3627,"2005-07-01",1,6.99,6.99
149,3876,"2005-07-01",1,5.99,5.99
149,4182,"2005-08-01",1,4.99,4.99
149,4238,"2005-08-01",1,2.99,2.99
149,4299,"2005-06-01",1,2.99,2.99
149,4572,"2005-07-01",1,2.99,2.99
150,533,"2005-07-01",1,6.99,6.99
150,851,"2005-08-01",1,6.99,6.99
150,1076,"2005-07-01",1,4.99,4.99
150,1101,"2005-08-01",1,8.99,8.99
150,1119,"2005-06-01",1,5.99,5.99
150,1214,"2005-08-01",1,1.99,1.99
150,1352,"2005-08-01",1,6.99,6.99
150,1544,"2005-08-01",1,6.99,6.99
150,1926,"2005-08-01",1,2.99,2.99
150,2351,"2005-08-01",1,0.99,0.99
150,2475,"2005-08-01",1,2.99,2.99
150,2542,"2005-08-01",1,2.99,2.99
150,2776,"2005-08-01",1,2.99,2.99
150,2908,"2005-07-01",1,2.99,2.99
150,3098,"2005-07-01",1,2.99,2.99
150,3333,"2005-08-01",1,5.99,5.99
150,3366,"2005-08-01",1,2.99,2.99
150,3760,"2005-08-01",1,2.99,2.99
150,3831,"2005-08-01",1,0.99,0.99
150,4151,"2005-08-01",1,0.99,0.99
150,4357,"2005-06-01",1,1.99,1.99
150,4533,"2005-08-01",1,9.99,9.99
151,17,"2005-08-01",1,2.99,2.99
151,539,"2005-06-01",1,0.99,0.99
151,938,"2005-07-01",1,2.99,2.99
151,1024,"2005-07-01",1,4.99,4.99
151,1243,"2005-08-01",1,5.99,5.99
151,1344,"2005-07-01",1,2.99,2.99
151,1761,"2005-07-01",1,3.99,3.99
151,2034,"2005-06-01",1,2.99,2.99
151,2231,"2005-08-01",1,2.99,2.99
151,2322,"2005-08-01",1,3.99,3.99
151,2513,"2005-06-01",1,3.99,3.99
151,2704,"2005-07-01",1,0.99,0.99
151,2857,"2005-08-01",1,2.99,2.99
151,2987,"2005-08-01",1,4.99,4.99
151,3098,"2005-08-01",1,2.99,2.99
151,3173,"2005-07-01",1,0.99,0.99
151,3198,"2005-07-01",1,2.99,2.99
151,3292,"2005-08-01",1,4.99,4.99
151,3418,"2005-07-01",1,3.99,3.99
151,3450,"2005-06-01",1,2.99,2.99
151,3645,"2005-08-01",1,0.99,0.99
151,4183,"2005-07-01",1,4.99,4.99
151,4211,"2005-08-01",1,4.99,4.99
151,4302,"2005-06-01",1,2.99,2.99
151,4419,"2005-07-01",1,0.99,0.99
152,107,"2005-08-01",1,4.99,4.99
152,205,"2005-06-01",1,4.99,4.99
152,235,"2005-07-01",1,2.99,2.99
152,979,"2005-08-01",1,0.99,0.99
152,1071,"2005-07-01",1,4.99,4.99
152,1450,"2005-08-01",1,4.99,4.99
152,1533,"2005-08-01",1,0.99,0.99
152,1698,"2005-07-01",1,5.99,5.99
152,2298,"2005-08-01",1,6.99,6.99
152,2403,"2005-07-01",1,0.99,0.99
152,2774,"2005-08-01",1,2.99,2.99
152,3175,"2005-08-01",1,0.99,0.99
152,3421,"2005-08-01",1,6.99,6.99
152,3498,"2005-08-01",1,1.99,1.99
152,3680,"2006-02-01",1,4.99,4.99
152,3701,"2005-08-01",1,0.99,0.99
152,4390,"2005-07-01",1,2.99,2.99
152,4508,"2005-07-01",1,7.99,7.99
152,4524,"2005-08-01",1,4.99,4.99
153,67,"2005-07-01",1,4.99,4.99
153,98,"2005-06-01",1,0.99,0.99
153,201,"2005-08-01",1,4.99,4.99
153,240,"2005-07-01",1,0.99,0.99
153,397,"2005-06-01",1,4.99,4.99
153,535,"2005-08-01",1,4.99,4.99
153,866,"2005-08-01",1,4.99,4.99
153,911,"2005-08-01",1,4.99,4.99
153,959,"2005-08-01",1,7.99,7.99
153,979,"2005-07-01",1,0.99,0.99
153,1013,"2005-07-01",1,9.99,9.99
153,1336,"2005-06-01",1,0.99,0.99
153,1753,"2005-07-01",1,5.99,5.99
153,1765,"2005-07-01",1,0.99,0.99
153,2241,"2005-07-01",1,7.99,7.99
153,2966,"2005-08-01",1,0.99,0.99
153,3204,"2005-08-01",1,3.99,3.99
153,3275,"2005-07-01",1,0.99,0.99
153,3317,"2005-07-01",1,5.99,5.99
153,3595,"2005-07-01",1,0.99,0.99
153,3734,"2005-08-01",1,1.99,1.99
153,4193,"2005-06-01",1,5.99,5.99
153,4363,"2005-08-01",1,1.99,1.99
153,4377,"2005-08-01",1,4.99,4.99
154,34,"2005-07-01",1,4.99,4.99
154,122,"2005-06-01",1,2.99,2.99
154,130,"2005-08-01",1,0.99,0.99
154,247,"2005-08-01",1,5.99,5.99
154,303,"2005-08-01",1,4.99,4.99
154,474,"2005-07-01",1,2.99,2.99
154,685,"2005-08-01",1,2.99,2.99
154,975,"2005-07-01",1,0.99,0.99
154,982,"2005-07-01",1,7.99,7.99
154,993,"2005-07-01",1,4.99,4.99
154,1050,"2005-07-01",1,2.99,2.99
154,1351,"2005-08-01",1,2.99,2.99
154,1359,"2005-08-01",1,4.99,4.99
154,1755,"2005-06-01",1,4.99,4.99
154,1943,"2005-06-01",1,0.99,0.99
154,2449,"2005-07-01",1,0.99,0.99
154,2477,"2005-07-01",1,2.99,2.99
154,2497,"2005-08-01",1,6.99,6.99
154,2737,"2005-07-01",1,0.99,0.99
154,2781,"2005-07-01",1,1.99,1.99
154,3039,"2005-07-01",1,5.99,5.99
154,3114,"2005-07-01",1,4.99,4.99
154,3260,"2005-08-01",1,0.99,0.99
154,3555,"2005-07-01",1,7.99,7.99
154,4056,"2005-08-01",1,6.99,6.99
154,4285,"2005-08-01",1,7.99,7.99
154,4305,"2005-07-01",1,4.99,4.99
155,198,"2005-07-01",1,4.99,4.99
155,312,"2005-07-01",1,4.99,4.99
155,399,"2005-08-01",1,0.99,0.99
155,643,"2006-02-01",1,0.00,0.00
155,715,"2005-06-01",1,7.99,7.99
155,895,"2005-07-01",1,2.99,2.99
155,908,"2005-07-01",1,2.99,2.99
155,1324,"2005-07-01",1,0.99,0.99
155,1331,"2005-06-01",1,4.99,4.99
155,1361,"2005-08-01",1,8.99,8.99
155,1394,"2005-08-01",1,5.99,5.99
155,1553,"2005-06-01",1,1.99,1.99
155,1803,"2005-08-01",1,2.99,2.99
155,1877,"2005-07-01",1,5.99,5.99
155,1997,"2005-08-01",1,0.99,0.99
155,2047,"2006-02-01",1,7.98,7.98
155,2310,"2005-07-01",1,7.99,7.99
155,2344,"2005-06-01",1,4.99,4.99
155,3118,"2005-07-01",1,5.99,5.99
155,3186,"2005-07-01",1,3.99,3.99
155,3323,"2005-08-01",1,4.99,4.99
155,3757,"2005-07-01",1,1.99,1.99
155,4117,"2005-08-01",1,2.99,2.99
155,4451,"2005-06-01",1,7.99,7.99
156,165,"2005-08-01",1,6.99,6.99
156,413,"2005-08-01",1,1.99,1.99
156,563,"2005-07-01",1,2.99,2.99
156,597,"2005-08-01",1,0.99,0.99
156,810,"2005-07-01",1,0.99,0.99
156,937,"2005-07-01",1,6.99,6.99
156,1178,"2005-08-01",1,2.99,2.99
156,1319,"2005-08-01",1,5.99,5.99
156,1428,"2005-07-01",1,4.99,4.99
156,1505,"2005-08-01",1,6.99,6.99
156,2079,"2005-08-01",1,2.99,2.99
156,2703,"2005-07-01",1,0.99,0.99
156,2778,"2005-08-01",1,2.99,2.99
156,2999,"2005-07-01",1,2.99,2.99
156,3053,"2005-07-01",1,6.99,6.99
156,3251,"2005-07-01",1,4.99,4.99
156,3281,"2005-06-01",1,4.99,4.99
156,3370,"2005-08-01",1,4.99,4.99
156,3644,"2005-06-01",1,0.99,0.99
156,3822,"2005-07-01",1,2.99,2.99
156,3905,"2005-06-01",1,0.99,0.99
156,4030,"2005-06-01",1,9.99,9.99
156,4348,"2005-08-01",1,0.99,0.99
157,721,"2005-07-01",1,2.99,2.99
157,752,"2005-07-01",1,0.99,0.99
157,1096,"2005-08-01",1,4.99,4.99
157,1517,"2005-07-01",1,4.99,4.99
157,1913,"2005-06-01",1,0.99,0.99
157,1919,"2005-07-01",1,0.99,0.99
157,1954,"2005-08-01",1,6.99,6.99
157,1962,"2005-08-01",1,2.99,2.99
157,2075,"2005-07-01",1,4.99,4.99
157,2106,"2005-07-01",1,0.99,0.99
157,2277,"2005-08-01",1,0.99,0.99
157,2525,"2005-07-01",1,0.99,0.99
157,2596,"2005-08-01",1,4.99,4.99
157,2675,"2005-08-01",1,4.99,4.99
157,2678,"2005-08-01",1,6.99,6.99
157,2777,"2005-07-01",1,2.99,2.99
157,2968,"2005-08-01",1,4.99,4.99
157,3289,"2005-07-01",1,2.99,2.99
157,3355,"2005-07-01",1,5.99,5.99
157,3394,"2005-08-01",1,4.99,4.99
157,3503,"2005-07-01",1,4.99,4.99
157,3552,"2005-07-01",1,4.99,4.99
157,3815,"2005-07-01",1,3.99,3.99
157,4058,"2005-08-01",1,5.99,5.99
157,4071,"2005-07-01",1,4.99,4.99
157,4142,"2005-07-01",1,2.99,2.99
157,4194,"2005-08-01",1,4.99,4.99
157,4333,"2005-07-01",1,0.99,0.99
157,4407,"2005-07-01",1,0.99,0.99
158,41,"2005-08-01",1,5.99,5.99
158,124,"2005-08-01",1,2.99,2.99
158,151,"2005-07-01",1,4.99,4.99
158,442,"2005-06-01",1,8.99,8.99
158,780,"2005-07-01",1,8.99,8.99
158,811,"2005-07-01",1,1.99,1.99
158,843,"2005-07-01",1,2.99,2.99
158,929,"2005-07-01",1,1.99,1.99
158,932,"2005-08-01",1,2.99,2.99
158,1063,"2005-07-01",1,2.99,2.99
158,1070,"2005-06-01",1,4.99,4.99
158,1220,"2005-07-01",1,2.99,2.99
158,1357,"2005-08-01",1,1.99,1.99
158,1425,"2005-08-01",1,5.99,5.99
158,1879,"2005-08-01",1,6.99,6.99
158,2326,"2005-07-01",1,2.99,2.99
158,3033,"2005-07-01",1,2.99,2.99
158,3157,"2005-07-01",1,2.99,2.99
158,3313,"2005-07-01",1,2.99,2.99
158,3376,"2005-06-01",1,0.99,0.99
158,3597,"2005-07-01",1,0.99,0.99
158,3691,"2005-08-01",1,1.99,1.99
158,3928,"2005-08-01",1,2.99,2.99
158,4061,"2005-08-01",1,0.99,0.99
158,4067,"2005-08-01",1,5.99,5.99
158,4111,"2005-08-01",1,0.99,0.99
158,4192,"2005-08-01",1,2.99,2.99
158,4254,"2005-08-01",1,4.99,4.99
158,4371,"2005-06-01",1,6.99,6.99
158,4574,"2005-07-01",1,5.99,5.99
159,402,"2005-07-01",1,0.99,0.99
159,405,"2005-08-01",1,1.99,1.99
159,647,"2005-08-01",1,0.99,0.99
159,1305,"2005-07-01",1,2.99,2.99
159,2449,"2005-06-01",1,0.99,0.99
159,2882,"2005-07-01",1,7.99,7.99
159,2915,"2005-08-01",1,0.99,0.99
159,3717,"2005-07-01",1,0.99,0.99
159,3721,"2005-08-01",1,4.99,4.99
159,3752,"2005-08-01",1,8.99,8.99
159,3829,"2005-07-01",1,4.99,4.99
159,3972,"2005-07-01",1,4.99,4.99
159,4092,"2005-07-01",1,5.99,5.99
159,4138,"2005-07-01",1,0.99,0.99
159,4163,"2005-07-01",1,4.99,4.99
159,4436,"2005-06-01",1,0.99,0.99
159,4473,"2005-07-01",1,3.99,3.99
160,64,"2005-07-01",1,0.99,0.99
160,248,"2005-07-01",1,2.99,2.99
160,609,"2005-07-01",1,0.99,0.99
160,697,"2005-08-01",1,2.99,2.99
160,1100,"2005-08-01",1,7.99,7.99
160,1249,"2005-07-01",1,4.99,4.99
160,1307,"2005-07-01",1,2.99,2.99
160,1438,"2005-07-01",1,0.99,0.99
160,1667,"2005-08-01",1,6.99,6.99
160,1724,"2005-08-01",1,3.99,3.99
160,1963,"2005-07-01",1,5.99,5.99
160,2157,"2005-06-01",1,4.99,4.99
160,2174,"2005-08-01",1,4.99,4.99
160,2625,"2005-08-01",1,5.99,5.99
160,2627,"2005-08-01",1,2.99,2.99
160,2629,"2005-08-01",1,2.99,2.99
160,2663,"2005-07-01",1,1.99,1.99
160,2832,"2005-08-01",1,2.99,2.99
160,2946,"2005-08-01",1,2.99,2.99
160,3211,"2005-08-01",1,7.99,7.99
160,3321,"2005-06-01",1,2.99,2.99
160,3350,"2005-08-01",1,0.99,0.99
160,3491,"2005-08-01",1,4.99,4.99
160,3648,"2005-08-01",1,2.99,2.99
160,3783,"2005-06-01",1,2.99,2.99
160,4146,"2005-07-01",1,6.99,6.99
160,4383,"2005-08-01",1,4.99,4.99
161,2,"2005-07-01",1,0.99,0.99
161,315,"2005-07-01",1,4.99,4.99
161,636,"2005-07-01",1,2.99,2.99
161,773,"2005-07-01",1,6.99,6.99
161,802,"2005-07-01",1,4.99,4.99
161,821,"2005-07-01",1,4.99,4.99
161,1170,"2005-08-01",1,6.99,6.99
161,1243,"2005-08-01",1,2.99,2.99
161,1396,"2005-08-01",1,5.99,5.99
161,1526,"2005-08-01",1,5.99,5.99
161,1797,"2005-08-01",1,2.99,2.99
161,2131,"2005-08-01",1,0.99,0.99
161,2158,"2005-08-01",1,0.99,0.99
161,2206,"2005-07-01",1,0.99,0.99
161,2254,"2005-07-01",1,4.99,4.99
161,2324,"2005-08-01",1,0.99,0.99
161,2690,"2005-07-01",1,2.99,2.99
161,3034,"2005-06-01",1,2.99,2.99
161,3080,"2005-08-01",1,0.99,0.99
161,3139,"2005-07-01",1,6.99,6.99
161,3485,"2005-08-01",1,5.99,5.99
161,3520,"2005-08-01",1,7.99,7.99
161,3576,"2005-08-01",1,2.99,2.99
161,4346,"2005-06-01",1,3.99,3.99
162,249,"2005-07-01",1,2.99,2.99
162,283,"2005-08-01",1,1.99,1.99
162,424,"2005-06-01",1,4.99,4.99
162,542,"2005-08-01",1,0.99,0.99
162,841,"2005-07-01",1,4.99,4.99
162,1413,"2005-06-01",1,0.99,0.99
162,1701,"2005-07-01",1,7.99,7.99
162,1785,"2005-07-01",1,4.99,4.99
162,2568,"2005-06-01",1,0.99,0.99
162,2618,"2006-02-01",1,0.99,0.99
162,2818,"2005-07-01",1,0.99,0.99
162,3368,"2005-08-01",1,4.99,4.99
162,3558,"2005-08-01",1,4.99,4.99
162,3742,"2005-07-01",1,4.99,4.99
162,3943,"2005-07-01",1,5.99,5.99
162,3997,"2005-06-01",1,0.99,0.99
162,4560,"2005-06-01",1,4.99,4.99
163,125,"2005-07-01",1,3.99,3.99
163,128,"2005-08-01",1,2.99,2.99
163,323,"2005-06-01",1,2.99,2.99
163,759,"2005-08-01",1,2.99,2.99
163,924,"2005-07-01",1,1.99,1.99
163,935,"2005-07-01",1,4.99,4.99
163,982,"2005-06-01",1,4.99,4.99
163,1188,"2005-08-01",1,4.99,4.99
163,1290,"2005-06-01",1,6.99,6.99
163,1360,"2005-07-01",1,4.99,4.99
163,1398,"2005-07-01",1,1.99,1.99
163,1792,"2005-08-01",1,8.99,8.99
163,1932,"2006-02-01",1,0.00,0.00
163,2142,"2005-08-01",1,7.99,7.99
163,2214,"2005-06-01",1,0.99,0.99
163,2287,"2005-08-01",1,0.99,0.99
163,2307,"2005-07-01",1,10.99,10.99
163,2353,"2005-08-01",1,5.99,5.99
163,2491,"2005-08-01",1,2.99,2.99
163,2551,"2005-07-01",1,2.99,2.99
163,2685,"2005-07-01",1,4.99,4.99
163,2880,"2005-08-01",1,0.99,0.99
163,3018,"2005-07-01",1,1.99,1.99
163,3238,"2005-08-01",1,4.99,4.99
163,3592,"2005-06-01",1,7.99,7.99
163,3603,"2005-07-01",1,0.99,0.99
163,3747,"2006-02-01",1,7.98,7.98
163,4232,"2005-06-01",1,5.99,5.99
163,4543,"2005-07-01",1,0.99,0.99
164,85,"2005-08-01",1,2.99,2.99
164,225,"2005-06-01",1,2.99,2.99
164,233,"2005-07-01",1,0.99,0.99
164,765,"2005-07-01",1,4.99,4.99
164,791,"2005-07-01",1,6.99,6.99
164,1127,"2005-07-01",1,3.99,3.99
164,1339,"2005-07-01",1,3.99,3.99
164,2195,"2005-07-01",1,2.99,2.99
164,2203,"2005-08-01",1,5.99,5.99
164,2272,"2005-07-01",1,3.99,3.99
164,2580,"2005-06-01",1,4.99,4.99
164,2852,"2005-07-01",1,4.99,4.99
164,3506,"2005-07-01",1,4.99,4.99
164,3802,"2005-07-01",1,0.99,0.99
164,4431,"2005-06-01",1,8.99,8.99
165,86,"2005-07-01",1,6.99,6.99
165,217,"2005-08-01",1,5.99,5.99
165,330,"2005-08-01",1,2.99,2.99
165,347,"2005-08-01",1,4.99,4.99
165,865,"2005-07-01",1,4.99,4.99
165,1194,"2005-07-01",1,0.99,0.99
165,1390,"2005-07-01",1,2.99,2.99
165,1590,"2005-08-01",1,3.99,3.99
165,1890,"2005-07-01",1,4.99,4.99
165,2079,"2005-07-01",1,2.99,2.99
165,2245,"2005-08-01",1,4.99,4.99
165,2287,"2005-07-01",1,5.99,5.99
165,2383,"2005-06-01",1,2.99,2.99
165,2533,"2005-07-01",1,7.99,7.99
165,2976,"2005-07-01",1,0.99,0.99
165,3097,"2005-07-01",1,4.99,4.99
165,3256,"2005-06-01",1,3.99,3.99
165,3382,"2005-07-01",1,0.99,0.99
165,3692,"2005-08-01",1,1.99,1.99
165,4402,"2005-07-01",1,4.99,4.99
166,37,"2005-08-01",1,7.99,7.99
166,211,"2005-08-01",1,4.99,4.99
166,331,"2005-06-01",1,5.99,5.99
166,1101,"2005-07-01",1,4.99,4.99
166,1426,"2005-08-01",1,5.99,5.99
166,1471,"2005-07-01",1,2.99,2.99
166,1633,"2005-08-01",1,2.99,2.99
166,1672,"2005-07-01",1,6.99,6.99
166,1737,"2005-07-01",1,2.99,2.99
166,1802,"2005-08-01",1,4.99,4.99
166,1848,"2005-08-01",1,2.99,2.99
166,2002,"2005-08-01",1,5.99,5.99
166,2051,"2005-07-01",1,2.99,2.99
166,2215,"2005-07-01",1,0.99,0.99
166,2457,"2005-07-01",1,7.99,7.99
166,2460,"2005-07-01",1,5.99,5.99
166,2469,"2005-07-01",1,2.99,2.99
166,2683,"2005-08-01",1,1.99,1.99
166,3047,"2005-07-01",1,4.99,4.99
166,3108,"2005-08-01",1,4.99,4.99
166,3131,"2005-07-01",1,0.99,0.99
166,3281,"2005-08-01",1,7.99,7.99
166,4114,"2005-06-01",1,3.99,3.99
166,4136,"2005-07-01",1,8.99,8.99
166,4204,"2005-07-01",1,2.99,2.99
166,4236,"2005-06-01",1,2.99,2.99
166,4282,"2005-06-01",1,0.99,0.99
167,154,"2005-08-01",1,4.99,4.99
167,269,"2005-07-01",1,4.99,4.99
167,563,"2005-08-01",1,1.99,1.99
167,655,"2005-06-01",1,5.99,5.99
167,1256,"2005-07-01",1,4.99,4.99
167,1369,"2005-07-01",1,0.99,0.99
167,1491,"2005-06-01",1,5.99,5.99
167,1750,"2005-07-01",1,4.99,4.99
167,1819,"2005-07-01",1,0.99,0.99
167,2034,"2005-07-01",1,2.99,2.99
167,2056,"2005-07-01",1,4.99,4.99
167,2080,"2005-08-01",1,4.99,4.99
167,2131,"2005-07-01",1,0.99,0.99
167,2135,"2005-08-01",1,6.99,6.99
167,2321,"2005-07-01",1,0.99,0.99
167,2502,"2005-07-01",1,4.99,4.99
167,3179,"2005-07-01",1,0.99,0.99
167,3191,"2005-07-01",1,2.99,2.99
167,3252,"2005-08-01",1,4.99,4.99
167,3551,"2005-08-01",1,4.99,4.99
167,3566,"2005-08-01",1,4.99,4.99
167,3816,"2005-06-01",1,3.99,3.99
167,3858,"2005-07-01",1,4.99,4.99
167,3915,"2005-07-01",1,4.99,4.99
167,3961,"2005-08-01",1,0.99,0.99
167,4009,"2005-08-01",1,3.99,3.99
167,4523,"2005-08-01",1,3.99,3.99
167,4524,"2005-07-01",1,2.99,2.99
167,4563,"2005-08-01",1,0.99,0.99
168,59,"2005-08-01",1,1.99,1.99
168,241,"2005-07-01",1,4.99,4.99
168,558,"2005-07-01",1,6.99,6.99
168,709,"2005-07-01",1,1.99,1.99
168,948,"2005-07-01",1,5.99,5.99
168,1187,"2005-08-01",1,2.99,2.99
168,1235,"2005-08-01",1,0.99,0.99
168,1421,"2005-07-01",1,1.99,1.99
168,1433,"2005-08-01",1,4.99,4.99
168,1482,"2005-07-01",1,5.99,5.99
168,1847,"2005-07-01",1,0.99,0.99
168,1988,"2005-08-01",1,6.99,6.99
168,2025,"2005-08-01",1,0.99,0.99
168,2122,"2005-08-01",1,8.99,8.99
168,2214,"2005-07-01",1,0.99,0.99
168,2431,"2005-08-01",1,3.99,3.99
168,2460,"2005-07-01",1,2.99,2.99
168,2710,"2005-07-01",1,1.99,1.99
168,2799,"2005-06-01",1,4.99,4.99
168,3202,"2005-07-01",1,5.99,5.99
168,3214,"2005-07-01",1,4.99,4.99
168,3254,"2005-08-01",1,2.99,2.99
168,3316,"2005-07-01",1,6.99,6.99
168,3352,"2005-07-01",1,4.99,4.99
168,3356,"2005-08-01",1,0.99,0.99
168,3455,"2005-07-01",1,3.99,3.99
168,3664,"2005-08-01",1,2.99,2.99
168,3787,"2005-08-01",1,2.99,2.99
168,3945,"2005-08-01",1,10.99,10.99
168,4416,"2006-02-01",1,0.99,0.99
168,4432,"2005-07-01",1,5.99,5.99
168,4542,"2005-07-01",1,2.99,2.99
169,473,"2005-07-01",1,8.99,8.99
169,544,"2005-08-01",1,0.99,0.99
169,783,"2005-08-01",1,4.99,4.99
169,787,"2005-06-01",1,4.99,4.99
169,1030,"2005-07-01",1,3.99,3.99
169,1156,"2005-07-01",1,4.99,4.99
169,1160,"2005-07-01",1,4.99,4.99
169,1272,"2005-08-01",1,1.99,1.99
169,1370,"2005-08-01",1,4.99,4.99
169,1702,"2005-07-01",1,2.99,2.99
169,1977,"2005-08-01",1,5.99,5.99
169,2029,"2005-06-01",1,2.99,2.99
169,2112,"2005-07-01",1,0.99,0.99
169,2506,"2005-07-01",1,4.99,4.99
169,2733,"2005-07-01",1,6.99,6.99
169,2856,"2005-07-01",1,0.99,0.99
169,2919,"2005-08-01",1,0.99,0.99
169,3163,"2005-08-01",1,5.99,5.99
169,3974,"2005-07-01",1,9.99,9.99
169,4273,"2005-08-01",1,2.99,2.99
170,2,"2005-06-01",1,0.99,0.99
170,229,"2005-08-01",1,5.99,5.99
170,328,"2005-08-01",1,2.99,2.99
170,369,"2005-08-01",1,7.99,7.99
170,549,"2005-08-01",1,0.99,0.99
170,903,"2005-07-01",1,0.99,0.99
170,915,"2005-07-01",1,4.99,4.99
170,1079,"2005-08-01",1,3.99,3.99
170,1462,"2005-07-01",1,7.99,7.99
170,1531,"2005-07-01",1,4.99,4.99
170,1851,"2005-06-01",1,8.99,8.99
170,2310,"2005-07-01",1,2.99,2.99
170,2750,"2005-07-01",1,7.99,7.99
170,2957,"2005-07-01",1,4.99,4.99
170,3077,"2005-08-01",1,0.99,0.99
170,3271,"2005-08-01",1,6.99,6.99
170,3299,"2005-07-01",1,2.99,2.99
170,3302,"2005-07-01",1,0.99,0.99
170,3323,"2005-07-01",1,4.99,4.99
170,3404,"2005-08-01",1,3.99,3.99
170,4019,"2005-07-01",1,2.99,2.99
170,4068,"2005-08-01",1,8.99,8.99
170,4078,"2005-07-01",1,9.99,9.99
171,99,"2005-06-01",1,5.99,5.99
171,196,"2005-07-01",1,4.99,4.99
171,461,"2005-06-01",1,5.99,5.99
171,575,"2005-08-01",1,5.99,5.99
171,868,"2005-07-01",1,0.99,0.99
171,931,"2005-06-01",1,0.99,0.99
171,1336,"2005-08-01",1,0.99,0.99
171,1342,"2005-06-01",1,4.99,4.99
171,1404,"2005-07-01",1,5.99,5.99
171,1457,"2005-06-01",1,2.99,2.99
171,1475,"2005-08-01",1,4.99,4.99
171,1518,"2005-07-01",1,2.99,2.99
171,1624,"2005-07-01",1,4.99,4.99
171,1647,"2005-08-01",1,0.99,0.99
171,2097,"2005-06-01",1,6.99,6.99
171,2196,"2005-08-01",1,0.99,0.99
171,2327,"2005-06-01",1,4.99,4.99
171,2332,"2005-08-01",1,9.99,9.99
171,2693,"2005-08-01",1,6.99,6.99
171,3044,"2005-08-01",1,4.99,4.99
171,3132,"2005-07-01",1,0.99,0.99
171,3155,"2005-07-01",1,3.99,3.99
171,3615,"2005-07-01",1,2.99,2.99
171,3950,"2005-07-01",1,5.99,5.99
171,4083,"2005-08-01",1,1.99,1.99
172,119,"2005-07-01",1,5.99,5.99
172,254,"2005-07-01",1,3.99,3.99
172,445,"2005-08-01",1,2.99,2.99
172,708,"2005-08-01",1,4.99,4.99
172,942,"2005-07-01",1,2.99,2.99
172,1333,"2005-08-01",1,4.99,4.99
172,1650,"2005-08-01",1,0.99,0.99
172,1686,"2005-06-01",1,0.99,0.99
172,1690,"2005-07-01",1,4.99,4.99
172,1699,"2005-07-01",1,6.99,6.99
172,1755,"2005-08-01",1,4.99,4.99
172,1890,"2005-07-01",1,4.99,4.99
172,2376,"2005-07-01",1,7.99,7.99
172,2514,"2005-06-01",1,0.99,0.99
172,2612,"2005-08-01",1,3.99,3.99
172,2672,"2005-07-01",1,5.99,5.99
172,2849,"2005-08-01",1,8.99,8.99
172,2959,"2005-07-01",1,2.99,2.99
172,3378,"2005-07-01",1,0.99,0.99
172,3420,"2005-07-01",1,5.99,5.99
172,3476,"2005-08-01",1,0.99,0.99
172,3513,"2005-07-01",1,6.99,6.99
172,3734,"2005-06-01",1,1.99,1.99
172,3825,"2005-08-01",1,5.99,5.99
172,3857,"2005-08-01",1,6.99,6.99
172,4009,"2005-07-01",1,6.99,6.99
172,4389,"2005-08-01",1,3.99,3.99
172,4500,"2005-08-01",1,3.99,3.99
172,4522,"2005-08-01",1,4.99,4.99
172,4538,"2005-07-01",1,2.99,2.99
173,246,"2005-06-01",1,2.99,2.99
173,570,"2005-07-01",1,4.99,4.99
173,593,"2005-07-01",1,4.99,4.99
173,687,"2005-08-01",1,2.99,2.99
173,728,"2005-08-01",1,4.99,4.99
173,882,"2005-07-01",1,0.99,0.99
173,1441,"2005-07-01",1,2.99,2.99
173,1466,"2005-07-01",1,8.99,8.99
173,1521,"2005-07-01",1,3.99,3.99
173,1677,"2005-07-01",1,0.99,0.99
173,1797,"2005-07-01",1,2.99,2.99
173,2051,"2005-07-01",1,7.99,7.99
173,2122,"2005-06-01",1,4.99,4.99
173,2146,"2005-08-01",1,8.99,8.99
173,2539,"2005-08-01",1,2.99,2.99
173,2939,"2005-08-01",1,2.99,2.99
173,2970,"2005-08-01",1,0.99,0.99
173,2992,"2005-07-01",1,2.99,2.99
173,3318,"2005-06-01",1,0.99,0.99
173,3548,"2005-06-01",1,4.99,4.99
173,3623,"2005-08-01",1,6.99,6.99
173,3725,"2005-08-01",1,5.99,5.99
173,3786,"2005-07-01",1,2.99,2.99
173,3930,"2005-07-01",1,4.99,4.99
173,3949,"2005-07-01",1,4.99,4.99
173,4124,"2005-06-01",1,2.99,2.99
173,4262,"2005-07-01",1,2.99,2.99
174,241,"2005-08-01",1,0.99,0.99
174,320,"2005-08-01",1,2.99,2.99
174,769,"2005-07-01",1,4.99,4.99
174,1073,"2005-07-01",1,4.99,4.99
174,1107,"2005-08-01",1,0.99,0.99
174,1137,"2005-07-01",1,2.99,2.99
174,1201,"2005-07-01",1,4.99,4.99
174,1365,"2005-08-01",1,1.99,1.99
174,1678,"2005-07-01",1,4.99,4.99
174,1786,"2005-07-01",1,1.99,1.99
174,1817,"2005-06-01",1,1.99,1.99
174,2157,"2005-08-01",1,5.99,5.99
174,2279,"2005-06-01",1,0.99,0.99
174,2723,"2005-08-01",1,4.99,4.99
174,2861,"2005-08-01",1,8.99,8.99
174,3215,"2005-06-01",1,7.99,7.99
174,3829,"2005-06-01",1,5.99,5.99
174,4306,"2005-08-01",1,4.99,4.99
174,4533,"2005-07-01",1,7.99,7.99
175,489,"2005-07-01",1,3.99,3.99
175,792,"2005-08-01",1,6.99,6.99
175,862,"2005-08-01",1,0.99,0.99
175,954,"2005-08-01",1,4.99,4.99
175,986,"2006-02-01",1,0.00,0.00
175,1003,"2005-07-01",1,0.99,0.99
175,1133,"2005-07-01",1,4.99,4.99
175,1428,"2005-07-01",1,7.99,7.99
175,1552,"2005-07-01",1,2.99,2.99
175,1607,"2005-08-01",1,2.99,2.99
175,1756,"2005-07-01",1,4.99,4.99
175,1842,"2005-06-01",1,0.99,0.99
175,1969,"2005-08-01",1,4.99,4.99
175,2330,"2005-08-01",1,6.99,6.99
175,2462,"2005-08-01",1,0.99,0.99
175,2533,"2005-06-01",1,4.99,4.99
175,2716,"2005-07-01",1,4.99,4.99
175,2987,"2005-07-01",1,4.99,4.99
175,3095,"2005-08-01",1,4.99,4.99
175,3100,"2006-02-01",1,3.98,3.98
175,3353,"2005-07-01",1,1.99,1.99
175,3459,"2005-08-01",1,7.99,7.99
175,3584,"2005-07-01",1,2.99,2.99
175,3771,"2005-07-01",1,5.99,5.99
176,182,"2005-07-01",1,6.99,6.99
176,559,"2005-07-01",1,6.99,6.99
176,753,"2005-07-01",1,4.99,4.99
176,845,"2005-07-01",1,4.99,4.99
176,892,"2005-08-01",1,2.99,2.99
176,1072,"2005-08-01",1,7.99,7.99
176,1077,"2005-08-01",1,2.99,2.99
176,1472,"2005-08-01",1,2.99,2.99
176,1671,"2005-06-01",1,4.99,4.99
176,1823,"2005-08-01",1,7.99,7.99
176,1984,"2005-07-01",1,2.99,2.99
176,2429,"2005-07-01",1,3.99,3.99
176,2486,"2005-06-01",1,1.99,1.99
176,2710,"2005-08-01",1,1.99,1.99
176,2753,"2005-06-01",1,6.99,6.99
176,2802,"2005-08-01",1,5.99,5.99
176,3090,"2005-06-01",1,5.99,5.99
176,3144,"2005-07-01",1,2.99,2.99
176,3203,"2005-07-01",1,6.99,6.99
176,3221,"2005-08-01",1,2.99,2.99
176,3474,"2005-07-01",1,2.99,2.99
176,3481,"2005-06-01",1,8.99,8.99
176,3493,"2005-08-01",1,4.99,4.99
176,3511,"2005-08-01",1,5.99,5.99
176,3530,"2005-07-01",1,2.99,2.99
176,3577,"2005-06-01",1,2.99,2.99
176,3612,"2005-08-01",1,4.99,4.99
176,3722,"2005-06-01",1,7.99,7.99
176,3838,"2005-07-01",1,2.99,2.99
176,4122,"2005-08-01",1,0.99,0.99
176,4278,"2005-06-01",1,2.99,2.99
176,4425,"2005-07-01",1,5.99,5.99
177,95,"2005-08-01",1,0.99,0.99
177,682,"2005-07-01",1,1.99,1.99
177,1090,"2005-07-01",1,9.99,9.99
177,1176,"2005-08-01",1,0.99,0.99
177,1946,"2005-08-01",1,0.99,0.99
177,2530,"2005-08-01",1,5.99,5.99
177,2730,"2005-08-01",1,6.99,6.99
177,2767,"2005-06-01",1,2.99,2.99
177,2868,"2005-07-01",1,3.99,3.99
177,2938,"2005-07-01",1,2.99,2.99
177,3082,"2005-08-01",1,0.99,0.99
177,3260,"2005-06-01",1,0.99,0.99
177,3311,"2005-08-01",1,2.99,2.99
177,3354,"2005-08-01",1,2.99,2.99
177,3439,"2005-06-01",1,2.99,2.99
177,3651,"2005-07-01",1,0.99,0.99
177,3670,"2005-08-01",1,4.99,4.99
177,3677,"2005-06-01",1,4.99,4.99
177,3718,"2005-07-01",1,0.99,0.99
177,4359,"2005-08-01",1,0.99,0.99
177,4387,"2005-06-01",1,2.99,2.99
177,4421,"2005-07-01",1,1.99,1.99
177,4512,"2005-08-01",1,4.99,4.99
178,15,"2005-08-01",1,2.99,2.99
178,493,"2005-07-01",1,0.99,0.99
178,635,"2005-06-01",1,2.99,2.99
178,770,"2005-07-01",1,5.99,5.99
178,797,"2005-08-01",1,6.99,6.99
178,812,"2005-07-01",1,3.99,3.99
178,912,"2005-08-01",1,4.99,4.99
178,1076,"2005-07-01",1,4.99,4.99
178,1153,"2005-08-01",1,4.99,4.99
178,1273,"2005-06-01",1,1.99,1.99
178,1432,"2005-07-01",1,7.99,7.99
178,1512,"2006-02-01",1,4.99,4.99
178,1549,"2005-07-01",1,4.99,4.99
178,1564,"2005-07-01",1,2.99,2.99
178,1822,"2005-07-01",1,6.99,6.99
178,1935,"2005-07-01",1,4.99,4.99
178,1947,"2005-08-01",1,0.99,0.99
178,2433,"2005-08-01",1,6.99,6.99
178,2553,"2005-07-01",1,4.99,4.99
178,2582,"2005-08-01",1,2.99,2.99
178,2741,"2005-07-01",1,5.99,5.99
178,2772,"2005-07-01",1,2.99,2.99
178,2801,"2005-07-01",1,2.99,2.99
178,2805,"2005-07-01",1,2.99,2.99
178,2812,"2005-06-01",1,3.99,3.99
178,2822,"2005-07-01",1,0.99,0.99
178,3106,"2005-06-01",1,9.99,9.99
178,3134,"2005-08-01",1,3.99,3.99
178,3160,"2005-07-01",1,4.99,4.99
178,3209,"2005-06-01",1,4.99,4.99
178,3546,"2005-06-01",1,6.99,6.99
178,3775,"2005-07-01",1,4.99,4.99
178,3830,"2005-08-01",1,7.99,7.99
178,3998,"2005-08-01",1,5.99,5.99
178,4069,"2005-08-01",1,6.99,6.99
178,4115,"2005-08-01",1,2.99,2.99
178,4451,"2005-07-01",1,10.99,10.99
178,4452,"2005-06-01",1,6.99,6.99
178,4535,"2005-06-01",1,6.99,6.99
179,141,"2005-07-01",1,4.99,4.99
179,611,"2005-08-01",1,3.99,3.99
179,656,"2005-07-01",1,2.99,2.99
179,774,"2005-06-01",1,7.99,7.99
179,778,"2005-08-01",1,4.99,4.99
179,834,"2005-07-01",1,6.99,6.99
179,889,"2005-07-01",1,6.99,6.99
179,983,"2005-08-01",1,7.99,7.99
179,1411,"2005-08-01",1,0.99,0.99
179,1637,"2005-07-01",1,2.99,2.99
179,1833,"2005-07-01",1,7.99,7.99
179,2173,"2005-08-01",1,4.99,4.99
179,2445,"2005-07-01",1,0.99,0.99
179,2638,"2005-07-01",1,8.99,8.99
179,2646,"2005-08-01",1,4.99,4.99
179,2661,"2005-07-01",1,4.99,4.99
179,2810,"2005-08-01",1,0.99,0.99
179,2814,"2005-07-01",1,0.99,0.99
179,2821,"2005-07-01",1,6.99,6.99
179,2889,"2005-08-01",1,0.99,0.99
179,3624,"2005-07-01",1,4.99,4.99
179,3655,"2005-07-01",1,4.99,4.99
179,3691,"2005-07-01",1,2.99,2.99
179,3767,"2005-08-01",1,7.99,7.99
179,3830,"2005-06-01",1,4.99,4.99
179,4251,"2005-08-01",1,0.99,0.99
180,11,"2005-08-01",1,8.99,8.99
180,142,"2005-08-01",1,2.99,2.99
180,152,"2005-07-01",1,5.99,5.99
180,539,"2005-07-01",1,2.99,2.99
180,895,"2005-08-01",1,4.99,4.99
180,911,"2005-07-01",1,7.99,7.99
180,928,"2005-06-01",1,2.99,2.99
180,1046,"2005-08-01",1,0.99,0.99
180,1139,"2005-08-01",1,2.99,2.99
180,1343,"2005-06-01",1,2.99,2.99
180,1729,"2005-07-01",1,0.99,0.99
180,1876,"2005-08-01",1,5.99,5.99
180,1978,"2005-07-01",1,3.99,3.99
180,2053,"2005-08-01",1,8.99,8.99
180,2602,"2005-08-01",1,2.99,2.99
180,2799,"2006-02-01",1,4.99,4.99
180,3277,"2005-07-01",1,0.99,0.99
180,3478,"2005-07-01",1,0.99,0.99
180,3897,"2005-07-01",1,3.99,3.99
180,4087,"2005-07-01",1,2.99,2.99
180,4337,"2005-08-01",1,4.99,4.99
180,4344,"2005-07-01",1,9.99,9.99
181,72,"2005-08-01",1,6.99,6.99
181,210,"2005-06-01",1,5.99,5.99
181,470,"2005-08-01",1,4.99,4.99
181,471,"2005-07-01",1,6.99,6.99
181,804,"2005-07-01",1,4.99,4.99
181,984,"2005-07-01",1,5.99,5.99
181,1105,"2005-08-01",1,2.99,2.99
181,1234,"2005-08-01",1,0.99,0.99
181,1413,"2005-08-01",1,2.99,2.99
181,1554,"2005-08-01",1,4.99,4.99
181,1818,"2005-08-01",1,2.99,2.99
181,1838,"2006-02-01",1,2.99,2.99
181,1854,"2005-07-01",1,8.99,8.99
181,1905,"2005-06-01",1,2.99,2.99
181,2284,"2005-06-01",1,5.99,5.99
181,2369,"2005-07-01",1,0.99,0.99
181,2504,"2005-08-01",1,2.99,2.99
181,2575,"2005-07-01",1,4.99,4.99
181,2601,"2005-07-01",1,5.99,5.99
181,2741,"2005-08-01",1,3.99,3.99
181,2823,"2005-07-01",1,4.99,4.99
181,3233,"2005-07-01",1,4.99,4.99
181,3247,"2005-07-01",1,9.99,9.99
181,3375,"2005-08-01",1,2.99,2.99
181,3447,"2005-08-01",1,7.99,7.99
181,3769,"2005-08-01",1,4.99,4.99
181,3842,"2005-08-01",1,4.99,4.99
181,3854,"2005-08-01",1,6.99,6.99
181,3923,"2005-08-01",1,4.99,4.99
181,3927,"2005-07-01",1,8.99,8.99
181,3930,"2005-07-01",1,4.99,4.99
181,3938,"2005-08-01",1,4.99,4.99
181,4087,"2005-06-01",1,4.99,4.99
182,234,"2005-06-01",1,0.99,0.99
182,549,"2005-07-01",1,0.99,0.99
182,816,"2005-08-01",1,6.99,6.99
182,978,"2005-07-01",1,0.99,0.99
182,1053,"2005-06-01",1,2.99,2.99
182,1212,"2005-07-01",1,0.99,0.99
182,1223,"2005-07-01",1,6.99,6.99
182,1416,"2005-08-01",1,4.99,4.99
182,1498,"2005-06-01",1,5.99,5.99
182,1714,"2005-06-01",1,3.99,3.99
182,1956,"2005-07-01",1,2.99,2.99
182,2098,"2005-08-01",1,6.99,6.99
182,2139,"2005-08-01",1,2.99,2.99
182,2276,"2005-07-01",5,12.95,2.59
182,2721,"2005-07-01",1,8.99,8.99
182,2760,"2005-08-01",1,3.99,3.99
182,3094,"2005-08-01",1,5.99,5.99
182,3430,"2005-07-01",1,0.99,0.99
182,3670,"2005-07-01",1,4.99,4.99
182,3704,"2005-07-01",1,1.99,1.99
182,3797,"2005-08-01",1,1.99,1.99
182,3814,"2005-07-01",1,2.99,2.99
182,3851,"2005-08-01",1,4.99,4.99
182,4394,"2005-07-01",1,2.99,2.99
183,26,"2005-08-01",1,3.99,3.99
183,130,"2005-07-01",1,0.99,0.99
183,174,"2005-07-01",1,0.99,0.99
183,304,"2005-07-01",1,2.99,2.99
183,519,"2005-08-01",1,2.99,2.99
183,667,"2005-08-01",1,4.99,4.99
183,698,"2005-06-01",1,0.99,0.99
183,712,"2005-06-01",1,1.99,1.99
183,759,"2005-07-01",1,4.99,4.99
183,1254,"2005-07-01",1,4.99,4.99
183,1373,"2005-06-01",1,5.99,5.99
183,1627,"2005-08-01",1,2.99,2.99
183,1916,"2005-08-01",1,3.99,3.99
183,2540,"2005-07-01",1,2.99,2.99
183,2780,"2005-08-01",1,0.99,0.99
183,2917,"2005-07-01",1,0.99,0.99
183,3064,"2005-08-01",1,5.99,5.99
183,3399,"2005-06-01",1,5.99,5.99
183,3455,"2005-07-01",1,2.99,2.99
183,3780,"2005-07-01",1,4.99,4.99
183,4394,"2005-07-01",1,5.99,5.99
183,4417,"2005-07-01",1,1.99,1.99
184,16,"2005-07-01",1,2.99,2.99
184,34,"2005-08-01",1,4.99,4.99
184,114,"2005-08-01",1,2.99,2.99
184,402,"2005-06-01",1,0.99,0.99
184,539,"2005-07-01",1,0.99,0.99
184,1310,"2005-07-01",1,4.99,4.99
184,1354,"2005-08-01",1,0.99,0.99
184,1584,"2005-07-01",1,4.99,4.99
184,1677,"2005-08-01",1,5.99,5.99
184,1713,"2005-08-01",1,0.99,0.99
184,2144,"2005-07-01",1,6.99,6.99
184,3063,"2005-07-01",1,6.99,6.99
184,3627,"2005-08-01",1,9.99,9.99
184,3631,"2005-06-01",1,2.99,2.99
184,4097,"2005-08-01",1,4.99,4.99
184,4198,"2005-07-01",1,0.99,0.99
184,4219,"2005-08-01",1,2.99,2.99
184,4355,"2005-07-01",1,0.99,0.99
184,4483,"2005-08-01",1,5.99,5.99
184,4540,"2005-07-01",1,6.99,6.99
185,74,"2005-07-01",1,2.99,2.99
185,80,"2005-08-01",1,2.99,2.99
185,353,"2005-07-01",1,2.99,2.99
185,636,"2005-08-01",1,5.99,5.99
185,883,"2005-08-01",1,0.99,0.99
185,1024,"2005-06-01",1,4.99,4.99
185,1717,"2005-07-01",1,2.99,2.99
185,1720,"2005-06-01",1,4.99,4.99
185,1862,"2005-07-01",1,4.99,4.99
185,2218,"2005-07-01",1,2.99,2.99
185,2457,"2005-07-01",1,8.99,8.99
185,2673,"2005-08-01",1,0.99,0.99
185,2714,"2005-07-01",1,2.99,2.99
185,3101,"2005-07-01",1,1.99,1.99
185,3390,"2005-07-01",1,0.99,0.99
185,3910,"2005-07-01",1,9.99,9.99
185,3970,"2005-07-01",1,7.99,7.99
185,4265,"2005-08-01",1,2.99,2.99
185,4332,"2005-06-01",1,4.99,4.99
185,4345,"2005-07-01",1,0.99,0.99
186,118,"2005-08-01",1,0.99,0.99
186,434,"2005-08-01",1,5.99,5.99
186,533,"2005-08-01",1,4.99,4.99
186,948,"2005-08-01",1,4.99,4.99
186,1554,"2005-07-01",1,0.99,0.99
186,1558,"2005-06-01",1,2.99,2.99
186,1680,"2005-08-01",1,3.99,3.99
186,2043,"2005-08-01",1,8.99,8.99
186,2088,"2005-07-01",1,3.99,3.99
186,2097,"2005-07-01",1,4.99,4.99
186,2114,"2005-08-01",1,3.99,3.99
186,2119,"2005-07-01",1,5.99,5.99
186,2164,"2005-08-01",1,3.99,3.99
186,2189,"2005-08-01",1,2.99,2.99
186,2210,"2005-08-01",1,6.99,6.99
186,2524,"2005-06-01",1,2.99,2.99
186,2636,"2005-06-01",1,4.99,4.99
186,2669,"2005-07-01",1,0.99,0.99
186,2734,"2005-08-01",1,0.99,0.99
186,2786,"2005-07-01",1,4.99,4.99
186,2869,"2005-08-01",1,0.99,0.99
186,3012,"2005-06-01",1,4.99,4.99
186,3358,"2005-07-01",1,1.99,1.99
186,3763,"2006-02-01",1,2.99,2.99
186,3834,"2005-08-01",1,0.99,0.99
186,4098,"2005-06-01",1,4.99,4.99
186,4134,"2005-06-01",1,4.99,4.99
186,4299,"2005-07-01",1,2.99,2.99
186,4479,"2005-08-01",1,4.99,4.99
187,200,"2005-07-01",1,8.99,8.99
187,596,"2005-06-01",1,2.99,2.99
187,653,"2005-06-01",1,4.99,4.99
187,886,"2005-07-01",1,0.99,0.99
187,995,"2005-08-01",1,7.99,7.99
187,1340,"2005-07-01",1,3.99,3.99
187,1577,"2005-08-01",1,9.99,9.99
187,1668,"2005-08-01",1,8.99,8.99
187,2040,"2005-07-01",1,7.99,7.99
187,2157,"2005-07-01",1,4.99,4.99
187,2221,"2005-08-01",1,2.99,2.99
187,2638,"2005-08-01",1,8.99,8.99
187,2679,"2005-08-01",1,8.99,8.99
187,2949,"2005-07-01",1,4.99,4.99
187,2980,"2005-08-01",1,4.99,4.99
187,3091,"2005-08-01",1,2.99,2.99
187,3273,"2005-06-01",1,6.99,6.99
187,3456,"2005-08-01",1,7.99,7.99
187,3757,"2005-06-01",1,0.99,0.99
187,3798,"2005-06-01",1,0.99,0.99
187,3829,"2005-07-01",1,6.99,6.99
187,4033,"2005-07-01",1,10.99,10.99
187,4145,"2005-07-01",1,2.99,2.99
187,4154,"2005-06-01",1,5.99,5.99
187,4220,"2005-07-01",1,7.99,7.99
187,4365,"2005-07-01",1,2.99,2.99
187,4564,"2005-06-01",1,0.99,0.99
188,102,"2005-08-01",1,4.99,4.99
188,253,"2005-08-01",1,5.99,5.99
188,296,"2005-06-01",1,2.99,2.99
188,399,"2005-07-01",1,0.99,0.99
188,560,"2005-08-01",1,0.99,0.99
188,794,"2005-07-01",1,4.99,4.99
188,847,"2005-08-01",1,0.99,0.99
188,1077,"2005-08-01",1,2.99,2.99
188,1282,"2005-07-01",1,4.99,4.99
188,1531,"2005-08-01",1,5.99,5.99
188,1535,"2005-06-01",1,4.99,4.99
188,2144,"2006-02-01",1,2.99,2.99
188,2808,"2005-08-01",1,2.99,2.99
188,2905,"2005-07-01",1,2.99,2.99
188,2906,"2005-07-01",1,3.99,3.99
188,3015,"2005-08-01",1,4.99,4.99
188,3041,"2005-08-01",1,2.99,2.99
188,3213,"2005-06-01",1,4.99,4.99
188,3251,"2005-07-01",1,4.99,4.99
188,3304,"2005-06-01",1,0.99,0.99
188,3582,"2005-08-01",1,2.99,2.99
188,3824,"2005-08-01",1,2.99,2.99
188,3861,"2005-08-01",1,4.99,4.99
188,4137,"2005-07-01",1,5.99,5.99
188,4424,"2005-07-01",1,2.99,2.99
189,153,"2005-07-01",1,4.99,4.99
189,428,"2005-08-01",1,6.99,6.99
189,465,"2005-07-01",1,5.99,5.99
189,1123,"2005-07-01",1,0.99,0.99
189,1313,"2005-08-01",1,3.99,3.99
189,1573,"2005-07-01",1,0.99,0.99
189,1626,"2005-08-01",1,1.99,1.99
189,1832,"2005-07-01",1,5.99,5.99
189,1911,"2005-06-01",1,0.99,0.99
189,2166,"2005-08-01",1,6.99,6.99
189,2218,"2005-06-01",1,6.99,6.99
189,2327,"2005-07-01",1,2.99,2.99
189,2743,"2005-07-01",1,0.99,0.99
189,3273,"2005-08-01",1,5.99,5.99
189,3723,"2005-07-01",1,4.99,4.99
189,3872,"2005-07-01",1,4.99,4.99
189,3898,"2005-06-01",1,1.99,1.99
189,4018,"2005-06-01",1,0.99,0.99
189,4035,"2005-08-01",1,9.99,9.99
189,4100,"2005-07-01",1,4.99,4.99
189,4393,"2005-06-01",1,2.99,2.99
190,374,"2005-06-01",1,2.99,2.99
190,530,"2005-08-01",1,6.99,6.99
190,568,"2005-07-01",1,4.99,4.99
190,665,"2005-08-01",1,0.99,0.99
190,973,"2006-02-01",1,4.99,4.99
190,1093,"2005-08-01",1,6.99,6.99
190,1224,"2005-06-01",1,4.99,4.99
190,1274,"2005-08-01",1,0.99,0.99
190,1897,"2005-07-01",1,2.99,2.99
190,2359,"2005-07-01",1,2.99,2.99
190,2456,"2005-08-01",1,2.99,2.99
190,2457,"2005-08-01",1,2.99,2.99
190,2803,"2005-06-01",1,4.99,4.99
190,3032,"2005-06-01",1,3.99,3.99
190,3037,"2005-08-01",1,5.99,5.99
190,3354,"2005-07-01",1,3.99,3.99
190,3569,"2005-07-01",1,5.99,5.99
190,3651,"2005-08-01",1,0.99,0.99
190,3677,"2005-07-01",1,5.99,5.99
190,3758,"2005-08-01",1,0.99,0.99
190,4226,"2005-08-01",1,4.99,4.99
190,4296,"2005-06-01",1,2.99,2.99
190,4412,"2005-08-01",1,9.99,9.99
190,4468,"2005-07-01",1,0.99,0.99
190,4527,"2005-08-01",1,4.99,4.99
191,240,"2005-06-01",1,2.99,2.99
191,260,"2005-06-01",1,2.99,2.99
191,457,"2005-07-01",1,6.99,6.99
191,629,"2005-07-01",1,5.99,5.99
191,746,"2005-08-01",1,2.99,2.99
191,895,"2005-06-01",1,2.99,2.99
191,1050,"2005-06-01",1,2.99,2.99
191,1231,"2006-02-01",1,0.99,0.99
191,2366,"2005-06-01",1,4.99,4.99
191,3130,"2005-07-01",1,0.99,0.99
191,3149,"2005-07-01",1,4.99,4.99
191,3449,"2005-07-01",1,2.99,2.99
191,3496,"2005-07-01",1,3.99,3.99
191,3502,"2005-07-01",1,4.99,4.99
191,3864,"2005-08-01",1,4.99,4.99
191,3875,"2005-07-01",1,2.99,2.99
191,4376,"2005-07-01",1,5.99,5.99
191,4471,"2005-06-01",1,0.99,0.99
192,272,"2005-08-01",1,4.99,4.99
192,403,"2005-07-01",1,0.99,0.99
192,561,"2005-08-01",1,0.99,0.99
192,990,"2005-07-01",1,2.99,2.99
192,1286,"2005-08-01",1,7.99,7.99
192,1857,"2006-02-01",1,4.99,4.99
192,1908,"2005-08-01",1,6.99,6.99
192,1961,"2005-07-01",1,2.99,2.99
192,2151,"2005-08-01",1,4.99,4.99
192,2173,"2005-07-01",1,4.99,4.99
192,2478,"2005-08-01",1,4.99,4.99
192,2528,"2005-08-01",1,2.99,2.99
192,2602,"2005-06-01",1,3.99,3.99
192,2868,"2005-07-01",1,2.99,2.99
192,3148,"2005-08-01",1,7.99,7.99
192,3435,"2005-07-01",1,2.99,2.99
192,3660,"2005-08-01",1,4.99,4.99
192,3722,"2005-08-01",1,5.99,5.99
192,3754,"2005-07-01",1,0.99,0.99
192,4003,"2005-07-01",1,7.99,7.99
192,4090,"2005-07-01",1,7.99,7.99
192,4405,"2005-07-01",1,0.99,0.99
193,52,"2005-06-01",1,4.99,4.99
193,614,"2005-06-01",1,6.99,6.99
193,651,"2005-06-01",1,4.99,4.99
193,952,"2005-08-01",1,4.99,4.99
193,997,"2005-08-01",1,4.99,4.99
193,1520,"2005-08-01",1,2.99,2.99
193,1583,"2005-07-01",1,4.99,4.99
193,1700,"2005-06-01",1,2.99,2.99
193,1859,"2005-07-01",1,2.99,2.99
193,1979,"2005-08-01",1,2.99,2.99
193,2143,"2005-07-01",1,2.99,2.99
193,2557,"2005-08-01",1,0.99,0.99
193,2699,"2006-02-01",1,2.99,2.99
193,3560,"2005-08-01",1,6.99,6.99
193,3566,"2005-07-01",1,6.99,6.99
193,3568,"2005-06-01",1,6.99,6.99
193,3907,"2005-07-01",1,4.99,4.99
193,3969,"2005-06-01",1,8.99,8.99
193,3971,"2005-07-01",1,4.99,4.99
193,4110,"2005-08-01",1,0.99,0.99
193,4310,"2005-08-01",1,5.99,5.99
193,4320,"2005-08-01",1,4.99,4.99
193,4526,"2005-08-01",1,2.99,2.99
194,776,"2005-07-01",1,2.99,2.99
194,1186,"2005-06-01",1,3.99,3.99
194,1367,"2005-07-01",1,2.99,2.99
194,1417,"2005-07-01",1,7.99,7.99
194,1496,"2005-06-01",1,7.99,7.99
194,1694,"2005-08-01",1,7.99,7.99
194,2264,"2005-07-01",1,3.99,3.99
194,2825,"2005-06-01",1,3.99,3.99
194,2882,"2005-08-01",1,4.99,4.99
194,3311,"2005-08-01",1,3.99,3.99
194,3412,"2005-06-01",1,0.99,0.99
194,3438,"2005-08-01",1,0.99,0.99
194,3495,"2005-08-01",1,4.99,4.99
194,3522,"2005-07-01",1,7.99,7.99
194,3687,"2005-08-01",1,5.99,5.99
194,4516,"2005-06-01",1,2.99,2.99
195,442,"2005-07-01",1,5.99,5.99
195,622,"2005-07-01",1,4.99,4.99
195,727,"2005-07-01",1,6.99,6.99
195,769,"2005-08-01",1,4.99,4.99
195,861,"2005-07-01",1,2.99,2.99
195,1156,"2005-08-01",1,7.99,7.99
195,1179,"2005-07-01",1,6.99,6.99
195,1208,"2005-07-01",1,4.99,4.99
195,1472,"2005-07-01",1,2.99,2.99
195,1501,"2005-08-01",1,7.99,7.99
195,1743,"2005-08-01",1,0.99,0.99
195,1919,"2005-07-01",1,0.99,0.99
195,1980,"2005-08-01",1,2.99,2.99
195,1990,"2005-07-01",1,0.99,0.99
195,2155,"2005-07-01",1,4.99,4.99
195,2951,"2005-08-01",1,0.99,0.99
195,3037,"2005-07-01",1,4.99,4.99
195,3524,"2005-08-01",1,11.99,11.99
195,3887,"2005-08-01",1,0.99,0.99
196,345,"2005-07-01",1,4.99,4.99
196,424,"2005-07-01",1,4.99,4.99
196,688,"2005-07-01",1,3.99,3.99
196,839,"2005-08-01",1,5.99,5.99
196,978,"2005-08-01",1,0.99,0.99
196,1061,"2005-06-01",1,5.99,5.99
196,1076,"2005-06-01",1,4.99,4.99
196,1131,"2005-08-01",1,4.99,4.99
196,1380,"2005-08-01",1,0.99,0.99
196,1406,"2005-07-01",1,2.99,2.99
196,1490,"2005-06-01",1,4.99,4.99
196,1797,"2005-07-01",1,4.99,4.99
196,1972,"2005-07-01",1,0.99,0.99
196,2078,"2005-06-01",1,2.99,2.99
196,2264,"2005-06-01",1,0.99,0.99
196,2490,"2005-07-01",1,4.99,4.99
196,2704,"2005-06-01",1,0.99,0.99
196,2840,"2005-08-01",1,0.99,0.99
196,2845,"2005-07-01",1,5.99,5.99
196,2884,"2005-06-01",1,4.99,4.99
196,2975,"2005-07-01",1,1.99,1.99
196,2994,"2005-07-01",1,3.99,3.99
196,3042,"2005-08-01",1,2.99,2.99
196,3365,"2005-08-01",1,0.99,0.99
196,3710,"2005-07-01",1,0.99,0.99
196,3803,"2005-07-01",1,4.99,4.99
196,3942,"2005-07-01",1,6.99,6.99
196,4191,"2005-06-01",1,5.99,5.99
196,4229,"2005-07-01",1,10.99,10.99
196,4255,"2005-08-01",1,5.99,5.99
196,4413,"2005-08-01",1,8.99,8.99
197,17,"2005-06-01",1,2.99,2.99
197,140,"2005-07-01",1,4.99,4.99
197,159,"2005-07-01",1,0.99,0.99
197,204,"2005-08-01",1,4.99,4.99
197,379,"2005-08-01",1,4.99,4.99
197,593,"2005-06-01",1,8.99,8.99
197,725,"2005-07-01",1,6.99,6.99
197,763,"2005-06-01",1,2.99,2.99
197,771,"2005-06-01",1,0.99,0.99
197,837,"2005-07-01",1,8.99,8.99
197,1230,"2005-06-01",1,2.99,2.99
197,1378,"2005-08-01",1,1.99,1.99
197,1696,"2005-08-01",1,8.99,8.99
197,1945,"2005-08-01",1,0.99,0.99
197,2209,"2005-07-01",1,4.99,4.99
197,2239,"2005-08-01",1,9.99,9.99
197,2800,"2005-08-01",1,4.99,4.99
197,2988,"2005-08-01",1,4.99,4.99
197,3001,"2005-08-01",1,2.99,2.99
197,3160,"2005-08-01",1,4.99,4.99
197,3249,"2005-07-01",1,4.99,4.99
197,3255,"2005-06-01",1,2.99,2.99
197,3460,"2005-07-01",1,2.99,2.99
197,3599,"2005-07-01",1,0.99,0.99
197,3775,"2005-06-01",1,4.99,4.99
197,3855,"2005-06-01",1,4.99,4.99
197,3885,"2005-08-01",1,0.99,0.99
197,3932,"2005-08-01",1,2.99,2.99
197,4206,"2005-08-01",1,2.99,2.99
197,4259,"2005-08-01",1,3.99,3.99
197,4405,"2005-08-01",1,0.99,0.99
197,4504,"2005-08-01",1,3.99,3.99
198,155,"2005-08-01",1,4.99,4.99
198,242,"2005-08-01",1,3.99,3.99
198,319,"2005-08-01",1,6.99,6.99
198,473,"2005-08-01",1,5.99,5.99
198,854,"2005-08-01",1,2.99,2.99
198,926,"2005-07-01",1,0.99,0.99
198,937,"2005-07-01",1,5.99,5.99
198,1164,"2005-07-01",1,4.99,4.99
198,1253,"2005-07-01",1,4.99,4.99
198,1336,"2005-07-01",1,4.99,4.99
198,1351,"2005-07-01",1,2.99,2.99
198,1523,"2005-08-01",1,2.99,2.99
198,1798,"2005-08-01",1,2.99,2.99
198,1873,"2005-08-01",1,6.99,6.99
198,1924,"2005-08-01",1,1.99,1.99
198,2208,"2005-08-01",1,2.99,2.99
198,2253,"2005-08-01",1,4.99,4.99
198,2643,"2005-07-01",1,4.99,4.99
198,2890,"2005-07-01",1,2.99,2.99
198,2919,"2005-07-01",1,4.99,4.99
198,3124,"2005-07-01",1,0.99,0.99
198,3383,"2005-07-01",1,0.99,0.99
198,3629,"2005-07-01",1,2.99,2.99
198,3836,"2005-07-01",1,2.99,2.99
198,3847,"2005-08-01",1,5.99,5.99
198,4014,"2005-07-01",1,0.99,0.99
198,4039,"2005-07-01",1,5.99,5.99
198,4057,"2005-08-01",1,4.99,4.99
198,4326,"2005-06-01",1,0.99,0.99
198,4421,"2005-08-01",1,4.99,4.99
198,4437,"2005-08-01",1,0.99,0.99
198,4510,"2005-08-01",1,5.99,5.99
199,224,"2006-02-01",1,2.99,2.99
199,249,"2005-07-01",1,2.99,2.99
199,340,"2005-07-01",1,4.99,4.99
199,617,"2005-07-01",1,4.99,4.99
199,697,"2005-08-01",1,3.99,3.99
199,851,"2005-07-01",1,2.99,2.99
199,902,"2005-07-01",1,0.99,0.99
199,1267,"2005-08-01",1,0.99,0.99
199,1498,"2005-07-01",1,2.99,2.99
199,1853,"2005-08-01",1,8.99,8.99
199,2299,"2005-08-01",1,4.99,4.99
199,2742,"2005-07-01",1,4.99,4.99
199,2901,"2005-08-01",1,2.99,2.99
199,3070,"2005-08-01",1,2.99,2.99
199,3118,"2005-06-01",1,4.99,4.99
199,3121,"2005-08-01",1,4.99,4.99
199,3303,"2005-08-01",1,0.99,0.99
199,3427,"2005-06-01",1,0.99,0.99
199,3503,"2005-07-01",1,5.99,5.99
199,3512,"2005-07-01",1,8.99,8.99
199,3724,"2005-07-01",1,4.99,4.99
199,3770,"2005-07-01",1,4.99,4.99
199,3903,"2005-06-01",1,2.99,2.99
199,4352,"2005-07-01",1,2.99,2.99
200,140,"2005-06-01",1,4.99,4.99
200,195,"2005-07-01",1,2.99,2.99
200,298,"2005-07-01",1,2.99,2.99
200,303,"2005-08-01",1,8.99,8.99
200,351,"2005-06-01",1,3.99,3.99
200,760,"2005-07-01",1,3.99,3.99
200,784,"2005-08-01",1,4.99,4.99
200,858,"2005-06-01",1,6.99,6.99
200,1028,"2005-06-01",1,3.99,3.99
200,1339,"2005-08-01",1,5.99,5.99
200,1354,"2005-07-01",1,0.99,0.99
200,1410,"2005-07-01",1,3.99,3.99
200,1538,"2005-08-01",1,6.99,6.99
200,1760,"2005-06-01",1,1.99,1.99
200,2029,"2005-08-01",1,2.99,2.99
200,2356,"2005-06-01",1,4.99,4.99
200,2539,"2005-07-01",1,6.99,6.99
200,2758,"2006-02-01",1,2.99,2.99
200,3255,"2005-07-01",1,2.99,2.99
200,3484,"2005-08-01",1,10.99,10.99
200,3623,"2005-06-01",1,4.99,4.99
200,3633,"2005-07-01",1,2.99,2.99
200,3837,"2005-07-01",1,4.99,4.99
200,4006,"2005-08-01",1,6.99,6.99
200,4319,"2005-08-01",1,5.99,5.99
200,4398,"2005-07-01",1,4.99,4.99
201,637,"2005-07-01",1,2.99,2.99
201,1122,"2005-07-01",1,0.99,0.99
201,1226,"2005-08-01",1,4.99,4.99
201,1269,"2005-08-01",1,0.99,0.99
201,1415,"2005-07-01",1,0.99,0.99
201,1473,"2005-08-01",1,3.99,3.99
201,1485,"2005-08-01",1,3.99,3.99
201,1619,"2005-06-01",1,3.99,3.99
201,1954,"2005-07-01",1,4.99,4.99
201,2068,"2005-08-01",1,2.99,2.99
201,2105,"2005-07-01",1,6.99,6.99
201,2329,"2005-06-01",1,7.99,7.99
201,2371,"2005-06-01",1,1.99,1.99
201,2415,"2005-08-01",1,9.99,9.99
201,2637,"2005-06-01",1,4.99,4.99
201,2888,"2005-08-01",1,2.99,2.99
201,3087,"2005-06-01",1,6.99,6.99
201,3206,"2005-08-01",1,5.99,5.99
201,3518,"2005-08-01",1,5.99,5.99
201,4052,"2005-08-01",1,0.99,0.99
201,4205,"2005-08-01",1,2.99,2.99
201,4263,"2005-08-01",1,2.99,2.99
202,36,"2005-07-01",1,4.99,4.99
202,164,"2005-06-01",1,2.99,2.99
202,422,"2005-08-01",1,4.99,4.99
202,458,"2005-08-01",1,4.99,4.99
202,489,"2005-08-01",1,0.99,0.99
202,857,"2005-08-01",1,2.99,2.99
202,960,"2005-08-01",1,8.99,8.99
202,1096,"2005-06-01",1,4.99,4.99
202,1107,"2005-07-01",1,0.99,0.99
202,1627,"2005-07-01",1,2.99,2.99
202,1711,"2005-08-01",1,4.99,4.99
202,1751,"2005-07-01",1,2.99,2.99
202,1847,"2005-08-01",1,3.99,3.99
202,1905,"2005-07-01",1,8.99,8.99
202,1929,"2005-08-01",1,3.99,3.99
202,2963,"2005-07-01",1,2.99,2.99
202,3141,"2005-07-01",1,2.99,2.99
202,3245,"2005-07-01",1,2.99,2.99
202,3383,"2005-06-01",1,0.99,0.99
202,3434,"2005-07-01",1,2.99,2.99
202,3809,"2005-07-01",1,2.99,2.99
202,4073,"2005-07-01",1,4.99,4.99
202,4253,"2005-07-01",1,2.99,2.99
202,4343,"2005-08-01",1,4.99,4.99
202,4490,"2005-06-01",1,0.99,0.99
202,4506,"2005-07-01",1,8.99,8.99
203,466,"2005-07-01",1,4.99,4.99
203,557,"2005-08-01",1,2.99,2.99
203,600,"2005-06-01",1,4.99,4.99
203,945,"2005-07-01",1,5.99,5.99
203,1594,"2005-06-01",1,2.99,2.99
203,1996,"2005-07-01",1,0.99,0.99
203,2049,"2005-06-01",1,2.99,2.99
203,2078,"2005-08-01",1,2.99,2.99
203,2172,"2005-08-01",1,5.99,5.99
203,2191,"2005-07-01",1,6.99,6.99
203,2394,"2005-08-01",1,0.99,0.99
203,2638,"2005-06-01",1,7.99,7.99
203,3277,"2005-08-01",1,4.99,4.99
203,3461,"2005-07-01",1,2.99,2.99
203,3607,"2005-08-01",1,2.99,2.99
203,3764,"2005-07-01",1,7.99,7.99
203,3803,"2005-08-01",1,2.99,2.99
203,4128,"2005-07-01",1,10.99,10.99
203,4259,"2005-08-01",1,3.99,3.99
204,31,"2005-08-01",1,7.99,7.99
204,113,"2005-07-01",1,2.99,2.99
204,123,"2005-07-01",1,2.99,2.99
204,157,"2005-07-01",1,0.99,0.99
204,161,"2005-07-01",1,5.99,5.99
204,427,"2005-08-01",1,2.99,2.99
204,481,"2005-06-01",1,4.99,4.99
204,586,"2005-07-01",1,6.99,6.99
204,608,"2005-08-01",1,0.99,0.99
204,736,"2005-08-01",1,6.99,6.99
204,794,"2005-06-01",1,4.99,4.99
204,1007,"2005-08-01",1,4.99,4.99
204,1075,"2005-08-01",1,4.99,4.99
204,1756,"2005-07-01",1,4.99,4.99
204,2050,"2005-06-01",1,2.99,2.99
204,2296,"2005-06-01",1,7.99,7.99
204,2340,"2005-07-01",1,0.99,0.99
204,2397,"2005-07-01",1,0.99,0.99
204,2483,"2005-07-01",1,2.99,2.99
204,2515,"2005-08-01",1,5.99,5.99
204,3159,"2005-07-01",1,4.99,4.99
204,3411,"2005-08-01",1,0.99,0.99
204,3427,"2005-07-01",1,0.99,0.99
204,3447,"2005-07-01",1,4.99,4.99
204,3516,"2005-06-01",1,2.99,2.99
204,3612,"2005-07-01",1,2.99,2.99
204,3707,"2005-06-01",1,7.99,7.99
204,3792,"2005-08-01",1,0.99,0.99
204,4176,"2005-08-01",1,11.99,11.99
204,4184,"2005-08-01",1,4.99,4.99
204,4241,"2005-07-01",1,4.99,4.99
205,122,"2005-08-01",1,2.99,2.99
205,353,"2005-07-01",1,3.99,3.99
205,808,"2005-08-01",1,0.99,0.99
205,1162,"2005-06-01",1,0.99,0.99
205,1429,"2005-07-01",1,4.99,4.99
205,1771,"2005-08-01",1,6.99,6.99
205,1789,"2005-08-01",1,0.99,0.99
205,1821,"2005-06-01",1,5.99,5.99
205,2285,"2005-06-01",1,4.99,4.99
205,2296,"2005-07-01",1,7.99,7.99
205,2806,"2005-07-01",1,7.99,7.99
205,2853,"2005-07-01",1,4.99,4.99
205,3117,"2005-08-01",1,4.99,4.99
205,3294,"2005-07-01",1,7.99,7.99
205,3534,"2005-06-01",1,2.99,2.99
205,3560,"2005-07-01",1,4.99,4.99
205,4426,"2005-08-01",1,2.99,2.99
205,4466,"2005-07-01",1,2.99,2.99
206,155,"2005-07-01",1,4.99,4.99
206,208,"2005-08-01",1,9.99,9.99
206,214,"2005-08-01",1,10.99,10.99
206,346,"2005-08-01",1,4.99,4.99
206,412,"2005-08-01",1,0.99,0.99
206,485,"2005-08-01",1,4.99,4.99
206,782,"2005-07-01",1,4.99,4.99
206,827,"2005-08-01",1,2.99,2.99
206,1279,"2005-08-01",1,0.99,0.99
206,1338,"2005-07-01",1,0.99,0.99
206,1392,"2005-06-01",1,4.99,4.99
206,1866,"2005-07-01",1,3.99,3.99
206,2027,"2005-08-01",1,3.99,3.99
206,2028,"2005-07-01",1,5.99,5.99
206,2041,"2005-08-01",1,7.99,7.99
206,2330,"2005-07-01",1,4.99,4.99
206,2370,"2005-08-01",1,2.99,2.99
206,2510,"2005-06-01",1,5.99,5.99
206,2576,"2005-08-01",1,2.99,2.99
206,3065,"2005-07-01",1,3.99,3.99
206,3596,"2005-06-01",1,0.99,0.99
206,3747,"2005-07-01",1,5.99,5.99
206,3771,"2005-07-01",1,2.99,2.99
206,4100,"2005-07-01",1,4.99,4.99
206,4152,"2005-07-01",1,4.99,4.99
206,4232,"2005-07-01",1,4.99,4.99
206,4443,"2005-07-01",1,6.99,6.99
207,367,"2005-07-01",1,2.99,2.99
207,448,"2005-07-01",1,2.99,2.99
207,526,"2005-08-01",1,2.99,2.99
207,906,"2005-07-01",1,2.99,2.99
207,968,"2005-08-01",1,9.99,9.99
207,1310,"2005-07-01",1,4.99,4.99
207,1319,"2005-08-01",1,5.99,5.99
207,1399,"2005-07-01",1,5.99,5.99
207,1597,"2005-08-01",1,8.99,8.99
207,1641,"2005-08-01",1,3.99,3.99
207,1675,"2005-08-01",1,6.99,6.99
207,2040,"2005-07-01",1,9.99,9.99
207,2047,"2005-07-01",1,5.99,5.99
207,2082,"2005-07-01",1,5.99,5.99
207,2198,"2005-07-01",1,5.99,5.99
207,2269,"2005-07-01",1,5.99,5.99
207,2700,"2005-07-01",1,0.99,0.99
207,3079,"2005-07-01",1,0.99,0.99
207,3125,"2005-07-01",1,0.99,0.99
207,3366,"2005-06-01",1,3.99,3.99
207,3381,"2005-07-01",1,0.99,0.99
207,3812,"2005-08-01",1,3.99,3.99
207,4015,"2005-08-01",1,0.99,0.99
207,4200,"2005-08-01",1,1.99,1.99
207,4294,"2005-08-01",1,2.99,2.99
207,4334,"2005-08-01",1,0.99,0.99
207,4484,"2005-08-01",1,6.99,6.99
207,4491,"2005-07-01",1,0.99,0.99
208,190,"2005-06-01",1,2.99,2.99
208,282,"2005-06-01",1,0.99,0.99
208,486,"2005-07-01",1,6.99,6.99
208,656,"2005-08-01",1,0.99,0.99
208,695,"2005-07-01",1,2.99,2.99
208,902,"2006-02-01",1,0.00,0.00
208,918,"2005-07-01",1,1.99,1.99
208,974,"2005-07-01",1,0.99,0.99
208,1208,"2005-08-01",1,6.99,6.99
208,1363,"2005-08-01",1,4.99,4.99
208,1478,"2005-06-01",1,5.99,5.99
208,1781,"2005-07-01",1,2.99,2.99
208,1819,"2005-07-01",1,1.99,1.99
208,2106,"2005-07-01",1,3.99,3.99
208,2146,"2005-07-01",1,4.99,4.99
208,2167,"2005-07-01",1,2.99,2.99
208,2284,"2005-07-01",1,2.99,2.99
208,2516,"2005-06-01",1,0.99,0.99
208,2598,"2005-08-01",1,2.99,2.99
208,2893,"2005-07-01",1,2.99,2.99
208,3494,"2005-08-01",1,5.99,5.99
208,3547,"2006-02-01",1,5.98,5.98
208,3866,"2005-07-01",1,4.99,4.99
208,3962,"2005-06-01",1,0.99,0.99
208,4423,"2005-07-01",1,5.99,5.99
209,28,"2005-08-01",1,8.99,8.99
209,66,"2005-07-01",1,3.99,3.99
209,268,"2005-07-01",1,2.99,2.99
209,782,"2005-08-01",1,6.99,6.99
209,844,"2005-07-01",1,8.99,8.99
209,931,"2005-07-01",1,0.99,0.99
209,953,"2005-06-01",1,4.99,4.99
209,1206,"2005-07-01",1,4.99,4.99
209,1342,"2005-07-01",1,4.99,4.99
209,1635,"2005-07-01",1,0.99,0.99
209,1752,"2005-08-01",1,4.99,4.99
209,1755,"2005-07-01",1,6.99,6.99
209,2089,"2005-07-01",1,3.99,3.99
209,2218,"2005-07-01",1,5.99,5.99
209,2337,"2005-06-01",1,4.99,4.99
209,2679,"2005-06-01",1,4.99,4.99
209,2860,"2005-07-01",1,6.99,6.99
209,2883,"2005-07-01",1,5.99,5.99
209,3220,"2005-08-01",1,2.99,2.99
209,3239,"2005-08-01",1,9.99,9.99
209,3549,"2005-07-01",1,5.99,5.99
209,3762,"2005-08-01",1,2.99,2.99
209,3923,"2005-07-01",1,4.99,4.99
209,3933,"2005-07-01",1,5.99,5.99
209,3984,"2005-07-01",1,2.99,2.99
209,4012,"2005-08-01",1,6.99,6.99
209,4019,"2005-08-01",1,0.99,0.99
209,4056,"2005-07-01",1,4.99,4.99
209,4211,"2005-06-01",1,4.99,4.99
210,78,"2005-08-01",1,4.99,4.99
210,183,"2005-07-01",1,0.99,0.99
210,197,"2005-08-01",1,7.99,7.99
210,701,"2005-08-01",1,0.99,0.99
210,1096,"2005-08-01",1,8.99,8.99
210,1145,"2005-08-01",1,4.99,4.99
210,1219,"2005-07-01",1,2.99,2.99
210,1654,"2005-07-01",1,4.99,4.99
210,1806,"2005-07-01",1,4.99,4.99
210,1859,"2005-06-01",1,0.99,0.99
210,1897,"2005-06-01",1,2.99,2.99
210,1904,"2005-08-01",1,8.99,8.99
210,2060,"2005-07-01",1,4.99,4.99
210,2120,"2005-07-01",1,8.99,8.99
210,2320,"2005-07-01",1,1.99,1.99
210,2509,"2005-07-01",1,6.99,6.99
210,2517,"2005-07-01",1,0.99,0.99
210,2883,"2005-07-01",1,5.99,5.99
210,3021,"2005-07-01",1,0.99,0.99
210,3150,"2005-07-01",1,7.99,7.99
210,3326,"2005-07-01",1,3.99,3.99
210,3355,"2005-07-01",1,0.99,0.99
210,3467,"2005-07-01",1,5.99,5.99
210,3510,"2005-08-01",1,6.99,6.99
210,3556,"2005-08-01",1,4.99,4.99
210,3669,"2005-08-01",1,4.99,4.99
210,3893,"2005-07-01",1,0.99,0.99
210,3991,"2005-07-01",1,3.99,3.99
210,4261,"2005-07-01",1,4.99,4.99
210,4300,"2005-08-01",1,2.99,2.99
211,142,"2005-07-01",1,4.99,4.99
211,166,"2005-07-01",1,3.99,3.99
211,232,"2005-08-01",1,3.99,3.99
211,309,"2005-07-01",1,5.99,5.99
211,412,"2005-07-01",1,0.99,0.99
211,837,"2005-08-01",1,8.99,8.99
211,958,"2005-07-01",1,3.99,3.99
211,1012,"2006-02-01",1,4.99,4.99
211,1284,"2005-08-01",1,4.99,4.99
211,1646,"2005-07-01",1,0.99,0.99
211,1650,"2005-08-01",1,0.99,0.99
211,1727,"2005-08-01",1,0.99,0.99
211,1798,"2005-06-01",1,6.99,6.99
211,2069,"2005-07-01",1,2.99,2.99
211,2091,"2005-07-01",1,8.99,8.99
211,2565,"2005-07-01",1,2.99,2.99
211,2697,"2005-07-01",1,2.99,2.99
211,2746,"2005-07-01",1,0.99,0.99
211,2834,"2005-08-01",1,5.99,5.99
211,2885,"2005-08-01",1,4.99,4.99
211,2894,"2005-07-01",1,4.99,4.99
211,2998,"2005-08-01",1,2.99,2.99
211,3016,"2005-06-01",1,8.99,8.99
211,3124,"2005-07-01",1,1.99,1.99
211,3516,"2005-07-01",1,2.99,2.99
211,3557,"2005-08-01",1,7.99,7.99
211,3582,"2005-08-01",1,2.99,2.99
211,3679,"2005-07-01",1,6.99,6.99
211,3680,"2005-07-01",1,5.99,5.99
211,3973,"2005-08-01",1,5.99,5.99
211,4226,"2005-08-01",1,6.99,6.99
211,4282,"2005-08-01",1,1.99,1.99
211,4403,"2005-08-01",1,2.99,2.99
212,213,"2005-06-01",1,9.99,9.99
212,243,"2005-08-01",1,2.99,2.99
212,529,"2005-08-01",1,3.99,3.99
212,810,"2005-06-01",1,0.99,0.99
212,906,"2005-06-01",1,2.99,2.99
212,1083,"2005-08-01",1,5.99,5.99
212,1318,"2005-06-01",1,0.99,0.99
212,1414,"2005-08-01",1,0.99,0.99
212,1458,"2005-08-01",1,4.99,4.99
212,1566,"2005-07-01",1,3.99,3.99
212,1644,"2005-07-01",1,4.99,4.99
212,1710,"2005-07-01",1,2.99,2.99
212,2296,"2005-07-01",1,6.99,6.99
212,2680,"2005-07-01",1,6.99,6.99
212,2744,"2005-08-01",1,0.99,0.99
212,3249,"2005-07-01",1,10.99,10.99
212,3270,"2005-08-01",1,7.99,7.99
212,3391,"2005-08-01",1,4.99,4.99
212,3874,"2005-07-01",1,3.99,3.99
212,3984,"2005-08-01",1,2.99,2.99
213,30,"2005-06-01",1,6.99,6.99
213,151,"2005-06-01",1,4.99,4.99
213,236,"2006-02-01",1,2.99,2.99
213,642,"2005-07-01",1,4.99,4.99
213,699,"2005-06-01",1,0.99,0.99
213,792,"2005-07-01",1,4.99,4.99
213,800,"2005-08-01",1,6.99,6.99
213,831,"2005-07-01",1,2.99,2.99
213,1218,"2005-07-01",1,0.99,0.99
213,1306,"2005-08-01",1,3.99,3.99
213,1356,"2005-08-01",1,4.99,4.99
213,1395,"2005-08-01",1,2.99,2.99
213,1893,"2005-06-01",1,5.99,5.99
213,1932,"2005-07-01",1,4.99,4.99
213,2009,"2005-06-01",1,2.99,2.99
213,2366,"2005-07-01",1,4.99,4.99
213,2780,"2005-07-01",1,0.99,0.99
213,2834,"2005-07-01",1,6.99,6.99
213,3037,"2005-06-01",1,4.99,4.99
213,3228,"2005-07-01",1,2.99,2.99
213,3329,"2005-07-01",1,2.99,2.99
213,3409,"2005-08-01",1,0.99,0.99
213,3479,"2005-07-01",1,4.99,4.99
213,3737,"2005-06-01",1,4.99,4.99
213,4078,"2005-07-01",1,8.99,8.99
213,4267,"2005-06-01",1,2.99,2.99
213,4469,"2005-06-01",1,0.99,0.99
214,30,"2005-08-01",1,4.99,4.99
214,42,"2005-08-01",1,2.99,2.99
214,574,"2005-08-01",1,4.99,4.99
214,873,"2005-08-01",1,2.99,2.99
214,950,"2005-06-01",1,4.99,4.99
214,1213,"2005-06-01",1,2.99,2.99
214,1281,"2005-07-01",1,4.99,4.99
214,1303,"2005-07-01",1,3.99,3.99
214,1473,"2005-07-01",1,5.99,5.99
214,1885,"2005-08-01",1,3.99,3.99
214,2001,"2005-07-01",1,0.99,0.99
214,2009,"2005-08-01",1,2.99,2.99
214,2258,"2005-08-01",1,0.99,0.99
214,2275,"2005-06-01",1,2.99,2.99
214,2382,"2005-07-01",1,7.99,7.99
214,2952,"2005-07-01",1,4.99,4.99
214,2953,"2005-08-01",1,4.99,4.99
214,3138,"2005-08-01",1,2.99,2.99
214,3378,"2005-08-01",1,0.99,0.99
214,3523,"2005-08-01",1,9.99,9.99
214,3805,"2005-08-01",1,0.99,0.99
214,3838,"2006-02-01",1,2.99,2.99
214,3862,"2005-08-01",1,4.99,4.99
214,3935,"2005-08-01",1,4.99,4.99
214,3952,"2005-07-01",1,3.99,3.99
214,4046,"2005-07-01",1,2.99,2.99
215,55,"2005-08-01",1,1.99,1.99
215,360,"2005-08-01",1,0.99,0.99
215,460,"2005-07-01",1,1.99,1.99
215,611,"2005-08-01",1,0.99,0.99
215,907,"2005-07-01",1,2.99,2.99
215,910,"2005-08-01",1,4.99,4.99
215,925,"2006-02-01",1,0.99,0.99
215,971,"2005-07-01",1,8.99,8.99
215,992,"2005-06-01",1,2.99,2.99
215,1355,"2005-06-01",1,2.99,2.99
215,1476,"2005-06-01",1,4.99,4.99
215,1736,"2005-07-01",1,2.99,2.99
215,1976,"2005-07-01",1,4.99,4.99
215,1985,"2005-06-01",1,2.99,2.99
215,2076,"2005-08-01",1,2.99,2.99
215,2125,"2005-07-01",1,8.99,8.99
215,2519,"2005-08-01",1,2.99,2.99
215,2714,"2005-07-01",1,0.99,0.99
215,2738,"2005-08-01",1,0.99,0.99
215,2819,"2005-08-01",1,2.99,2.99
215,3395,"2005-06-01",1,4.99,4.99
215,3531,"2005-08-01",1,2.99,2.99
215,4271,"2005-06-01",1,4.99,4.99
215,4299,"2005-08-01",1,2.99,2.99
216,18,"2005-08-01",1,2.99,2.99
216,209,"2005-07-01",1,4.99,4.99
216,540,"2005-07-01",1,0.99,0.99
216,603,"2005-07-01",1,8.99,8.99
216,994,"2005-08-01",1,4.99,4.99
216,1171,"2005-08-01",1,4.99,4.99
216,1227,"2005-07-01",1,6.99,6.99
216,1547,"2005-08-01",1,0.99,0.99
216,1581,"2005-07-01",1,7.99,7.99
216,1814,"2005-06-01",1,2.99,2.99
216,2464,"2005-06-01",1,0.99,0.99
216,2942,"2005-06-01",1,0.99,0.99
216,3583,"2005-08-01",1,2.99,2.99
216,3708,"2005-08-01",1,7.99,7.99
216,3999,"2006-02-01",1,5.98,5.98
216,4021,"2005-07-01",1,2.99,2.99
216,4206,"2005-06-01",1,3.99,3.99
216,4213,"2005-08-01",1,4.99,4.99
216,4340,"2005-08-01",1,0.99,0.99
216,4479,"2005-06-01",1,6.99,6.99
216,4496,"2006-02-01",1,0.00,0.00
216,4556,"2005-08-01",1,4.99,4.99
217,118,"2005-07-01",1,2.99,2.99
217,195,"2005-08-01",1,2.99,2.99
217,518,"2005-08-01",1,0.99,0.99
217,1142,"2005-07-01",1,4.99,4.99
217,1234,"2005-07-01",1,0.99,0.99
217,1453,"2005-07-01",1,2.99,2.99
217,1780,"2005-08-01",1,2.99,2.99
217,1815,"2005-07-01",1,3.99,3.99
217,2061,"2005-08-01",1,4.99,4.99
217,2076,"2005-06-01",1,2.99,2.99
217,2082,"2005-07-01",1,4.99,4.99
217,2242,"2005-06-01",1,6.99,6.99
217,2625,"2005-08-01",1,4.99,4.99
217,2801,"2005-08-01",1,5.99,5.99
217,3035,"2005-08-01",1,4.99,4.99
217,3222,"2005-08-01",1,2.99,2.99
217,3368,"2005-07-01",1,6.99,6.99
217,3610,"2005-07-01",1,2.99,2.99
217,4138,"2005-07-01",1,2.99,2.99
217,4183,"2005-06-01",1,4.99,4.99
217,4534,"2005-08-01",1,6.99,6.99
218,395,"2005-08-01",1,4.99,4.99
218,486,"2005-07-01",1,6.99,6.99
218,1048,"2005-08-01",1,2.99,2.99
218,1118,"2005-07-01",1,0.99,0.99
218,1862,"2005-06-01",1,2.99,2.99
218,1982,"2005-07-01",1,6.99,6.99
218,2086,"2005-06-01",1,0.99,0.99
218,2236,"2005-08-01",1,5.99,5.99
218,2424,"2005-08-01",1,2.99,2.99
218,2562,"2005-08-01",1,5.99,5.99
218,3004,"2005-07-01",1,8.99,8.99
218,3128,"2005-07-01",1,0.99,0.99
218,3212,"2005-07-01",1,6.99,6.99
218,3495,"2005-07-01",1,4.99,4.99
218,3599,"2005-08-01",1,0.99,0.99
218,3881,"2005-07-01",1,0.99,0.99
218,3916,"2005-08-01",1,0.99,0.99
218,4172,"2005-06-01",1,0.99,0.99
219,163,"2005-07-01",1,7.99,7.99
219,241,"2005-07-01",1,0.99,0.99
219,568,"2005-07-01",1,4.99,4.99
219,726,"2005-07-01",1,4.99,4.99
219,1219,"2005-07-01",1,2.99,2.99
219,1350,"2005-08-01",1,5.99,5.99
219,1688,"2005-08-01",1,4.99,4.99
219,1956,"2005-06-01",1,3.99,3.99
219,2031,"2005-08-01",1,2.99,2.99
219,2104,"2005-08-01",1,4.99,4.99
219,2487,"2005-07-01",1,4.99,4.99
219,2527,"2005-06-01",1,0.99,0.99
219,2573,"2005-08-01",1,4.99,4.99
219,2578,"2005-07-01",1,5.99,5.99
219,2653,"2005-08-01",1,0.99,0.99
219,2729,"2005-07-01",1,6.99,6.99
219,2851,"2005-07-01",1,1.99,1.99
219,3091,"2005-07-01",1,2.99,2.99
219,3377,"2005-07-01",1,0.99,0.99
219,3514,"2005-07-01",1,4.99,4.99
219,3640,"2005-08-01",1,0.99,0.99
219,3675,"2005-07-01",1,7.99,7.99
219,4106,"2006-02-01",1,4.99,4.99
219,4278,"2005-07-01",1,0.99,0.99
219,4510,"2005-07-01",1,4.99,4.99
220,113,"2005-08-01",1,2.99,2.99
220,131,"2005-07-01",1,0.99,0.99
220,148,"2005-08-01",1,4.99,4.99
220,348,"2005-07-01",1,4.99,4.99
220,391,"2005-08-01",1,4.99,4.99
220,413,"2005-07-01",1,2.99,2.99
220,444,"2005-07-01",1,8.99,8.99
220,499,"2005-08-01",1,4.99,4.99
220,500,"2005-06-01",1,0.99,0.99
220,509,"2005-08-01",1,4.99,4.99
220,820,"2005-07-01",1,9.99,9.99
220,1546,"2005-08-01",1,3.99,3.99
220,1939,"2005-08-01",1,4.99,4.99
220,1960,"2005-07-01",1,2.99,2.99
220,2313,"2005-07-01",1,7.99,7.99
220,2647,"2005-07-01",1,10.99,10.99
220,2804,"2005-08-01",1,2.99,2.99
220,2928,"2005-08-01",1,2.99,2.99
220,3797,"2005-07-01",1,0.99,0.99
220,3819,"2005-07-01",1,2.99,2.99
220,4291,"2005-08-01",1,0.99,0.99
220,4403,"2005-07-01",1,2.99,2.99
220,4429,"2005-08-01",1,4.99,4.99
220,4486,"2005-08-01",1,4.99,4.99
220,4517,"2005-07-01",1,2.99,2.99
221,679,"2005-06-01",1,0.99,0.99
221,793,"2005-08-01",1,4.99,4.99
221,909,"2005-07-01",1,6.99,6.99
221,917,"2005-07-01",1,5.99,5.99
221,984,"2005-07-01",1,4.99,4.99
221,1116,"2005-07-01",1,4.99,4.99
221,1546,"2005-06-01",1,2.99,2.99
221,1694,"2005-07-01",1,6.99,6.99
221,1759,"2005-07-01",1,0.99,0.99
221,1782,"2005-07-01",1,0.99,0.99
221,1893,"2005-07-01",1,5.99,5.99
221,1930,"2005-07-01",1,0.99,0.99
221,1988,"2005-07-01",1,7.99,7.99
221,2006,"2005-07-01",1,2.99,2.99
221,2073,"2005-08-01",1,2.99,2.99
221,2197,"2005-08-01",1,0.99,0.99
221,2393,"2005-07-01",1,8.99,8.99
221,2436,"2005-08-01",1,0.99,0.99
221,2663,"2005-08-01",1,3.99,3.99
221,2815,"2005-08-01",1,2.99,2.99
221,2818,"2005-08-01",1,5.99,5.99
221,3146,"2005-08-01",1,7.99,7.99
221,3876,"2005-06-01",1,2.99,2.99
221,3942,"2005-08-01",1,8.99,8.99
221,4117,"2005-06-01",1,5.99,5.99
221,4341,"2005-06-01",1,10.99,10.99
221,4538,"2005-08-01",1,4.99,4.99
222,587,"2005-06-01",1,6.99,6.99
222,933,"2005-07-01",1,0.99,0.99
222,1442,"2005-08-01",1,2.99,2.99
222,1457,"2005-07-01",1,5.99,5.99
222,1499,"2005-08-01",1,2.99,2.99
222,2020,"2005-06-01",1,8.99,8.99
222,2285,"2005-07-01",1,0.99,0.99
222,2366,"2005-07-01",1,4.99,4.99
222,2409,"2005-07-01",1,3.99,3.99
222,2471,"2005-07-01",1,6.99,6.99
222,2558,"2005-07-01",1,1.99,1.99
222,3174,"2005-08-01",1,2.99,2.99
222,3875,"2005-07-01",1,2.99,2.99
222,4218,"2005-07-01",1,6.99,6.99
222,4364,"2005-07-01",1,1.99,1.99
222,4441,"2005-07-01",1,8.99,8.99
223,65,"2005-07-01",1,0.99,0.99
223,915,"2005-08-01",1,7.99,7.99
223,1171,"2005-08-01",1,5.99,5.99
223,2087,"2005-08-01",1,5.99,5.99
223,2185,"2005-08-01",1,4.99,4.99
223,2287,"2005-07-01",1,3.99,3.99
223,2297,"2005-08-01",1,4.99,4.99
223,2386,"2005-07-01",1,4.99,4.99
223,2603,"2005-07-01",1,5.99,5.99
223,2669,"2005-08-01",1,0.99,0.99
223,2750,"2005-06-01",1,5.99,5.99
223,3028,"2005-08-01",1,2.99,2.99
223,3076,"2005-06-01",1,4.99,4.99
223,4102,"2005-07-01",1,7.99,7.99
223,4225,"2005-07-01",1,5.99,5.99
223,4263,"2005-07-01",1,2.99,2.99
224,12,"2005-07-01",1,2.99,2.99
224,182,"2005-07-01",1,2.99,2.99
224,191,"2005-08-01",1,2.99,2.99
224,320,"2005-07-01",1,3.99,3.99
224,355,"2005-07-01",1,2.99,2.99
224,887,"2005-06-01",1,7.99,7.99
224,1314,"2005-08-01",1,1.99,1.99
224,1530,"2005-07-01",1,4.99,4.99
224,1646,"2005-08-01",1,0.99,0.99
224,1676,"2005-06-01",1,4.99,4.99
224,2452,"2005-08-01",1,0.99,0.99
224,2839,"2005-08-01",1,4.99,4.99
224,3615,"2005-08-01",1,2.99,2.99
224,3715,"2005-07-01",1,0.99,0.99
224,3770,"2005-06-01",1,2.99,2.99
224,3805,"2005-07-01",1,4.99,4.99
224,3897,"2005-08-01",1,0.99,0.99
224,3953,"2005-07-01",1,0.99,0.99
224,4125,"2005-08-01",1,4.99,4.99
224,4143,"2005-07-01",1,2.99,2.99
224,4168,"2005-08-01",1,5.99,5.99
224,4506,"2005-08-01",1,5.99,5.99
225,122,"2005-07-01",1,4.99,4.99
225,126,"2005-07-01",1,2.99,2.99
225,179,"2005-07-01",1,2.99,2.99
225,1062,"2005-07-01",1,7.99,7.99
225,1103,"2005-07-01",1,2.99,2.99
225,1244,"2005-07-01",1,4.99,4.99
225,1480,"2005-07-01",1,4.99,4.99
225,1718,"2005-07-01",1,3.99,3.99
225,1855,"2005-07-01",1,7.99,7.99
225,2211,"2005-08-01",1,5.99,5.99
225,2235,"2005-07-01",1,7.99,7.99
225,2361,"2005-07-01",1,2.99,2.99
225,2503,"2005-07-01",1,2.99,2.99
225,2679,"2005-08-01",1,4.99,4.99
225,2799,"2005-07-01",1,4.99,4.99
225,2840,"2005-08-01",1,0.99,0.99
225,2853,"2005-07-01",1,2.99,2.99
225,3018,"2005-08-01",1,2.99,2.99
225,3335,"2005-08-01",1,1.99,1.99
225,3487,"2005-06-01",1,7.99,7.99
225,3779,"2005-07-01",1,4.99,4.99
225,4206,"2005-07-01",1,2.99,2.99
225,4234,"2005-08-01",1,5.99,5.99
225,4295,"2005-07-01",1,6.99,6.99
226,45,"2005-07-01",1,5.99,5.99
226,371,"2005-06-01",1,4.99,4.99
226,760,"2005-08-01",1,5.99,5.99
226,815,"2005-08-01",1,4.99,4.99
226,906,"2005-07-01",1,3.99,3.99
226,952,"2005-07-01",1,4.99,4.99
226,1162,"2005-08-01",1,1.99,1.99
226,1198,"2005-08-01",1,0.99,0.99
226,1488,"2005-07-01",1,2.99,2.99
226,1516,"2005-07-01",1,2.99,2.99
226,2072,"2005-08-01",1,6.99,6.99
226,2654,"2005-07-01",1,4.99,4.99
226,2761,"2005-08-01",1,4.99,4.99
226,2828,"2005-08-01",1,4.99,4.99
226,2929,"2005-06-01",1,2.99,2.99
226,3472,"2005-08-01",1,2.99,2.99
226,4026,"2005-08-01",1,0.99,0.99
226,4235,"2005-07-01",1,2.99,2.99
226,4293,"2005-08-01",1,2.99,2.99
226,4386,"2005-07-01",1,2.99,2.99
226,4581,"2005-07-01",1,9.99,9.99
227,324,"2005-07-01",1,5.99,5.99
227,400,"2005-08-01",1,0.99,0.99
227,644,"2005-07-01",1,0.99,0.99
227,746,"2005-08-01",1,0.99,0.99
227,750,"2005-07-01",1,4.99,4.99
227,835,"2005-08-01",1,4.99,4.99
227,1408,"2005-07-01",1,2.99,2.99
227,1423,"2005-07-01",1,2.99,2.99
227,1623,"2005-08-01",1,4.99,4.99
227,1639,"2005-07-01",1,3.99,3.99
227,1687,"2005-06-01",1,0.99,0.99
227,2013,"2005-08-01",1,3.99,3.99
227,2721,"2006-02-01",1,4.99,4.99
227,3201,"2005-07-01",1,7.99,7.99
227,3442,"2005-06-01",1,6.99,6.99
227,3609,"2005-07-01",1,2.99,2.99
227,3640,"2005-06-01",1,1.99,1.99
227,3807,"2005-07-01",1,0.99,0.99
227,3919,"2005-07-01",1,2.99,2.99
227,3959,"2005-06-01",1,2.99,2.99
227,3987,"2005-07-01",1,4.99,4.99
227,4043,"2005-07-01",1,2.99,2.99
228,224,"2005-07-01",1,2.99,2.99
228,628,"2005-07-01",1,2.99,2.99
228,697,"2005-06-01",1,2.99,2.99
228,903,"2005-07-01",1,0.99,0.99
228,908,"2006-02-01",1,0.00,0.00
228,1077,"2005-06-01",1,3.99,3.99
228,1381,"2005-08-01",1,0.99,0.99
228,1451,"2005-07-01",1,0.99,0.99
228,1649,"2005-07-01",1,0.99,0.99
228,1722,"2006-02-01",1,3.98,3.98
228,1858,"2005-07-01",1,4.99,4.99
228,2279,"2005-07-01",1,1.99,1.99
228,2410,"2005-06-01",1,2.99,2.99
228,2460,"2005-08-01",1,2.99,2.99
228,2596,"2005-07-01",1,8.99,8.99
228,2670,"2005-08-01",1,4.99,4.99
228,2682,"2005-06-01",1,3.99,3.99
228,2727,"2005-07-01",1,0.99,0.99
228,3088,"2005-07-01",1,2.99,2.99
228,3140,"2005-07-01",1,4.99,4.99
228,3186,"2005-07-01",1,3.99,3.99
228,4134,"2005-07-01",1,8.99,8.99
228,4223,"2005-08-01",1,4.99,4.99
228,4361,"2005-07-01",1,0.99,0.99
228,4456,"2005-07-01",1,6.99,6.99
229,100,"2005-08-01",1,4.99,4.99
229,463,"2005-08-01",1,4.99,4.99
229,661,"2005-06-01",1,0.99,0.99
229,785,"2005-07-01",1,4.99,4.99
229,1085,"2005-06-01",1,4.99,4.99
229,1202,"2005-07-01",1,4.99,4.99
229,1307,"2005-07-01",1,2.99,2.99
229,1330,"2005-06-01",1,7.99,7.99
229,1452,"2005-07-01",1,5.99,5.99
229,1473,"2005-07-01",1,2.99,2.99
229,1700,"2005-08-01",1,4.99,4.99
229,1766,"2005-08-01",1,2.99,2.99
229,1998,"2005-07-01",1,4.99,4.99
229,2304,"2005-07-01",1,4.99,4.99
229,2408,"2006-02-01",1,0.99,0.99
229,2453,"2005-07-01",1,0.99,0.99
229,2464,"2005-07-01",1,0.99,0.99
229,2742,"2005-08-01",1,0.99,0.99
229,2878,"2005-08-01",1,5.99,5.99
229,3014,"2005-07-01",1,7.99,7.99
229,3079,"2005-08-01",1,2.99,2.99
229,3169,"2005-06-01",1,0.99,0.99
229,3637,"2005-07-01",1,0.99,0.99
229,3744,"2005-07-01",1,3.99,3.99
229,4464,"2005-07-01",1,2.99,2.99
230,228,"2005-06-01",1,3.99,3.99
230,295,"2005-07-01",1,3.99,3.99
230,304,"2005-07-01",1,3.99,3.99
230,431,"2005-07-01",1,4.99,4.99
230,646,"2005-08-01",1,1.99,1.99
230,863,"2005-06-01",1,8.99,8.99
230,888,"2005-08-01",1,7.99,7.99
230,920,"2005-08-01",1,0.99,0.99
230,1041,"2005-07-01",1,4.99,4.99
230,1069,"2005-07-01",1,4.99,4.99
230,1143,"2005-08-01",1,5.99,5.99
230,1331,"2005-07-01",1,4.99,4.99
230,1634,"2005-08-01",1,2.99,2.99
230,1723,"2005-07-01",1,4.99,4.99
230,1760,"2005-07-01",1,3.99,3.99
230,1920,"2005-08-01",1,0.99,0.99
230,2181,"2005-08-01",1,2.99,2.99
230,2552,"2005-08-01",1,2.99,2.99
230,2708,"2005-07-01",1,0.99,0.99
230,2991,"2005-08-01",1,5.99,5.99
230,2996,"2005-08-01",1,5.99,5.99
230,3075,"2005-06-01",1,4.99,4.99
230,3078,"2005-06-01",1,0.99,0.99
230,3469,"2005-07-01",1,2.99,2.99
230,3485,"2005-07-01",1,9.99,9.99
230,3886,"2005-07-01",1,2.99,2.99
230,3893,"2005-07-01",1,0.99,0.99
230,3956,"2005-07-01",1,2.99,2.99
230,4092,"2005-06-01",1,0.99,0.99
230,4356,"2005-06-01",1,0.99,0.99
230,4440,"2005-07-01",1,0.99,0.99
231,115,"2005-08-01",1,0.99,0.99
231,213,"2005-07-01",1,9.99,9.99
231,457,"2005-08-01",1,6.99,6.99
231,490,"2005-07-01",1,2.99,2.99
231,720,"2005-07-01",1,5.99,5.99
231,1115,"2005-08-01",1,3.99,3.99
231,1249,"2005-08-01",1,5.99,5.99
231,1525,"2005-07-01",1,2.99,2.99
231,1654,"2005-08-01",1,2.99,2.99
231,1744,"2005-06-01",1,0.99,0.99
231,1910,"2005-08-01",1,8.99,8.99
231,2049,"2005-08-01",1,2.99,2.99
231,2077,"2005-08-01",1,3.99,3.99
231,2094,"2005-08-01",1,0.99,0.99
231,2793,"2005-07-01",1,0.99,0.99
231,2876,"2005-07-01",1,5.99,5.99
231,2990,"2005-08-01",1,4.99,4.99
231,3172,"2005-07-01",1,0.99,0.99
231,3230,"2005-07-01",1,2.99,2.99
231,3477,"2005-07-01",1,0.99,0.99
231,3625,"2005-08-01",1,7.99,7.99
231,3968,"2005-07-01",1,1.99,1.99
231,4563,"2005-07-01",1,0.99,0.99
232,134,"2005-07-01",1,5.99,5.99
232,188,"2005-07-01",1,2.99,2.99
232,700,"2005-07-01",1,0.99,0.99
232,814,"2005-07-01",1,4.99,4.99
232,826,"2005-08-01",1,2.99,2.99
232,1054,"2005-07-01",1,2.99,2.99
232,1539,"2005-07-01",1,2.99,2.99
232,1659,"2005-08-01",1,2.99,2.99
232,1708,"2005-07-01",1,2.99,2.99
232,1976,"2005-06-01",1,8.99,8.99
232,2563,"2005-07-01",1,0.99,0.99
232,2674,"2005-08-01",1,0.99,0.99
232,2911,"2005-07-01",1,5.99,5.99
232,2960,"2005-07-01",1,2.99,2.99
232,3121,"2005-07-01",1,4.99,4.99
232,3341,"2005-08-01",1,6.99,6.99
232,3496,"2005-08-01",1,0.99,0.99
232,3585,"2005-07-01",1,2.99,2.99
232,3753,"2005-08-01",1,2.99,2.99
232,3986,"2005-07-01",1,4.99,4.99
232,4150,"2005-08-01",1,0.99,0.99
232,4227,"2005-07-01",1,10.99,10.99
232,4258,"2005-06-01",1,0.99,0.99
233,59,"2005-07-01",1,0.99,0.99
233,442,"2005-07-01",1,4.99,4.99
233,481,"2005-08-01",1,2.99,2.99
233,636,"2005-06-01",1,2.99,2.99
233,805,"2005-07-01",1,8.99,8.99
233,813,"2005-07-01",1,2.99,2.99
233,938,"2005-07-01",1,2.99,2.99
233,1622,"2005-06-01",1,4.99,4.99
233,1714,"2005-08-01",1,0.99,0.99
233,1884,"2005-06-01",1,2.99,2.99
233,2048,"2005-08-01",1,5.99,5.99
233,2242,"2005-07-01",1,5.99,5.99
233,2536,"2005-08-01",1,4.99,4.99
233,2782,"2005-07-01",1,0.99,0.99
233,2887,"2005-08-01",1,1.99,1.99
233,2906,"2005-08-01",1,2.99,2.99
233,3032,"2005-07-01",1,5.99,5.99
233,3274,"2005-07-01",1,4.99,4.99
233,3629,"2005-06-01",1,2.99,2.99
233,3739,"2005-07-01",1,4.99,4.99
233,4108,"2005-07-01",1,5.99,5.99
233,4499,"2005-07-01",1,2.99,2.99
233,4528,"2005-07-01",1,2.99,2.99
234,168,"2005-06-01",1,5.99,5.99
234,590,"2005-08-01",1,6.99,6.99
234,601,"2005-06-01",1,6.99,6.99
234,614,"2005-07-01",1,5.99,5.99
234,682,"2005-08-01",1,0.99,0.99
234,780,"2005-08-01",1,4.99,4.99
234,781,"2005-08-01",1,5.99,5.99
234,888,"2005-08-01",1,7.99,7.99
234,1269,"2006-02-01",1,0.99,0.99
234,1314,"2005-06-01",1,3.99,3.99
234,1398,"2005-07-01",1,0.99,0.99
234,1413,"2005-08-01",1,0.99,0.99
234,1824,"2005-06-01",1,5.99,5.99
234,2077,"2005-08-01",1,4.99,4.99
234,2401,"2005-08-01",1,3.99,3.99
234,3105,"2005-07-01",1,7.99,7.99
234,3606,"2005-06-01",1,2.99,2.99
234,3782,"2005-08-01",1,2.99,2.99
234,3824,"2005-06-01",1,4.99,4.99
234,4028,"2005-08-01",1,3.99,3.99
234,4177,"2005-06-01",1,4.99,4.99
234,4232,"2005-08-01",1,0.99,0.99
234,4262,"2005-08-01",1,2.99,2.99
234,4434,"2005-06-01",1,0.99,0.99
234,4517,"2005-08-01",1,5.99,5.99
235,558,"2005-07-01",1,4.99,4.99
235,627,"2005-08-01",1,2.99,2.99
235,831,"2005-08-01",1,3.99,3.99
235,946,"2005-07-01",1,5.99,5.99
235,1143,"2005-07-01",1,4.99,4.99
235,1331,"2005-08-01",1,6.99,6.99
235,1410,"2005-08-01",1,0.99,0.99
235,1593,"2005-07-01",1,6.99,6.99
235,1696,"2005-07-01",1,4.99,4.99
235,2141,"2005-07-01",1,2.99,2.99
235,2153,"2005-08-01",1,4.99,4.99
235,2214,"2005-08-01",1,0.99,0.99
235,2966,"2005-07-01",1,3.99,3.99
235,3176,"2005-07-01",1,0.99,0.99
235,3369,"2005-07-01",1,4.99,4.99
235,3700,"2005-06-01",1,0.99,0.99
235,3746,"2005-07-01",1,0.99,0.99
235,3767,"2005-07-01",1,6.99,6.99
235,3993,"2005-07-01",1,0.99,0.99
235,4147,"2005-07-01",1,2.99,2.99
235,4520,"2005-07-01",1,2.99,2.99
235,4561,"2005-07-01",1,6.99,6.99
235,4581,"2005-06-01",1,4.99,4.99
236,81,"2006-02-01",1,0.99,0.99
236,118,"2005-07-01",1,3.99,3.99
236,220,"2005-06-01",1,5.99,5.99
236,612,"2005-07-01",1,4.99,4.99
236,807,"2005-06-01",1,8.99,8.99
236,835,"2005-07-01",1,4.99,4.99
236,846,"2005-07-01",1,2.99,2.99
236,967,"2005-08-01",1,4.99,4.99
236,1011,"2005-08-01",1,6.99,6.99
236,1102,"2005-06-01",1,3.99,3.99
236,1135,"2005-07-01",1,4.99,4.99
236,1190,"2005-07-01",1,4.99,4.99
236,1610,"2005-08-01",1,3.99,3.99
236,1765,"2005-06-01",1,2.99,2.99
236,1950,"2005-07-01",1,0.99,0.99
236,2156,"2005-08-01",1,4.99,4.99
236,2492,"2005-07-01",1,2.99,2.99
236,2582,"2005-07-01",1,0.99,0.99
236,2773,"2005-08-01",1,2.99,2.99
236,2799,"2005-07-01",1,5.99,5.99
236,2834,"2005-07-01",1,3.99,3.99
236,2866,"2005-07-01",1,4.99,4.99
236,2930,"2005-08-01",1,4.99,4.99
236,3069,"2005-07-01",1,5.99,5.99
236,3161,"2005-08-01",1,7.99,7.99
236,3194,"2005-07-01",1,2.99,2.99
236,3237,"2005-07-01",1,4.99,4.99
236,3281,"2005-07-01",1,2.99,2.99
236,3300,"2005-08-01",1,2.99,2.99
236,3390,"2005-07-01",1,0.99,0.99
236,3513,"2005-08-01",1,7.99,7.99
236,3685,"2005-07-01",1,2.99,2.99
236,3736,"2005-07-01",1,4.99,4.99
236,3898,"2005-07-01",1,0.99,0.99
236,3904,"2005-06-01",1,2.99,2.99
236,3984,"2005-06-01",1,4.99,4.99
236,4197,"2005-08-01",1,5.99,5.99
236,4495,"2005-06-01",1,0.99,0.99
236,4506,"2005-06-01",1,6.99,6.99
237,280,"2005-08-01",1,0.99,0.99
237,281,"2005-07-01",1,0.99,0.99
237,326,"2005-07-01",1,6.99,6.99
237,623,"2005-06-01",1,4.99,4.99
237,758,"2005-07-01",1,2.99,2.99
237,1021,"2005-08-01",1,5.99,5.99
237,1128,"2005-08-01",1,1.99,1.99
237,1398,"2005-08-01",1,6.99,6.99
237,1528,"2005-07-01",1,5.99,5.99
237,1801,"2005-07-01",1,2.99,2.99
237,1836,"2005-08-01",1,6.99,6.99
237,1952,"2005-06-01",1,2.99,2.99
237,2018,"2005-08-01",1,8.99,8.99
237,2081,"2005-08-01",1,4.99,4.99
237,2184,"2005-07-01",1,2.99,2.99
237,2395,"2005-08-01",1,0.99,0.99
237,2652,"2005-06-01",1,0.99,0.99
237,2653,"2005-07-01",1,3.99,3.99
237,2693,"2005-07-01",1,4.99,4.99
237,2836,"2005-07-01",1,4.99,4.99
237,2858,"2005-06-01",1,2.99,2.99
237,3037,"2005-08-01",1,6.99,6.99
237,3312,"2005-08-01",1,3.99,3.99
237,3319,"2005-07-01",1,1.99,1.99
237,3705,"2005-07-01",1,3.99,3.99
237,3979,"2005-07-01",1,8.99,8.99
237,4057,"2005-07-01",1,4.99,4.99
237,4077,"2005-08-01",1,11.99,11.99
237,4505,"2005-07-01",1,2.99,2.99
237,4537,"2005-06-01",1,0.99,0.99
237,4556,"2005-07-01",1,4.99,4.99
238,253,"2005-06-01",1,2.99,2.99
238,317,"2005-07-01",1,6.99,6.99
238,349,"2005-07-01",1,4.99,4.99
238,597,"2005-07-01",1,0.99,0.99
238,786,"2005-08-01",1,5.99,5.99
238,1019,"2005-07-01",1,0.99,0.99
238,1090,"2005-08-01",1,4.99,4.99
238,1287,"2005-07-01",1,4.99,4.99
238,2374,"2005-06-01",1,4.99,4.99
238,2551,"2005-08-01",1,2.99,2.99
238,2637,"2005-07-01",1,8.99,8.99
238,2860,"2005-08-01",1,5.99,5.99
238,3473,"2005-06-01",1,2.99,2.99
238,3769,"2005-08-01",1,8.99,8.99
238,3904,"2005-08-01",1,2.99,2.99
238,3991,"2005-08-01",1,0.99,0.99
238,4014,"2005-07-01",1,5.99,5.99
238,4109,"2005-07-01",1,0.99,0.99
238,4554,"2005-07-01",1,7.99,7.99
239,19,"2005-07-01",1,5.99,5.99
239,301,"2005-07-01",1,4.99,4.99
239,681,"2005-07-01",1,0.99,0.99
239,698,"2005-08-01",1,0.99,0.99
239,734,"2005-08-01",1,2.99,2.99
239,779,"2005-07-01",1,8.99,8.99
239,1045,"2005-08-01",1,1.99,1.99
239,1099,"2005-07-01",1,5.99,5.99
239,1217,"2005-08-01",1,0.99,0.99
239,1931,"2005-08-01",1,4.99,4.99
239,2060,"2005-06-01",1,2.99,2.99
239,2602,"2005-08-01",1,2.99,2.99
239,2730,"2005-07-01",1,0.99,0.99
239,2748,"2005-06-01",1,4.99,4.99
239,2795,"2005-06-01",1,4.99,4.99
239,2841,"2005-08-01",1,1.99,1.99
239,2968,"2005-06-01",1,5.99,5.99
239,3120,"2005-08-01",1,4.99,4.99
239,3187,"2005-08-01",1,4.99,4.99
239,3308,"2005-07-01",1,0.99,0.99
239,3371,"2005-07-01",1,6.99,6.99
239,3418,"2005-06-01",1,4.99,4.99
239,3561,"2005-08-01",1,4.99,4.99
239,3884,"2005-07-01",1,0.99,0.99
239,4149,"2005-08-01",1,3.99,3.99
239,4261,"2005-07-01",1,2.99,2.99
239,4285,"2005-07-01",1,7.99,7.99
239,4420,"2005-07-01",1,0.99,0.99
240,150,"2005-06-01",1,4.99,4.99
240,574,"2005-08-01",1,6.99,6.99
240,588,"2005-08-01",1,7.99,7.99
240,970,"2005-07-01",1,4.99,4.99
240,1092,"2005-07-01",1,4.99,4.99
240,1164,"2005-07-01",1,3.99,3.99
240,1401,"2005-08-01",1,4.99,4.99
240,1460,"2005-07-01",1,4.99,4.99
240,1662,"2005-07-01",1,0.99,0.99
240,1680,"2005-07-01",1,0.99,0.99
240,1804,"2005-07-01",1,4.99,4.99
240,1925,"2005-06-01",1,3.99,3.99
240,2154,"2005-07-01",1,5.99,5.99
240,2423,"2005-08-01",1,2.99,2.99
240,2499,"2005-07-01",1,4.99,4.99
240,2614,"2005-08-01",1,2.99,2.99
240,3103,"2005-07-01",1,0.99,0.99
240,3126,"2005-08-01",1,0.99,0.99
240,3779,"2005-06-01",1,5.99,5.99
240,3869,"2005-07-01",1,8.99,8.99
240,3926,"2005-07-01",1,4.99,4.99
240,3969,"2005-08-01",1,8.99,8.99
240,4018,"2005-08-01",1,3.99,3.99
241,71,"2005-07-01",1,6.99,6.99
241,193,"2005-07-01",1,3.99,3.99
241,433,"2005-08-01",1,2.99,2.99
241,487,"2005-07-01",1,4.99,4.99
241,512,"2005-07-01",1,2.99,2.99
241,531,"2005-08-01",1,7.99,7.99
241,740,"2005-08-01",1,2.99,2.99
241,856,"2005-08-01",1,2.99,2.99
241,870,"2005-06-01",1,0.99,0.99
241,1198,"2005-08-01",1,3.99,3.99
241,1314,"2005-07-01",1,0.99,0.99
241,1633,"2005-08-01",1,2.99,2.99
241,1637,"2005-08-01",1,2.99,2.99
241,2151,"2005-07-01",1,4.99,4.99
241,2216,"2005-07-01",1,0.99,0.99
241,2400,"2005-07-01",1,2.99,2.99
241,2540,"2005-07-01",1,5.99,5.99
241,2798,"2005-06-01",1,5.99,5.99
241,2808,"2005-07-01",1,6.99,6.99
241,2860,"2005-06-01",1,2.99,2.99
241,2927,"2005-07-01",1,2.99,2.99
241,3141,"2005-07-01",1,3.99,3.99
241,3431,"2005-08-01",1,1.99,1.99
241,3492,"2005-08-01",1,4.99,4.99
241,3613,"2005-08-01",1,4.99,4.99
241,3710,"2005-08-01",1,0.99,0.99
241,3745,"2005-07-01",1,2.99,2.99
241,3892,"2005-06-01",1,0.99,0.99
241,4124,"2005-07-01",1,0.99,0.99
241,4186,"2005-08-01",1,4.99,4.99
241,4348,"2005-07-01",1,0.99,0.99
241,4417,"2005-06-01",1,0.99,0.99
242,364,"2005-07-01",1,4.99,4.99
242,543,"2005-08-01",1,0.99,0.99
242,999,"2005-06-01",1,4.99,4.99
242,1304,"2005-06-01",1,4.99,4.99
242,1347,"2005-08-01",1,5.99,5.99
242,1380,"2005-07-01",1,0.99,0.99
242,1576,"2005-08-01",1,4.99,4.99
242,1645,"2005-08-01",1,0.99,0.99
242,1724,"2005-07-01",1,4.99,4.99
242,1806,"2005-07-01",1,4.99,4.99
242,1822,"2005-06-01",1,4.99,4.99
242,1926,"2005-06-01",1,4.99,4.99
242,2022,"2005-08-01",1,4.99,4.99
242,2215,"2005-08-01",1,0.99,0.99
242,2224,"2005-08-01",1,7.99,7.99
242,2225,"2005-07-01",1,5.99,5.99
242,2306,"2005-08-01",1,9.99,9.99
242,2605,"2005-07-01",1,6.99,6.99
242,2620,"2005-07-01",1,1.99,1.99
242,2900,"2005-08-01",1,4.99,4.99
242,3145,"2005-07-01",1,3.99,3.99
242,3408,"2005-08-01",1,0.99,0.99
242,3469,"2005-06-01",1,4.99,4.99
242,3872,"2005-08-01",1,9.99,9.99
242,3902,"2005-07-01",1,3.99,3.99
242,4198,"2005-08-01",1,0.99,0.99
242,4242,"2005-06-01",1,4.99,4.99
242,4345,"2005-08-01",1,0.99,0.99
242,4455,"2005-08-01",1,4.99,4.99
243,223,"2005-07-01",1,2.99,2.99
243,279,"2005-08-01",1,2.99,2.99
243,497,"2005-07-01",1,0.99,0.99
243,525,"2005-08-01",1,2.99,2.99
243,751,"2005-08-01",1,1.99,1.99
243,1555,"2005-07-01",1,3.99,3.99
243,1631,"2005-08-01",1,2.99,2.99
243,1711,"2005-07-01",1,2.99,2.99
243,1892,"2005-07-01",1,4.99,4.99
243,2054,"2005-07-01",1,5.99,5.99
243,2493,"2005-08-01",1,2.99,2.99
243,2523,"2005-07-01",1,2.99,2.99
243,2739,"2005-07-01",1,0.99,0.99
243,2863,"2005-07-01",1,4.99,4.99
243,3184,"2005-06-01",1,5.99,5.99
243,3712,"2005-07-01",1,0.99,0.99
243,3785,"2005-07-01",1,2.99,2.99
243,3814,"2005-06-01",1,5.99,5.99
243,3844,"2005-07-01",1,5.99,5.99
243,3908,"2005-08-01",1,3.99,3.99
243,4339,"2005-08-01",1,0.99,0.99
243,4348,"2005-06-01",1,0.99,0.99
243,4477,"2005-07-01",1,4.99,4.99
244,53,"2005-07-01",1,0.99,0.99
244,59,"2005-07-01",1,0.99,0.99
244,142,"2005-06-01",1,6.99,6.99
244,159,"2005-07-01",1,0.99,0.99
244,266,"2005-07-01",1,4.99,4.99
244,327,"2005-07-01",1,5.99,5.99
244,477,"2005-08-01",1,0.99,0.99
244,735,"2005-08-01",1,0.99,0.99
244,870,"2005-08-01",1,0.99,0.99
244,924,"2005-08-01",1,3.99,3.99
244,1114,"2005-07-01",1,5.99,5.99
244,1121,"2005-08-01",1,0.99,0.99
244,1204,"2005-08-01",1,9.99,9.99
244,1313,"2005-08-01",1,0.99,0.99
244,1481,"2005-06-01",1,5.99,5.99
244,1587,"2005-08-01",1,1.99,1.99
244,1898,"2005-08-01",1,2.99,2.99
244,1982,"2005-07-01",1,3.99,3.99
244,1985,"2005-08-01",1,6.99,6.99
244,2045,"2005-08-01",1,9.99,9.99
244,2188,"2005-07-01",1,4.99,4.99
244,2312,"2005-06-01",1,3.99,3.99
244,3266,"2005-07-01",1,4.99,4.99
244,3346,"2005-08-01",1,4.99,4.99
244,3433,"2005-07-01",1,2.99,2.99
244,3497,"2005-07-01",1,4.99,4.99
244,3577,"2005-07-01",1,2.99,2.99
244,3591,"2006-02-01",1,4.99,4.99
244,4195,"2005-07-01",1,4.99,4.99
244,4452,"2005-07-01",1,4.99,4.99
245,175,"2005-07-01",1,0.99,0.99
245,213,"2005-07-01",1,5.99,5.99
245,670,"2005-07-01",1,2.99,2.99
245,809,"2005-08-01",1,0.99,0.99
245,1148,"2006-02-01",1,2.99,2.99
245,1152,"2005-07-01",1,4.99,4.99
245,1393,"2005-07-01",1,3.99,3.99
245,1489,"2005-07-01",1,5.99,5.99
245,1556,"2005-07-01",1,4.99,4.99
245,1567,"2005-07-01",1,4.99,4.99
245,1604,"2005-08-01",1,7.99,7.99
245,1706,"2005-07-01",1,6.99,6.99
245,1722,"2005-08-01",1,0.99,0.99
245,1899,"2005-06-01",1,2.99,2.99
245,2041,"2005-07-01",1,10.99,10.99
245,2685,"2005-08-01",1,0.99,0.99
245,2932,"2005-06-01",1,2.99,2.99
245,3158,"2005-07-01",1,6.99,6.99
245,3170,"2005-08-01",1,0.99,0.99
245,3282,"2005-08-01",1,6.99,6.99
245,3347,"2005-07-01",1,2.99,2.99
245,3407,"2005-07-01",1,0.99,0.99
245,3410,"2005-06-01",1,2.99,2.99
245,3688,"2005-07-01",1,2.99,2.99
245,4474,"2005-07-01",1,4.99,4.99
245,4500,"2005-07-01",1,0.99,0.99
246,63,"2005-06-01",1,0.99,0.99
246,244,"2005-08-01",1,2.99,2.99
246,1022,"2005-06-01",1,4.99,4.99
246,1139,"2005-06-01",1,2.99,2.99
246,1293,"2005-07-01",1,0.99,0.99
246,1443,"2005-08-01",1,4.99,4.99
246,1721,"2005-07-01",1,7.99,7.99
246,2026,"2005-06-01",1,1.99,1.99
246,2113,"2005-08-01",1,5.99,5.99
246,2241,"2005-08-01",1,2.99,2.99
246,2377,"2005-07-01",1,4.99,4.99
246,2546,"2005-07-01",1,2.99,2.99
246,2677,"2005-08-01",1,6.99,6.99
246,2781,"2005-06-01",1,1.99,1.99
246,2990,"2005-07-01",1,5.99,5.99
246,3324,"2005-08-01",1,4.99,4.99
246,3363,"2005-08-01",1,6.99,6.99
246,4101,"2005-07-01",1,4.99,4.99
247,13,"2005-08-01",1,2.99,2.99
247,52,"2005-08-01",1,4.99,4.99
247,139,"2005-07-01",1,4.99,4.99
247,333,"2005-07-01",1,6.99,6.99
247,397,"2005-08-01",1,4.99,4.99
247,537,"2005-08-01",1,4.99,4.99
247,877,"2005-06-01",1,5.99,5.99
247,921,"2005-07-01",1,5.99,5.99
247,1152,"2005-07-01",1,2.99,2.99
247,1265,"2005-08-01",1,0.99,0.99
247,1875,"2005-08-01",1,4.99,4.99
247,2063,"2005-07-01",1,2.99,2.99
247,2354,"2005-08-01",1,4.99,4.99
247,2444,"2005-07-01",1,6.99,6.99
247,2523,"2005-07-01",1,2.99,2.99
247,3578,"2005-08-01",1,2.99,2.99
247,3778,"2005-08-01",1,7.99,7.99
247,3794,"2005-08-01",1,1.99,1.99
247,3901,"2005-08-01",1,6.99,6.99
248,178,"2005-06-01",1,0.99,0.99
248,518,"2005-07-01",1,0.99,0.99
248,1044,"2005-07-01",1,5.99,5.99
248,1261,"2005-08-01",1,0.99,0.99
248,1692,"2005-08-01",1,4.99,4.99
248,1976,"2005-07-01",1,4.99,4.99
248,2085,"2005-07-01",1,0.99,0.99
248,2097,"2005-08-01",1,5.99,5.99
248,2193,"2005-07-01",1,2.99,2.99
248,2292,"2005-07-01",1,2.99,2.99
248,2561,"2005-06-01",1,3.99,3.99
248,3301,"2005-08-01",1,0.99,0.99
248,4062,"2005-08-01",1,0.99,0.99
249,402,"2005-08-01",1,0.99,0.99
249,463,"2005-07-01",1,4.99,4.99
249,533,"2005-07-01",1,4.99,4.99
249,592,"2005-07-01",1,2.99,2.99
249,698,"2005-08-01",1,1.99,1.99
249,729,"2005-07-01",1,4.99,4.99
249,766,"2005-07-01",1,7.99,7.99
249,1930,"2005-06-01",1,1.99,1.99
249,2162,"2005-08-01",1,0.99,0.99
249,2377,"2005-06-01",1,5.99,5.99
249,2450,"2005-06-01",1,0.99,0.99
249,2452,"2005-07-01",1,3.99,3.99
249,2636,"2005-07-01",1,9.99,9.99
249,3106,"2005-07-01",1,7.99,7.99
249,3342,"2005-08-01",1,4.99,4.99
249,3817,"2005-06-01",1,2.99,2.99
249,4093,"2005-06-01",1,7.99,7.99
249,4321,"2005-08-01",1,6.99,6.99
249,4575,"2005-08-01",1,4.99,4.99
250,132,"2005-07-01",1,0.99,0.99
250,216,"2005-07-01",1,2.99,2.99
250,421,"2005-07-01",1,4.99,4.99
250,594,"2005-07-01",1,0.99,0.99
250,1340,"2005-08-01",1,0.99,0.99
250,1418,"2005-08-01",1,0.99,0.99
250,1458,"2005-07-01",1,2.99,2.99
250,2288,"2005-07-01",1,3.99,3.99
250,2329,"2005-08-01",1,5.99,5.99
250,2833,"2005-08-01",1,4.99,4.99
250,3109,"2005-08-01",1,4.99,4.99
250,4045,"2005-07-01",1,2.99,2.99
250,4160,"2005-08-01",1,4.99,4.99
250,4420,"2005-06-01",1,4.99,4.99
250,4572,"2005-08-01",1,6.99,6.99
251,107,"2005-07-01",1,8.99,8.99
251,355,"2005-08-01",1,2.99,2.99
251,439,"2005-08-01",1,0.99,0.99
251,578,"2005-08-01",1,6.99,6.99
251,590,"2005-08-01",1,4.99,4.99
251,1045,"2005-07-01",1,0.99,0.99
251,1059,"2005-07-01",1,2.99,2.99
251,1128,"2005-07-01",1,0.99,0.99
251,1456,"2005-07-01",1,2.99,2.99
251,1736,"2005-07-01",1,2.99,2.99
251,1959,"2005-08-01",1,0.99,0.99
251,2051,"2005-08-01",1,2.99,2.99
251,2698,"2005-06-01",1,2.99,2.99
251,2724,"2005-06-01",1,7.99,7.99
251,2859,"2005-06-01",1,6.99,6.99
251,2962,"2005-07-01",1,2.99,2.99
251,3517,"2005-08-01",1,2.99,2.99
251,3886,"2005-08-01",1,3.99,3.99
251,3998,"2006-02-01",1,0.99,0.99
251,4142,"2005-07-01",1,3.99,3.99
251,4156,"2005-08-01",1,4.99,4.99
251,4298,"2005-07-01",1,2.99,2.99
251,4446,"2005-07-01",1,6.99,6.99
251,4447,"2005-08-01",1,7.99,7.99
251,4532,"2005-07-01",1,4.99,4.99
252,6,"2005-07-01",1,0.99,0.99
252,658,"2005-07-01",1,0.99,0.99
252,753,"2005-06-01",1,5.99,5.99
252,944,"2005-06-01",1,4.99,4.99
252,1086,"2005-07-01",1,0.99,0.99
252,1146,"2006-02-01",1,4.99,4.99
252,1264,"2005-07-01",1,0.99,0.99
252,1356,"2005-07-01",1,0.99,0.99
252,1470,"2005-08-01",1,5.99,5.99
252,1548,"2005-08-01",1,0.99,0.99
252,2207,"2005-07-01",1,0.99,0.99
252,2270,"2005-08-01",1,2.99,2.99
252,3113,"2005-07-01",1,4.99,4.99
252,3185,"2005-08-01",1,4.99,4.99
252,4084,"2005-07-01",1,2.99,2.99
252,4148,"2005-07-01",1,0.99,0.99
252,4308,"2005-07-01",1,5.99,5.99
252,4323,"2005-08-01",1,4.99,4.99
252,4415,"2005-06-01",1,0.99,0.99
252,4502,"2005-08-01",1,0.99,0.99
253,110,"2005-08-01",1,2.99,2.99
253,314,"2005-06-01",1,4.99,4.99
253,781,"2005-08-01",1,6.99,6.99
253,785,"2005-08-01",1,4.99,4.99
253,880,"2005-08-01",1,5.99,5.99
253,896,"2005-07-01",1,2.99,2.99
253,917,"2005-06-01",1,5.99,5.99
253,1357,"2005-07-01",1,0.99,0.99
253,1366,"2005-08-01",1,0.99,0.99
253,1392,"2005-08-01",1,5.99,5.99
253,1787,"2005-06-01",1,4.99,4.99
253,1803,"2005-07-01",1,2.99,2.99
253,1880,"2005-08-01",1,7.99,7.99
253,2102,"2005-06-01",1,4.99,4.99
253,2518,"2005-08-01",1,2.99,2.99
253,2580,"2005-08-01",1,4.99,4.99
253,2688,"2005-07-01",1,6.99,6.99
253,2820,"2005-07-01",1,2.99,2.99
253,3052,"2005-08-01",1,4.99,4.99
253,3244,"2005-08-01",1,3.99,3.99
253,3453,"2005-07-01",1,7.99,7.99
253,3544,"2005-07-01",1,4.99,4.99
253,3596,"2005-07-01",1,0.99,0.99
253,4202,"2005-07-01",1,2.99,2.99
253,4290,"2005-06-01",1,6.99,6.99
253,4372,"2005-06-01",1,1.99,1.99
254,94,"2005-07-01",1,3.99,3.99
254,334,"2005-08-01",1,6.99,6.99
254,389,"2005-08-01",1,4.99,4.99
254,434,"2005-06-01",1,2.99,2.99
254,512,"2005-06-01",1,2.99,2.99
254,635,"2005-07-01",1,2.99,2.99
254,788,"2005-07-01",1,4.99,4.99
254,848,"2005-08-01",1,0.99,0.99
254,922,"2005-08-01",1,0.99,0.99
254,1054,"2005-06-01",1,2.99,2.99
254,1273,"2005-08-01",1,0.99,0.99
254,1781,"2005-07-01",1,0.99,0.99
254,1905,"2005-07-01",1,5.99,5.99
254,2006,"2005-08-01",1,2.99,2.99
254,2102,"2005-07-01",1,4.99,4.99
254,2211,"2005-07-01",1,7.99,7.99
254,2264,"2005-08-01",1,2.99,2.99
254,2338,"2005-07-01",1,4.99,4.99
254,2409,"2005-08-01",1,0.99,0.99
254,2505,"2005-08-01",1,4.99,4.99
254,2909,"2005-07-01",1,4.99,4.99
254,3152,"2005-06-01",1,3.99,3.99
254,3240,"2005-08-01",1,4.99,4.99
254,3275,"2005-08-01",1,0.99,0.99
254,3609,"2005-07-01",1,2.99,2.99
254,3799,"2005-07-01",1,1.99,1.99
254,4082,"2005-07-01",1,0.99,0.99
254,4104,"2005-07-01",1,7.99,7.99
254,4159,"2005-08-01",1,4.99,4.99
254,4502,"2005-06-01",1,0.99,0.99
255,530,"2005-06-01",1,2.99,2.99
255,568,"2005-08-01",1,4.99,4.99
255,864,"2005-08-01",1,8.99,8.99
255,1000,"2005-06-01",1,2.99,2.99
255,1166,"2005-08-01",1,0.99,0.99
255,1615,"2005-07-01",1,2.99,2.99
255,1670,"2005-07-01",1,8.99,8.99
255,1729,"2005-08-01",1,0.99,0.99
255,1896,"2005-06-01",1,2.99,2.99
255,1933,"2005-07-01",1,6.99,6.99
255,2465,"2005-08-01",1,2.99,2.99
255,3019,"2005-07-01",1,0.99,0.99
255,3386,"2005-07-01",1,0.99,0.99
255,3532,"2005-08-01",1,3.99,3.99
255,3595,"2005-07-01",1,0.99,0.99
255,3701,"2005-07-01",1,1.99,1.99
255,3873,"2005-08-01",1,7.99,7.99
255,4149,"2005-06-01",1,6.99,6.99
256,202,"2005-08-01",1,4.99,4.99
256,480,"2005-06-01",1,0.99,0.99
256,833,"2005-06-01",1,4.99,4.99
256,1082,"2005-08-01",1,0.99,0.99
256,1220,"2005-08-01",1,0.99,0.99
256,1730,"2005-08-01",1,2.99,2.99
256,1769,"2005-08-01",1,3.99,3.99
256,1859,"2005-08-01",1,4.99,4.99
256,2995,"2005-07-01",1,2.99,2.99
256,3014,"2005-08-01",1,7.99,7.99
256,3060,"2005-07-01",1,3.99,3.99
256,3080,"2005-07-01",1,0.99,0.99
256,3165,"2005-08-01",1,6.99,6.99
256,3186,"2005-08-01",1,2.99,2.99
256,3528,"2005-08-01",1,4.99,4.99
256,3656,"2005-08-01",1,8.99,8.99
256,3669,"2005-06-01",1,4.99,4.99
256,3856,"2005-06-01",1,4.99,4.99
256,3906,"2005-07-01",1,0.99,0.99
256,3981,"2005-08-01",1,2.99,2.99
256,4128,"2005-06-01",1,4.99,4.99
256,4168,"2005-06-01",1,2.99,2.99
256,4170,"2005-07-01",1,0.99,0.99
256,4413,"2005-06-01",1,6.99,6.99
256,4499,"2005-07-01",1,2.99,2.99
257,221,"2005-07-01",1,4.99,4.99
257,227,"2005-07-01",1,2.99,2.99
257,321,"2005-08-01",1,2.99,2.99
257,459,"2005-08-01",1,5.99,5.99
257,536,"2005-07-01",1,4.99,4.99
257,762,"2005-07-01",1,5.99,5.99
257,804,"2005-08-01",1,7.99,7.99
257,1463,"2005-08-01",1,4.99,4.99
257,1617,"2005-07-01",1,2.99,2.99
257,1839,"2005-07-01",1,4.99,4.99
257,1874,"2005-07-01",1,4.99,4.99
257,1945,"2005-08-01",1,0.99,0.99
257,1977,"2005-07-01",1,3.99,3.99
257,2087,"2005-08-01",1,0.99,0.99
257,2107,"2005-08-01",1,0.99,0.99
257,2153,"2005-07-01",1,4.99,4.99
257,2199,"2005-07-01",1,6.99,6.99
257,2247,"2005-07-01",1,5.99,5.99
257,2449,"2005-07-01",1,1.99,1.99
257,2676,"2005-07-01",1,5.99,5.99
257,2896,"2005-06-01",1,4.99,4.99
257,2913,"2005-07-01",1,4.99,4.99
257,3198,"2005-08-01",1,6.99,6.99
257,3289,"2005-08-01",1,5.99,5.99
257,3312,"2005-07-01",1,2.99,2.99
257,3352,"2005-08-01",1,2.99,2.99
257,3510,"2005-07-01",1,6.99,6.99
257,3598,"2005-08-01",1,0.99,0.99
257,4120,"2005-07-01",1,6.99,6.99
257,4148,"2005-08-01",1,0.99,0.99
257,4186,"2005-07-01",1,4.99,4.99
257,4233,"2005-08-01",1,2.99,2.99
257,4354,"2005-08-01",1,1.99,1.99
257,4546,"2005-06-01",1,0.99,0.99
258,548,"2005-07-01",1,0.99,0.99
258,628,"2005-08-01",1,2.99,2.99
258,642,"2005-08-01",1,6.99,6.99
258,808,"2005-08-01",1,0.99,0.99
258,895,"2005-08-01",1,4.99,4.99
258,1026,"2005-07-01",1,4.99,4.99
258,1226,"2005-07-01",1,5.99,5.99
258,1570,"2005-08-01",1,1.99,1.99
258,1852,"2005-07-01",1,4.99,4.99
258,2091,"2005-08-01",1,3.99,3.99
258,2123,"2005-07-01",1,5.99,5.99
258,2482,"2005-07-01",1,2.99,2.99
258,2503,"2005-08-01",1,4.99,4.99
258,2609,"2005-07-01",1,4.99,4.99
258,2662,"2005-07-01",1,2.99,2.99
258,2749,"2005-08-01",1,5.99,5.99
258,2777,"2005-06-01",1,2.99,2.99
258,2950,"2005-07-01",1,0.99,0.99
258,3114,"2005-08-01",1,6.99,6.99
258,3122,"2005-06-01",1,8.99,8.99
258,3199,"2005-08-01",1,5.99,5.99
258,3371,"2005-07-01",1,9.99,9.99
258,4230,"2005-06-01",1,0.99,0.99
258,4297,"2005-08-01",1,6.99,6.99
259,46,"2005-08-01",1,4.99,4.99
259,248,"2005-08-01",1,2.99,2.99
259,356,"2005-08-01",1,2.99,2.99
259,410,"2005-08-01",1,3.99,3.99
259,551,"2005-08-01",1,10.99,10.99
259,600,"2005-07-01",1,4.99,4.99
259,602,"2005-08-01",1,4.99,4.99
259,679,"2005-08-01",1,2.99,2.99
259,736,"2005-07-01",1,6.99,6.99
259,833,"2005-08-01",1,6.99,6.99
259,871,"2005-08-01",1,3.99,3.99
259,894,"2005-08-01",1,4.99,4.99
259,1134,"2005-07-01",1,7.99,7.99
259,1236,"2005-06-01",1,2.99,2.99
259,1321,"2005-08-01",1,2.99,2.99
259,1376,"2005-08-01",1,6.99,6.99
259,1495,"2005-08-01",1,4.99,4.99
259,2074,"2005-08-01",1,2.99,2.99
259,2120,"2005-07-01",1,5.99,5.99
259,2175,"2005-06-01",1,5.99,5.99
259,2199,"2005-07-01",1,2.99,2.99
259,2275,"2005-07-01",1,3.99,3.99
259,2417,"2005-06-01",1,7.99,7.99
259,2803,"2005-08-01",1,5.99,5.99
259,2876,"2005-07-01",1,0.99,0.99
259,2925,"2005-06-01",1,7.99,7.99
259,3483,"2005-07-01",1,7.99,7.99
259,4165,"2005-07-01",1,6.99,6.99
259,4306,"2005-07-01",1,4.99,4.99
260,227,"2005-06-01",1,2.99,2.99
260,516,"2005-07-01",1,6.99,6.99
260,694,"2005-06-01",1,3.99,3.99
260,742,"2005-07-01",1,2.99,2.99
260,999,"2005-07-01",1,2.99,2.99
260,1202,"2005-08-01",1,8.99,8.99
260,1205,"2005-08-01",1,7.99,7.99
260,1210,"2005-08-01",1,2.99,2.99
260,1263,"2005-08-01",1,0.99,0.99
260,1380,"2005-06-01",1,3.99,3.99
260,1664,"2005-07-01",1,0.99,0.99
260,1821,"2005-07-01",1,0.99,0.99
260,1894,"2005-08-01",1,6.99,6.99
260,2035,"2005-08-01",1,2.99,2.99
260,2069,"2005-06-01",1,2.99,2.99
260,2446,"2005-08-01",1,0.99,0.99
260,2659,"2005-07-01",1,4.99,4.99
260,2740,"2005-07-01",1,1.99,1.99
260,2842,"2005-08-01",1,2.99,2.99
260,2950,"2005-06-01",1,0.99,0.99
260,3089,"2005-07-01",1,2.99,2.99
260,3176,"2005-06-01",1,0.99,0.99
260,3336,"2005-08-01",1,3.99,3.99
260,3566,"2005-06-01",1,7.99,7.99
260,3695,"2005-07-01",1,1.99,1.99
260,3885,"2005-07-01",1,0.99,0.99
260,3899,"2005-07-01",1,0.99,0.99
260,4033,"2005-06-01",1,10.99,10.99
260,4294,"2005-07-01",1,7.99,7.99
260,4520,"2005-08-01",1,2.99,2.99
261,79,"2005-08-01",1,2.99,2.99
261,86,"2005-06-01",1,3.99,3.99
261,158,"2005-07-01",1,0.99,0.99
261,538,"2005-06-01",1,0.99,0.99
261,706,"2005-07-01",1,2.99,2.99
261,783,"2005-07-01",1,4.99,4.99
261,921,"2005-07-01",1,5.99,5.99
261,1001,"2005-08-01",1,4.99,4.99
261,1334,"2005-08-01",1,5.99,5.99
261,1423,"2005-07-01",1,3.99,3.99
261,1482,"2005-08-01",1,4.99,4.99
261,2213,"2005-06-01",1,0.99,0.99
261,2407,"2005-08-01",1,1.99,1.99
261,2425,"2005-08-01",1,6.99,6.99
261,2896,"2005-07-01",1,4.99,4.99
261,3054,"2005-06-01",1,8.99,8.99
261,3404,"2005-06-01",1,5.99,5.99
261,3544,"2005-07-01",1,4.99,4.99
261,3598,"2005-08-01",1,1.99,1.99
261,3774,"2005-08-01",1,4.99,4.99
261,3929,"2005-06-01",1,2.99,2.99
261,4504,"2005-08-01",1,2.99,2.99
262,40,"2005-06-01",1,6.99,6.99
262,206,"2005-06-01",1,8.99,8.99
262,418,"2005-07-01",1,3.99,3.99
262,796,"2005-08-01",1,4.99,4.99
262,925,"2005-08-01",1,0.99,0.99
262,1293,"2005-06-01",1,1.99,1.99
262,1412,"2005-07-01",1,0.99,0.99
262,1440,"2005-07-01",1,1.99,1.99
262,1456,"2005-08-01",1,3.99,3.99
262,1516,"2005-06-01",1,2.99,2.99
262,1758,"2005-07-01",1,6.99,6.99
262,2104,"2005-07-01",1,4.99,4.99
262,2451,"2005-08-01",1,0.99,0.99
262,2486,"2005-07-01",1,3.99,3.99
262,2567,"2005-08-01",1,0.99,0.99
262,2656,"2005-07-01",1,7.99,7.99
262,3088,"2005-08-01",1,2.99,2.99
262,3105,"2005-08-01",1,6.99,6.99
262,3126,"2005-07-01",1,0.99,0.99
262,3505,"2005-08-01",1,4.99,4.99
262,3667,"2005-08-01",1,4.99,4.99
262,3689,"2005-08-01",1,5.99,5.99
262,3857,"2005-07-01",1,7.99,7.99
262,3892,"2005-07-01",1,0.99,0.99
262,4123,"2005-08-01",1,3.99,3.99
262,4206,"2005-08-01",1,3.99,3.99
262,4443,"2005-07-01",1,6.99,6.99
263,310,"2005-07-01",1,4.99,4.99
263,362,"2005-07-01",1,1.99,1.99
263,435,"2005-07-01",1,4.99,4.99
263,654,"2005-07-01",1,1.99,1.99
263,705,"2005-08-01",1,2.99,2.99
263,873,"2005-07-01",1,2.99,2.99
263,990,"2005-07-01",1,2.99,2.99
263,994,"2005-07-01",1,4.99,4.99
263,1053,"2005-07-01",1,2.99,2.99
263,1166,"2005-07-01",1,1.99,1.99
263,1219,"2006-02-01",1,0.99,0.99
263,1317,"2005-08-01",1,0.99,0.99
263,1702,"2005-08-01",1,7.99,7.99
263,1834,"2005-07-01",1,4.99,4.99
263,1878,"2005-08-01",1,9.99,9.99
263,1917,"2005-07-01",1,0.99,0.99
263,1937,"2005-08-01",1,6.99,6.99
263,1993,"2005-08-01",1,6.99,6.99
263,2034,"2005-07-01",1,2.99,2.99
263,2121,"2005-08-01",1,6.99,6.99
263,2543,"2005-08-01",1,5.99,5.99
263,2610,"2005-08-01",1,3.99,3.99
263,2954,"2005-07-01",1,4.99,4.99
263,3553,"2005-08-01",1,4.99,4.99
263,3975,"2005-06-01",1,1.99,1.99
263,4190,"2005-08-01",1,2.99,2.99
263,4276,"2005-06-01",1,8.99,8.99
264,162,"2005-08-01",1,3.99,3.99
264,330,"2005-07-01",1,6.99,6.99
264,886,"2005-06-01",1,0.99,0.99
264,1037,"2005-08-01",1,2.99,2.99
264,1050,"2005-07-01",1,5.99,5.99
264,1097,"2005-06-01",1,4.99,4.99
264,1489,"2006-02-01",1,2.99,2.99
264,1691,"2005-07-01",1,5.99,5.99
264,1741,"2005-06-01",1,3.99,3.99
264,1745,"2005-07-01",1,0.99,0.99
264,2064,"2005-08-01",1,2.99,2.99
264,2174,"2005-07-01",1,4.99,4.99
264,2374,"2005-07-01",1,8.99,8.99
264,2450,"2005-07-01",1,0.99,0.99
264,2568,"2005-07-01",1,0.99,0.99
264,2855,"2005-06-01",1,3.99,3.99
264,3058,"2005-07-01",1,2.99,2.99
264,3099,"2005-07-01",1,0.99,0.99
264,3522,"2005-07-01",1,8.99,8.99
264,3750,"2005-08-01",1,5.99,5.99
264,3860,"2005-08-01",1,4.99,4.99
264,4046,"2005-08-01",1,4.99,4.99
264,4252,"2005-08-01",1,0.99,0.99
264,4403,"2005-07-01",1,2.99,2.99
264,4417,"2005-08-01",1,2.99,2.99
265,51,"2005-06-01",1,4.99,4.99
265,124,"2005-07-01",1,2.99,2.99
265,264,"2005-08-01",1,3.99,3.99
265,375,"2005-07-01",1,2.99,2.99
265,475,"2005-08-01",1,6.99,6.99
265,768,"2005-07-01",1,5.99,5.99
265,829,"2005-08-01",1,3.99,3.99
265,1113,"2005-07-01",1,0.99,0.99
265,1137,"2005-07-01",1,5.99,5.99
265,1172,"2005-08-01",1,6.99,6.99
265,1200,"2005-08-01",1,4.99,4.99
265,1279,"2005-07-01",1,0.99,0.99
265,1389,"2005-07-01",1,2.99,2.99
265,1470,"2005-07-01",1,2.99,2.99
265,2079,"2005-06-01",1,2.99,2.99
265,2174,"2005-08-01",1,4.99,4.99
265,2331,"2005-07-01",1,4.99,4.99
265,2342,"2005-07-01",1,2.99,2.99
265,2843,"2005-07-01",1,9.99,9.99
265,3276,"2005-07-01",1,1.99,1.99
265,3322,"2005-07-01",1,6.99,6.99
265,3515,"2005-08-01",1,2.99,2.99
265,3569,"2005-07-01",1,4.99,4.99
265,3745,"2005-08-01",1,1.99,1.99
265,3938,"2005-07-01",1,7.99,7.99
265,4229,"2005-08-01",1,8.99,8.99
265,4297,"2005-07-01",1,4.99,4.99
265,4309,"2005-06-01",1,7.99,7.99
266,24,"2005-07-01",1,5.99,5.99
266,205,"2005-08-01",1,4.99,4.99
266,228,"2005-08-01",1,6.99,6.99
266,787,"2005-07-01",1,5.99,5.99
266,844,"2005-06-01",1,4.99,4.99
266,974,"2005-08-01",1,0.99,0.99
266,1591,"2005-08-01",1,2.99,2.99
266,1851,"2005-08-01",1,8.99,8.99
266,2100,"2005-08-01",1,4.99,4.99
266,2221,"2005-08-01",1,5.99,5.99
266,2428,"2005-08-01",1,5.99,5.99
266,2597,"2005-06-01",1,5.99,5.99
266,2726,"2005-07-01",1,0.99,0.99
266,2749,"2005-06-01",1,4.99,4.99
266,2911,"2005-06-01",1,4.99,4.99
266,3525,"2005-08-01",1,4.99,4.99
266,3768,"2005-08-01",1,4.99,4.99
266,3779,"2005-07-01",1,4.99,4.99
266,3900,"2005-08-01",1,2.99,2.99
266,3914,"2005-08-01",1,6.99,6.99
266,3962,"2005-08-01",1,1.99,1.99
266,4279,"2005-08-01",1,0.99,0.99
266,4418,"2005-08-01",1,0.99,0.99
266,4438,"2005-08-01",1,0.99,0.99
266,4527,"2005-08-01",1,4.99,4.99
266,4553,"2005-07-01",1,2.99,2.99
267,72,"2005-06-01",1,2.99,2.99
267,181,"2005-08-01",1,0.99,0.99
267,201,"2005-06-01",1,6.99,6.99
267,480,"2005-07-01",1,3.99,3.99
267,485,"2005-06-01",1,1.99,1.99
267,650,"2005-07-01",1,6.99,6.99
267,662,"2005-08-01",1,0.99,0.99
267,1131,"2005-06-01",1,4.99,4.99
267,1227,"2005-08-01",1,4.99,4.99
267,1289,"2005-08-01",1,3.99,3.99
267,1679,"2005-07-01",1,0.99,0.99
267,1695,"2005-06-01",1,7.99,7.99
267,1761,"2005-06-01",1,4.99,4.99
267,1938,"2005-06-01",1,4.99,4.99
267,2137,"2005-07-01",1,2.99,2.99
267,2202,"2005-07-01",1,6.99,6.99
267,2290,"2005-07-01",1,4.99,4.99
267,2474,"2006-02-01",1,7.98,7.98
267,2627,"2005-08-01",1,2.99,2.99
267,2815,"2005-07-01",1,1.99,1.99
267,2933,"2005-07-01",1,2.99,2.99
267,3069,"2005-06-01",1,2.99,2.99
267,3075,"2006-02-01",1,0.00,0.00
267,3248,"2005-08-01",1,4.99,4.99
267,3301,"2005-06-01",1,0.99,0.99
267,3460,"2005-08-01",1,3.99,3.99
267,3466,"2005-07-01",1,4.99,4.99
267,3821,"2005-07-01",1,4.99,4.99
267,3934,"2005-08-01",1,6.99,6.99
267,4346,"2005-08-01",1,3.99,3.99
267,4382,"2005-08-01",1,5.99,5.99
267,4552,"2005-07-01",1,3.99,3.99
267,4574,"2005-08-01",1,9.99,9.99
268,16,"2005-07-01",1,2.99,2.99
268,37,"2005-07-01",1,4.99,4.99
268,167,"2005-08-01",1,7.99,7.99
268,695,"2005-08-01",1,4.99,4.99
268,1304,"2005-07-01",1,2.99,2.99
268,1620,"2005-07-01",1,6.99,6.99
268,1741,"2005-08-01",1,4.99,4.99
268,1782,"2005-08-01",1,0.99,0.99
268,1821,"2005-07-01",1,1.99,1.99
268,2020,"2005-07-01",1,7.99,7.99
268,2281,"2005-07-01",1,1.99,1.99
268,2329,"2005-07-01",1,7.99,7.99
268,2593,"2005-08-01",1,6.99,6.99
268,2696,"2005-08-01",1,2.99,2.99
268,2927,"2005-07-01",1,2.99,2.99
268,3007,"2005-08-01",1,2.99,2.99
268,3299,"2005-07-01",1,3.99,3.99
268,3911,"2005-08-01",1,5.99,5.99
268,4271,"2005-07-01",1,4.99,4.99
268,4433,"2005-08-01",1,4.99,4.99
268,4550,"2005-07-01",1,3.99,3.99
269,13,"2005-08-01",1,2.99,2.99
269,393,"2005-08-01",1,4.99,4.99
269,595,"2005-08-01",1,2.99,2.99
269,1284,"2005-08-01",1,4.99,4.99
269,1404,"2005-08-01",1,5.99,5.99
269,1554,"2005-07-01",1,4.99,4.99
269,1557,"2005-08-01",1,3.99,3.99
269,2148,"2005-07-01",1,2.99,2.99
269,2418,"2005-07-01",1,5.99,5.99
269,2930,"2005-07-01",1,2.99,2.99
269,3181,"2006-02-01",1,0.00,0.00
269,3397,"2005-07-01",1,4.99,4.99
269,3454,"2005-08-01",1,6.99,6.99
269,3543,"2005-08-01",1,4.99,4.99
269,3675,"2005-08-01",1,4.99,4.99
269,3756,"2005-07-01",1,0.99,0.99
269,3988,"2005-08-01",1,2.99,2.99
269,4066,"2006-02-01",1,3.98,3.98
269,4131,"2005-07-01",1,9.99,9.99
269,4178,"2005-07-01",1,6.99,6.99
269,4456,"2005-07-01",1,6.99,6.99
270,78,"2005-08-01",1,2.99,2.99
270,691,"2005-08-01",1,4.99,4.99
270,985,"2005-07-01",1,3.99,3.99
270,1173,"2005-08-01",1,6.99,6.99
270,1524,"2005-08-01",1,2.99,2.99
270,1535,"2005-07-01",1,4.99,4.99
270,1548,"2005-08-01",1,0.99,0.99
270,1608,"2005-08-01",1,2.99,2.99
270,2168,"2005-07-01",1,3.99,3.99
270,2219,"2005-07-01",1,3.99,3.99
270,2567,"2005-07-01",1,0.99,0.99
270,3104,"2005-07-01",1,9.99,9.99
270,3212,"2005-08-01",1,7.99,7.99
270,3267,"2005-08-01",1,2.99,2.99
270,3328,"2005-08-01",1,1.99,1.99
270,3450,"2005-08-01",1,2.99,2.99
270,4068,"2005-08-01",1,5.99,5.99
270,4490,"2005-08-01",1,0.99,0.99
270,4569,"2005-07-01",1,2.99,2.99
271,9,"2005-08-01",1,4.99,4.99
271,386,"2005-07-01",1,4.99,4.99
271,649,"2005-08-01",1,4.99,4.99
271,774,"2005-07-01",1,3.99,3.99
271,1392,"2005-07-01",1,2.99,2.99
271,1409,"2005-08-01",1,2.99,2.99
271,1439,"2005-08-01",1,0.99,0.99
271,1486,"2005-08-01",1,2.99,2.99
271,1952,"2005-07-01",1,0.99,0.99
271,2139,"2005-07-01",1,7.99,7.99
271,2249,"2005-08-01",1,4.99,4.99
271,2422,"2005-08-01",1,3.99,3.99
271,2923,"2005-07-01",1,2.99,2.99
271,3432,"2005-07-01",1,1.99,1.99
271,3658,"2005-07-01",1,2.99,2.99
271,3805,"2005-07-01",1,1.99,1.99
272,230,"2005-07-01",1,3.99,3.99
272,704,"2005-08-01",1,2.99,2.99
272,1676,"2005-08-01",1,2.99,2.99
272,1798,"2005-07-01",1,2.99,2.99
272,2017,"2005-07-01",1,7.99,7.99
272,2227,"2005-08-01",1,2.99,2.99
272,2825,"2005-07-01",1,2.99,2.99
272,3124,"2005-08-01",1,0.99,0.99
272,3559,"2005-07-01",1,10.99,10.99
272,4072,"2005-08-01",1,6.99,6.99
272,4073,"2005-08-01",1,8.99,8.99
272,4301,"2005-08-01",1,2.99,2.99
272,4561,"2005-07-01",1,7.99,7.99
273,33,"2005-07-01",1,5.99,5.99
273,128,"2005-08-01",1,8.99,8.99
273,299,"2005-07-01",1,2.99,2.99
273,353,"2005-08-01",1,2.99,2.99
273,454,"2005-08-01",1,6.99,6.99
273,515,"2005-07-01",1,1.99,1.99
273,523,"2005-07-01",1,5.99,5.99
273,665,"2005-07-01",1,0.99,0.99
273,1031,"2005-07-01",1,3.99,3.99
273,1557,"2005-08-01",1,3.99,3.99
273,1596,"2005-08-01",1,4.99,4.99
273,1824,"2005-08-01",1,4.99,4.99
273,2610,"2005-07-01",1,2.99,2.99
273,2613,"2005-08-01",1,5.99,5.99
273,2748,"2005-08-01",1,4.99,4.99
273,2750,"2005-08-01",1,4.99,4.99
273,2781,"2005-08-01",1,0.99,0.99
273,2884,"2005-07-01",1,7.99,7.99
273,2964,"2005-07-01",1,2.99,2.99
273,3050,"2005-08-01",1,6.99,6.99
273,3142,"2005-07-01",1,2.99,2.99
273,3481,"2005-07-01",1,8.99,8.99
273,3686,"2005-07-01",1,5.99,5.99
273,3876,"2005-08-01",1,2.99,2.99
273,3958,"2005-08-01",1,2.99,2.99
273,4199,"2005-07-01",1,0.99,0.99
273,4226,"2005-07-01",1,7.99,7.99
273,4513,"2005-07-01",1,4.99,4.99
274,343,"2005-07-01",1,0.99,0.99
274,508,"2005-08-01",1,8.99,8.99
274,516,"2005-08-01",1,3.99,3.99
274,688,"2005-07-01",1,2.99,2.99
274,1078,"2005-08-01",1,4.99,4.99
274,1366,"2005-08-01",1,0.99,0.99
274,1519,"2005-08-01",1,2.99,2.99
274,1751,"2005-08-01",1,2.99,2.99
274,1866,"2005-08-01",1,0.99,0.99
274,2020,"2005-07-01",1,4.99,4.99
274,2047,"2005-07-01",1,5.99,5.99
274,2064,"2005-07-01",1,7.99,7.99
274,2248,"2005-07-01",1,4.99,4.99
274,2268,"2005-07-01",1,3.99,3.99
274,2381,"2005-08-01",1,7.99,7.99
274,2444,"2005-08-01",1,7.99,7.99
274,2635,"2005-07-01",1,5.99,5.99
274,2776,"2005-07-01",1,2.99,2.99
274,3080,"2005-08-01",1,1.99,1.99
274,3135,"2005-08-01",1,2.99,2.99
274,3190,"2005-08-01",1,2.99,2.99
274,3200,"2005-07-01",1,4.99,4.99
274,3270,"2005-08-01",1,3.99,3.99
274,3639,"2005-08-01",1,3.99,3.99
274,4455,"2005-08-01",1,8.99,8.99
274,4460,"2006-02-01",1,0.99,0.99
274,4546,"2005-08-01",1,2.99,2.99
275,37,"2005-08-01",1,5.99,5.99
275,65,"2005-08-01",1,3.99,3.99
275,359,"2005-08-01",1,1.99,1.99
275,524,"2005-08-01",1,2.99,2.99
275,558,"2005-08-01",1,2.99,2.99
275,607,"2005-08-01",1,1.99,1.99
275,650,"2005-08-01",1,4.99,4.99
275,750,"2005-07-01",1,0.99,0.99
275,811,"2005-07-01",1,0.99,0.99
275,956,"2005-08-01",1,5.99,5.99
275,1165,"2005-08-01",1,0.99,0.99
275,1215,"2005-08-01",1,0.99,0.99
275,1643,"2005-07-01",1,2.99,2.99
275,1863,"2005-08-01",1,3.99,3.99
275,2007,"2005-07-01",1,2.99,2.99
275,2012,"2005-07-01",1,9.99,9.99
275,2097,"2005-07-01",1,4.99,4.99
275,2179,"2005-07-01",1,2.99,2.99
275,3048,"2005-08-01",1,4.99,4.99
275,3528,"2005-07-01",1,5.99,5.99
275,3647,"2005-08-01",1,1.99,1.99
275,3813,"2005-08-01",1,2.99,2.99
275,4031,"2005-08-01",1,5.99,5.99
275,4338,"2005-07-01",1,0.99,0.99
275,4580,"2005-08-01",1,6.99,6.99
276,94,"2005-07-01",1,1.99,1.99
276,791,"2005-08-01",1,4.99,4.99
276,890,"2005-07-01",1,5.99,5.99
276,987,"2005-08-01",1,2.99,2.99
276,1152,"2005-08-01",1,5.99,5.99
276,1154,"2005-07-01",1,4.99,4.99
276,1693,"2005-08-01",1,4.99,4.99
276,1985,"2005-07-01",1,2.99,2.99
276,2015,"2005-08-01",1,3.99,3.99
276,2180,"2005-08-01",1,2.99,2.99
276,2392,"2005-08-01",1,3.99,3.99
276,2415,"2005-07-01",1,4.99,4.99
276,2447,"2005-07-01",1,2.99,2.99
276,3044,"2005-08-01",1,4.99,4.99
276,3207,"2005-08-01",1,2.99,2.99
276,3237,"2005-08-01",1,4.99,4.99
276,3548,"2005-07-01",1,4.99,4.99
276,3690,"2005-07-01",1,0.99,0.99
276,3780,"2005-07-01",1,8.99,8.99
276,3907,"2005-08-01",1,4.99,4.99
276,4010,"2005-07-01",1,0.99,0.99
276,4281,"2005-08-01",1,0.99,0.99
276,4418,"2005-07-01",1,5.99,5.99
277,14,"2005-07-01",1,2.99,2.99
277,666,"2005-07-01",1,4.99,4.99
277,961,"2005-08-01",1,10.99,10.99
277,996,"2005-07-01",1,5.99,5.99
277,1439,"2005-08-01",1,3.99,3.99
277,1809,"2005-08-01",1,4.99,4.99
277,1829,"2005-07-01",1,5.99,5.99
277,1966,"2005-08-01",1,4.99,4.99
277,2659,"2005-08-01",1,4.99,4.99
277,2767,"2005-07-01",1,2.99,2.99
277,3319,"2005-08-01",1,4.99,4.99
277,3332,"2005-07-01",1,0.99,0.99
277,3448,"2005-07-01",1,2.99,2.99
277,3481,"2005-08-01",1,5.99,5.99
277,3596,"2005-08-01",1,0.99,0.99
277,3696,"2005-08-01",1,3.99,3.99
277,3881,"2005-07-01",1,0.99,0.99
277,4000,"2005-07-01",1,5.99,5.99
277,4102,"2005-08-01",1,4.99,4.99
277,4174,"2005-07-01",1,4.99,4.99
277,4267,"2005-07-01",1,2.99,2.99
277,4399,"2005-08-01",1,4.99,4.99
277,4496,"2005-07-01",1,4.99,4.99
277,4579,"2005-08-01",1,5.99,5.99
278,535,"2005-07-01",1,4.99,4.99
278,1032,"2005-08-01",1,2.99,2.99
278,1213,"2005-07-01",1,2.99,2.99
278,1338,"2005-08-01",1,0.99,0.99
278,1493,"2005-08-01",1,4.99,4.99
278,1683,"2005-08-01",1,3.99,3.99
278,1785,"2005-08-01",1,0.99,0.99
278,1786,"2005-07-01",1,0.99,0.99
278,1817,"2005-08-01",1,0.99,0.99
278,2023,"2005-08-01",1,0.99,0.99
278,2442,"2005-08-01",1,2.99,2.99
278,2525,"2005-08-01",1,0.99,0.99
278,2999,"2005-07-01",1,5.99,5.99
278,3093,"2005-08-01",1,4.99,4.99
278,3436,"2005-07-01",1,4.99,4.99
278,3517,"2005-08-01",1,5.99,5.99
278,3546,"2005-07-01",1,4.99,4.99
278,4036,"2005-07-01",1,8.99,8.99
278,4124,"2005-07-01",1,0.99,0.99
278,4248,"2005-08-01",1,2.99,2.99
278,4387,"2005-07-01",1,2.99,2.99
279,1,"2005-08-01",1,3.99,3.99
279,193,"2005-08-01",1,2.99,2.99
279,246,"2005-07-01",1,2.99,2.99
279,395,"2005-07-01",1,4.99,4.99
279,499,"2005-07-01",1,5.99,5.99
279,581,"2006-02-01",1,4.99,4.99
279,702,"2005-08-01",1,4.99,4.99
279,729,"2005-08-01",1,7.99,7.99
279,754,"2005-08-01",1,6.99,6.99
279,860,"2005-08-01",1,2.99,2.99
279,1053,"2005-08-01",1,2.99,2.99
279,1057,"2005-08-01",1,2.99,2.99
279,1087,"2005-08-01",1,5.99,5.99
279,1692,"2005-08-01",1,4.99,4.99
279,1811,"2005-08-01",1,2.99,2.99
279,2045,"2005-07-01",1,9.99,9.99
279,2078,"2005-07-01",1,3.99,3.99
279,2223,"2005-08-01",1,6.99,6.99
279,2242,"2005-07-01",1,2.99,2.99
279,2344,"2005-08-01",1,4.99,4.99
279,2504,"2005-07-01",1,2.99,2.99
279,2578,"2005-07-01",1,7.99,7.99
279,2969,"2005-07-01",1,0.99,0.99
279,4209,"2005-08-01",1,4.99,4.99
280,53,"2005-07-01",1,0.99,0.99
280,198,"2005-08-01",1,5.99,5.99
280,664,"2005-07-01",1,0.99,0.99
280,694,"2005-07-01",1,6.99,6.99
280,747,"2005-07-01",1,0.99,0.99
280,874,"2005-08-01",1,2.99,2.99
280,1086,"2005-07-01",1,3.99,3.99
280,1200,"2005-08-01",1,9.99,9.99
280,1374,"2005-08-01",1,5.99,5.99
280,1686,"2005-07-01",1,0.99,0.99
280,2126,"2005-08-01",1,9.99,9.99
280,2509,"2005-08-01",1,4.99,4.99
280,2580,"2005-07-01",1,4.99,4.99
280,3211,"2005-07-01",1,7.99,7.99
280,3489,"2005-08-01",1,5.99,5.99
280,3583,"2005-08-01",1,4.99,4.99
280,3806,"2005-07-01",1,0.99,0.99
280,3856,"2005-08-01",1,4.99,4.99
280,4182,"2005-07-01",1,4.99,4.99
280,4183,"2005-08-01",1,4.99,4.99
280,4266,"2005-08-01",1,2.99,2.99
280,4435,"2005-07-01",1,0.99,0.99
280,4448,"2005-08-01",1,4.99,4.99
281,367,"2005-08-01",1,2.99,2.99
281,437,"2005-07-01",1,0.99,0.99
281,1193,"2005-07-01",1,0.99,0.99
281,1712,"2005-07-01",1,2.99,2.99
281,2261,"2005-07-01",1,5.99,5.99
281,2342,"2005-07-01",1,0.99,0.99
281,2974,"2005-07-01",1,6.99,6.99
281,3236,"2005-07-01",1,4.99,4.99
281,4084,"2005-07-01",1,3.99,3.99
281,4477,"2005-08-01",1,1.99,1.99
282,79,"2005-08-01",1,2.99,2.99
282,886,"2005-07-01",1,1.99,1.99
282,1181,"2005-07-01",1,4.99,4.99
282,1338,"2005-07-01",1,1.99,1.99
282,1748,"2005-07-01",1,2.99,2.99
282,1820,"2005-07-01",1,2.99,2.99
282,1899,"2005-07-01",1,8.99,8.99
282,2276,"2005-07-01",1,3.99,3.99
282,2332,"2005-07-01",1,9.99,9.99
282,2664,"2005-07-01",1,0.99,0.99
282,2691,"2005-08-01",1,2.99,2.99
282,2811,"2005-08-01",1,2.99,2.99
282,2840,"2005-07-01",1,6.99,6.99
282,3222,"2005-07-01",1,2.99,2.99
282,3565,"2005-07-01",1,4.99,4.99
282,3618,"2005-07-01",1,0.99,0.99
282,3662,"2005-07-01",1,2.99,2.99
282,3836,"2005-08-01",1,4.99,4.99
282,4353,"2006-02-01",1,0.99,0.99
282,4508,"2005-07-01",1,6.99,6.99
283,479,"2005-08-01",1,0.99,0.99
283,634,"2005-08-01",1,2.99,2.99
283,696,"2005-07-01",1,2.99,2.99
283,1139,"2005-07-01",1,2.99,2.99
283,1269,"2005-07-01",1,1.99,1.99
283,1422,"2005-07-01",1,0.99,0.99
283,1453,"2005-07-01",1,2.99,2.99
283,1510,"2005-07-01",1,4.99,4.99
283,1529,"2005-07-01",1,4.99,4.99
283,1959,"2005-07-01",1,1.99,1.99
283,2055,"2005-07-01",1,4.99,4.99
283,2084,"2005-07-01",1,6.99,6.99
283,2160,"2005-07-01",1,0.99,0.99
283,2519,"2005-07-01",1,2.99,2.99
283,2976,"2005-07-01",1,0.99,0.99
283,3306,"2005-08-01",1,2.99,2.99
283,3354,"2005-07-01",1,0.99,0.99
283,3464,"2005-07-01",1,2.99,2.99
283,3581,"2005-07-01",1,4.99,4.99
283,3702,"2005-08-01",1,0.99,0.99
283,3883,"2005-07-01",1,0.99,0.99
283,4100,"2005-08-01",1,6.99,6.99
283,4388,"2005-08-01",1,2.99,2.99
284,298,"2006-02-01",1,5.98,5.98
284,374,"2005-08-01",1,5.99,5.99
284,527,"2005-07-01",1,6.99,6.99
284,555,"2005-08-01",1,3.99,3.99
284,1138,"2005-07-01",1,2.99,2.99
284,1493,"2005-07-01",1,8.99,8.99
284,1540,"2006-02-01",1,0.00,0.00
284,1826,"2005-07-01",1,5.99,5.99
284,1838,"2005-08-01",1,4.99,4.99
284,1915,"2005-07-01",1,0.99,0.99
284,2250,"2005-08-01",1,4.99,4.99
284,2617,"2005-07-01",1,6.99,6.99
284,2697,"2005-08-01",1,3.99,3.99
284,2750,"2005-07-01",1,7.99,7.99
284,2824,"2005-07-01",1,2.99,2.99
284,2982,"2005-08-01",1,7.99,7.99
284,3197,"2005-08-01",1,4.99,4.99
284,3643,"2005-07-01",1,0.99,0.99
284,3676,"2005-07-01",1,4.99,4.99
284,3724,"2005-08-01",1,4.99,4.99
284,3843,"2005-07-01",1,2.99,2.99
284,3999,"2005-07-01",1,7.99,7.99
285,45,"2005-08-01",1,8.99,8.99
285,427,"2005-08-01",1,2.99,2.99
285,663,"2005-08-01",1,0.99,0.99
285,764,"2005-08-01",1,4.99,4.99
285,771,"2005-07-01",1,0.99,0.99
285,972,"2005-08-01",1,4.99,4.99
285,1014,"2005-07-01",1,9.99,9.99
285,1180,"2005-07-01",1,4.99,4.99
285,1639,"2005-08-01",1,0.99,0.99
285,1994,"2005-08-01",1,0.99,0.99
285,2071,"2005-07-01",1,6.99,6.99
285,2375,"2005-08-01",1,5.99,5.99
285,2610,"2005-07-01",1,4.99,4.99
285,2667,"2005-07-01",1,0.99,0.99
285,2684,"2005-07-01",1,4.99,4.99
285,2885,"2005-08-01",1,7.99,7.99
285,3092,"2005-08-01",1,9.99,9.99
285,3183,"2005-07-01",1,3.99,3.99
285,3482,"2005-07-01",1,9.99,9.99
285,3529,"2005-07-01",1,2.99,2.99
285,4010,"2005-07-01",1,0.99,0.99
285,4433,"2005-07-01",1,9.99,9.99
285,4445,"2005-07-01",1,6.99,6.99
286,52,"2005-07-01",1,4.99,4.99
286,112,"2005-07-01",1,5.99,5.99
286,233,"2005-07-01",1,0.99,0.99
286,359,"2005-07-01",1,3.99,3.99
286,669,"2005-08-01",1,5.99,5.99
286,1028,"2005-07-01",1,2.99,2.99
286,1237,"2005-07-01",1,3.99,3.99
286,1272,"2005-07-01",1,4.99,4.99
286,1604,"2005-07-01",1,2.99,2.99
286,1631,"2005-07-01",1,4.99,4.99
286,1662,"2005-08-01",1,0.99,0.99
286,2265,"2005-07-01",1,0.99,0.99
286,2481,"2005-07-01",1,6.99,6.99
286,2697,"2005-07-01",1,2.99,2.99
286,3002,"2005-07-01",1,2.99,2.99
286,3626,"2005-07-01",1,6.99,6.99
286,3656,"2005-07-01",1,9.99,9.99
286,3725,"2005-08-01",1,4.99,4.99
286,3821,"2005-08-01",1,4.99,4.99
286,3954,"2005-07-01",1,2.99,2.99
286,3981,"2005-08-01",1,0.99,0.99
286,4103,"2005-07-01",1,6.99,6.99
286,4166,"2005-08-01",1,0.99,0.99
286,4437,"2005-08-01",1,0.99,0.99
287,522,"2005-07-01",1,3.99,3.99
287,525,"2005-07-01",1,6.99,6.99
287,679,"2005-08-01",1,2.99,2.99
287,702,"2005-07-01",1,3.99,3.99
287,821,"2005-08-01",1,4.99,4.99
287,1216,"2005-08-01",1,2.99,2.99
287,1527,"2005-07-01",1,6.99,6.99
287,1673,"2005-08-01",1,4.99,4.99
287,1763,"2005-07-01",1,0.99,0.99
287,1846,"2005-07-01",1,4.99,4.99
287,2307,"2005-08-01",1,4.99,4.99
287,2397,"2005-08-01",1,0.99,0.99
287,2423,"2005-07-01",1,2.99,2.99
287,2488,"2005-07-01",1,1.99,1.99
287,2707,"2005-07-01",1,2.99,2.99
287,3054,"2005-08-01",1,4.99,4.99
287,3115,"2005-08-01",1,2.99,2.99
287,3385,"2005-07-01",1,1.99,1.99
287,4170,"2005-08-01",1,1.99,1.99
287,4334,"2006-02-01",1,0.99,0.99
287,4422,"2005-07-01",1,2.99,2.99
287,4453,"2005-08-01",1,6.99,6.99
288,564,"2005-08-01",1,0.99,0.99
288,588,"2005-08-01",1,2.99,2.99
288,931,"2005-08-01",1,0.99,0.99
288,1490,"2005-07-01",1,2.99,2.99
288,1769,"2005-07-01",1,2.99,2.99
288,1863,"2005-07-01",1,0.99,0.99
288,2031,"2005-07-01",1,2.99,2.99
288,2075,"2005-08-01",1,2.99,2.99
288,2411,"2005-08-01",1,2.99,2.99
288,2474,"2005-07-01",1,2.99,2.99
288,2682,"2005-08-01",1,1.99,1.99
288,2698,"2005-07-01",1,3.99,3.99
288,2759,"2005-08-01",1,0.99,0.99
288,3262,"2005-07-01",1,0.99,0.99
288,3537,"2005-08-01",1,2.99,2.99
288,3698,"2005-07-01",1,0.99,0.99
288,4117,"2005-07-01",1,3.99,3.99
288,4125,"2005-08-01",1,9.99,9.99
288,4526,"2005-08-01",1,2.99,2.99
289,138,"2005-08-01",1,0.99,0.99
289,167,"2005-08-01",1,7.99,7.99
289,377,"2005-08-01",1,4.99,4.99
289,451,"2005-07-01",1,4.99,4.99
289,1011,"2005-08-01",1,5.99,5.99
289,1035,"2005-07-01",1,2.99,2.99
289,1125,"2005-08-01",1,0.99,0.99
289,1259,"2005-07-01",1,4.99,4.99
289,1727,"2005-07-01",1,0.99,0.99
289,1968,"2005-08-01",1,0.99,0.99
289,2042,"2005-08-01",1,6.99,6.99
289,2251,"2005-07-01",1,4.99,4.99
289,2368,"2005-08-01",1,0.99,0.99
289,2483,"2005-08-01",1,4.99,4.99
289,2606,"2005-07-01",1,4.99,4.99
289,2710,"2005-07-01",1,0.99,0.99
289,2719,"2005-08-01",1,9.99,9.99
289,2795,"2005-08-01",1,7.99,7.99
289,3154,"2005-07-01",1,2.99,2.99
289,3521,"2005-07-01",1,7.99,7.99
289,3597,"2005-07-01",1,0.99,0.99
289,3828,"2005-07-01",1,8.99,8.99
289,4121,"2005-08-01",1,1.99,1.99
289,4393,"2005-07-01",1,3.99,3.99
290,647,"2005-07-01",1,0.99,0.99
290,701,"2005-07-01",1,1.99,1.99
290,1086,"2005-08-01",1,3.99,3.99
290,1247,"2005-07-01",1,0.99,0.99
290,1296,"2005-07-01",1,2.99,2.99
290,1447,"2005-08-01",1,1.99,1.99
290,1657,"2005-07-01",1,5.99,5.99
290,1674,"2005-08-01",1,6.99,6.99
290,2555,"2005-07-01",1,2.99,2.99
290,2618,"2005-07-01",1,0.99,0.99
290,2963,"2005-07-01",1,4.99,4.99
290,3465,"2005-07-01",1,2.99,2.99
290,3504,"2005-07-01",1,4.99,4.99
290,3606,"2005-07-01",1,3.99,3.99
290,3626,"2005-08-01",1,4.99,4.99
290,3629,"2005-08-01",1,2.99,2.99
290,3763,"2005-07-01",1,7.99,7.99
290,3813,"2005-08-01",1,2.99,2.99
290,4050,"2005-07-01",1,4.99,4.99
290,4288,"2005-07-01",1,4.99,4.99
290,4316,"2005-08-01",1,1.99,1.99
290,4569,"2005-08-01",1,2.99,2.99
291,117,"2005-08-01",1,5.99,5.99
291,162,"2005-07-01",1,2.99,2.99
291,227,"2005-07-01",1,2.99,2.99
291,293,"2005-07-01",1,3.99,3.99
291,371,"2005-07-01",1,4.99,4.99
291,443,"2005-07-01",1,4.99,4.99
291,863,"2005-07-01",1,4.99,4.99
291,1270,"2005-08-01",1,0.99,0.99
291,1292,"2005-07-01",1,0.99,0.99
291,1301,"2005-08-01",1,4.99,4.99
291,2547,"2005-08-01",1,4.99,4.99
291,2887,"2005-07-01",1,0.99,0.99
291,3205,"2005-07-01",1,7.99,7.99
291,3291,"2005-08-01",1,3.99,3.99
291,3433,"2005-07-01",1,5.99,5.99
291,4034,"2005-07-01",1,5.99,5.99
291,4387,"2005-07-01",1,5.99,5.99
292,69,"2005-08-01",1,4.99,4.99
292,129,"2005-07-01",1,6.99,6.99
292,286,"2005-07-01",1,0.99,0.99
292,1028,"2005-08-01",1,2.99,2.99
292,1097,"2005-07-01",1,4.99,4.99
292,1812,"2005-07-01",1,2.99,2.99
292,1869,"2005-07-01",1,8.99,8.99
292,1927,"2005-07-01",1,1.99,1.99
292,2246,"2005-08-01",1,4.99,4.99
292,2308,"2005-07-01",1,8.99,8.99
292,2502,"2005-08-01",1,2.99,2.99
292,2541,"2005-07-01",1,2.99,2.99
292,2774,"2005-07-01",1,4.99,4.99
292,2788,"2005-07-01",1,4.99,4.99
292,2936,"2005-07-01",1,2.99,2.99
292,3163,"2005-07-01",1,5.99,5.99
292,3295,"2005-07-01",1,4.99,4.99
292,3685,"2005-07-01",1,5.99,5.99
292,3832,"2005-07-01",1,0.99,0.99
292,4109,"2005-08-01",1,0.99,0.99
292,4129,"2005-08-01",1,10.99,10.99
292,4203,"2005-07-01",1,4.99,4.99
293,327,"2005-08-01",1,2.99,2.99
293,725,"2005-08-01",1,6.99,6.99
293,788,"2005-08-01",1,4.99,4.99
293,841,"2005-08-01",1,6.99,6.99
293,970,"2005-07-01",1,9.99,9.99
293,1383,"2005-07-01",1,3.99,3.99
293,1575,"2005-08-01",1,8.99,8.99
293,1628,"2005-07-01",1,4.99,4.99
293,1766,"2005-07-01",1,2.99,2.99
293,1860,"2005-08-01",1,1.99,1.99
293,1926,"2005-07-01",1,0.99,0.99
293,1935,"2005-08-01",1,4.99,4.99
293,2619,"2005-07-01",1,3.99,3.99
293,3283,"2005-08-01",1,2.99,2.99
293,3648,"2005-07-01",1,6.99,6.99
293,3748,"2005-07-01",1,2.99,2.99
293,3914,"2005-07-01",1,4.99,4.99
293,4035,"2005-08-01",1,7.99,7.99
293,4153,"2005-08-01",1,5.99,5.99
293,4169,"2005-07-01",1,4.99,4.99
293,4322,"2005-08-01",1,5.99,5.99
294,406,"2005-07-01",1,4.99,4.99
294,1787,"2005-08-01",1,4.99,4.99
294,2467,"2005-07-01",1,2.99,2.99
294,2573,"2005-08-01",1,4.99,4.99
294,2632,"2005-08-01",1,2.99,2.99
294,2724,"2005-07-01",1,7.99,7.99
294,2974,"2005-08-01",1,6.99,6.99
294,3135,"2005-08-01",1,2.99,2.99
294,3200,"2005-07-01",1,4.99,4.99
294,3205,"2005-08-01",1,5.99,5.99
294,3228,"2005-08-01",1,2.99,2.99
294,3325,"2005-07-01",1,4.99,4.99
294,3414,"2005-07-01",1,0.99,0.99
294,3726,"2005-08-01",1,5.99,5.99
294,3900,"2005-08-01",1,2.99,2.99
294,3920,"2005-08-01",1,4.99,4.99
294,4049,"2005-08-01",1,7.99,7.99
294,4098,"2005-07-01",1,4.99,4.99
294,4264,"2005-08-01",1,2.99,2.99
294,4266,"2005-07-01",1,2.99,2.99
294,4331,"2005-07-01",1,5.99,5.99
294,4410,"2005-07-01",1,6.99,6.99
294,4563,"2005-08-01",1,0.99,0.99
295,114,"2005-08-01",1,3.99,3.99
295,271,"2005-07-01",1,7.99,7.99
295,570,"2005-07-01",1,4.99,4.99
295,644,"2005-07-01",1,2.99,2.99
295,741,"2005-08-01",1,5.99,5.99
295,863,"2005-07-01",1,4.99,4.99
295,1214,"2005-08-01",1,0.99,0.99
295,1259,"2005-08-01",1,6.99,6.99
295,1286,"2005-08-01",1,6.99,6.99
295,1294,"2005-07-01",1,2.99,2.99
295,1356,"2005-07-01",1,3.99,3.99
295,1484,"2005-07-01",1,9.99,9.99
295,1600,"2005-07-01",1,7.99,7.99
295,1641,"2005-08-01",1,0.99,0.99
295,1913,"2005-07-01",1,0.99,0.99
295,2389,"2005-08-01",1,4.99,4.99
295,2430,"2005-07-01",1,1.99,1.99
295,2779,"2005-07-01",1,1.99,1.99
295,3133,"2005-07-01",1,1.99,1.99
295,3167,"2006-02-01",1,0.99,0.99
295,3426,"2005-08-01",1,0.99,0.99
295,3481,"2005-07-01",1,8.99,8.99
295,3534,"2005-07-01",1,2.99,2.99
295,4039,"2005-07-01",1,9.99,9.99
295,4287,"2005-07-01",1,4.99,4.99
295,4395,"2005-08-01",1,4.99,4.99
295,4537,"2005-07-01",1,2.99,2.99
295,4576,"2005-07-01",1,4.99,4.99
296,203,"2005-08-01",1,4.99,4.99
296,342,"2005-07-01",1,2.99,2.99
296,358,"2005-08-01",1,2.99,2.99
296,651,"2005-07-01",1,4.99,4.99
296,700,"2005-08-01",1,2.99,2.99
296,1066,"2005-08-01",1,3.99,3.99
296,1145,"2005-07-01",1,6.99,6.99
296,1391,"2005-08-01",1,2.99,2.99
296,1409,"2005-07-01",1,5.99,5.99
296,1459,"2005-08-01",1,4.99,4.99
296,1578,"2005-07-01",1,4.99,4.99
296,1728,"2005-07-01",1,0.99,0.99
296,1971,"2005-08-01",1,1.99,1.99
296,2015,"2005-07-01",1,5.99,5.99
296,2134,"2006-02-01",1,2.99,2.99
296,2218,"2005-08-01",1,7.99,7.99
296,2656,"2005-08-01",1,4.99,4.99
296,2937,"2005-07-01",1,2.99,2.99
296,3380,"2005-07-01",1,0.99,0.99
296,3673,"2005-07-01",1,4.99,4.99
296,3828,"2005-08-01",1,7.99,7.99
296,4067,"2005-07-01",1,7.99,7.99
296,4457,"2005-07-01",1,4.99,4.99
297,265,"2005-07-01",1,6.99,6.99
297,302,"2005-07-01",1,4.99,4.99
297,311,"2005-07-01",1,2.99,2.99
297,593,"2005-07-01",1,8.99,8.99
297,713,"2005-07-01",1,0.99,0.99
297,734,"2005-07-01",1,5.99,5.99
297,753,"2005-08-01",1,4.99,4.99
297,789,"2005-08-01",1,4.99,4.99
297,1115,"2005-08-01",1,0.99,0.99
297,1374,"2005-08-01",1,4.99,4.99
297,1444,"2005-08-01",1,4.99,4.99
297,1594,"2005-07-01",1,2.99,2.99
297,1866,"2005-07-01",1,0.99,0.99
297,1943,"2005-08-01",1,1.99,1.99
297,2268,"2005-08-01",1,2.99,2.99
297,2398,"2005-08-01",1,0.99,0.99
297,2407,"2005-07-01",1,2.99,2.99
297,2553,"2005-07-01",1,2.99,2.99
297,2945,"2005-07-01",1,0.99,0.99
297,3101,"2005-08-01",1,0.99,0.99
297,3175,"2005-07-01",1,0.99,0.99
297,3213,"2005-07-01",1,5.99,5.99
297,3581,"2005-08-01",1,5.99,5.99
297,4264,"2005-08-01",1,2.99,2.99
297,4276,"2005-08-01",1,2.99,2.99
297,4458,"2005-08-01",1,10.99,10.99
298,103,"2005-08-01",1,4.99,4.99
298,1108,"2005-07-01",1,0.99,0.99
298,1186,"2005-07-01",1,2.99,2.99
298,1301,"2005-08-01",1,0.99,0.99
298,1478,"2005-08-01",1,6.99,6.99
298,1798,"2005-07-01",1,2.99,2.99
298,2033,"2005-07-01",1,3.99,3.99
298,2074,"2005-07-01",1,2.99,2.99
298,2146,"2005-08-01",1,6.99,6.99
298,2244,"2005-08-01",1,8.99,8.99
298,2277,"2005-07-01",1,0.99,0.99
298,2534,"2005-08-01",1,4.99,4.99
298,2545,"2005-08-01",1,3.99,3.99
298,2747,"2005-08-01",1,0.99,0.99
298,2771,"2005-07-01",1,2.99,2.99
298,2942,"2005-07-01",1,0.99,0.99
298,3005,"2005-07-01",1,7.99,7.99
298,3246,"2005-08-01",1,4.99,4.99
298,4020,"2005-08-01",1,0.99,0.99
298,4154,"2005-07-01",1,5.99,5.99
298,4278,"2005-08-01",1,0.99,0.99
299,176,"2005-07-01",1,2.99,2.99
299,226,"2005-08-01",1,3.99,3.99
299,368,"2005-08-01",1,4.99,4.99
299,786,"2005-08-01",1,6.99,6.99
299,842,"2005-08-01",1,2.99,2.99
299,1306,"2005-07-01",1,2.99,2.99
299,1579,"2005-08-01",1,4.99,4.99
299,1736,"2005-08-01",1,6.99,6.99
299,1913,"2005-07-01",1,0.99,0.99
299,1970,"2005-07-01",1,0.99,0.99
299,2185,"2005-07-01",1,5.99,5.99
299,2223,"2005-07-01",1,2.99,2.99
299,2391,"2005-07-01",1,4.99,4.99
299,2507,"2005-07-01",1,9.99,9.99
299,2841,"2005-07-01",1,1.99,1.99
299,3630,"2005-07-01",1,2.99,2.99
299,3649,"2005-08-01",1,0.99,0.99
299,4006,"2005-07-01",1,7.99,7.99
299,4180,"2005-08-01",1,0.99,0.99
299,4258,"2005-08-01",1,0.99,0.99
299,4571,"2005-08-01",1,5.99,5.99
300,164,"2005-08-01",1,3.99,3.99
300,572,"2005-08-01",1,7.99,7.99
300,788,"2005-07-01",1,4.99,4.99
300,955,"2005-07-01",1,0.99,0.99
300,1419,"2005-08-01",1,2.99,2.99
300,1502,"2005-07-01",1,6.99,6.99
300,1511,"2005-08-01",1,5.99,5.99
300,1592,"2005-07-01",1,5.99,5.99
300,1629,"2005-08-01",1,5.99,5.99
300,1728,"2005-08-01",1,0.99,0.99
300,1734,"2005-07-01",1,0.99,0.99
300,1856,"2005-08-01",1,9.99,9.99
300,1893,"2005-08-01",1,6.99,6.99
300,2002,"2005-07-01",1,3.99,3.99
300,2302,"2005-08-01",1,4.99,4.99
300,2954,"2006-02-01",1,4.99,4.99
300,3424,"2005-07-01",1,6.99,6.99
300,3487,"2005-08-01",1,5.99,5.99
300,3504,"2005-07-01",1,4.99,4.99
300,3551,"2005-07-01",1,4.99,4.99
300,3604,"2005-07-01",1,2.99,2.99
300,3642,"2005-07-01",1,0.99,0.99
300,3690,"2005-08-01",1,2.99,2.99
300,3696,"2005-07-01",1,0.99,0.99
300,4030,"2005-07-01",1,10.99,10.99
300,4114,"2005-07-01",1,2.99,2.99
301,4,"2005-08-01",1,0.99,0.99
301,517,"2005-07-01",1,4.99,4.99
301,912,"2005-07-01",1,6.99,6.99
301,1245,"2005-08-01",1,1.99,1.99
301,1288,"2005-07-01",1,3.99,3.99
301,1672,"2005-07-01",1,4.99,4.99
301,1903,"2005-07-01",1,2.99,2.99
301,1954,"2005-07-01",1,4.99,4.99
301,2092,"2005-07-01",1,2.99,2.99
301,2404,"2005-08-01",1,5.99,5.99
301,2996,"2005-07-01",1,6.99,6.99
301,3116,"2005-07-01",1,4.99,4.99
301,3227,"2005-08-01",1,2.99,2.99
301,3678,"2005-07-01",1,4.99,4.99
301,4456,"2005-08-01",1,10.99,10.99
302,17,"2005-07-01",1,2.99,2.99
302,63,"2005-07-01",1,0.99,0.99
302,89,"2005-07-01",1,0.99,0.99
302,103,"2005-07-01",1,8.99,8.99
302,147,"2005-07-01",1,4.99,4.99
302,267,"2005-08-01",1,3.99,3.99
302,483,"2005-07-01",1,7.99,7.99
302,515,"2005-07-01",1,6.99,6.99
302,712,"2005-07-01",1,2.99,2.99
302,732,"2005-07-01",1,0.99,0.99
302,1332,"2005-08-01",1,4.99,4.99
302,1607,"2005-07-01",1,6.99,6.99
302,1896,"2005-07-01",1,2.99,2.99
302,2289,"2005-08-01",1,0.99,0.99
302,2304,"2005-08-01",1,7.99,7.99
302,2340,"2005-08-01",1,2.99,2.99
302,2588,"2005-07-01",1,5.99,5.99
302,2590,"2005-07-01",1,4.99,4.99
302,2829,"2005-08-01",1,2.99,2.99
302,2971,"2005-08-01",1,2.99,2.99
302,3150,"2005-08-01",1,6.99,6.99
302,3335,"2005-08-01",1,5.99,5.99
302,3384,"2005-07-01",1,0.99,0.99
302,3952,"2005-08-01",1,0.99,0.99
302,4069,"2005-08-01",1,4.99,4.99
302,4412,"2005-07-01",1,7.99,7.99
303,38,"2005-07-01",1,4.99,4.99
303,295,"2005-08-01",1,2.99,2.99
303,823,"2005-08-01",1,2.99,2.99
303,918,"2005-08-01",1,5.99,5.99
303,947,"2005-07-01",1,4.99,4.99
303,1237,"2005-08-01",1,2.99,2.99
303,1695,"2005-08-01",1,4.99,4.99
303,2348,"2005-07-01",1,0.99,0.99
303,2374,"2005-07-01",1,6.99,6.99
303,2429,"2005-08-01",1,2.99,2.99
303,2898,"2005-08-01",1,4.99,4.99
303,3100,"2005-07-01",1,4.99,4.99
303,3229,"2005-07-01",1,2.99,2.99
303,3327,"2005-08-01",1,3.99,3.99
303,3442,"2005-07-01",1,4.99,4.99
303,4140,"2005-08-01",1,0.99,0.99
303,4196,"2005-07-01",1,4.99,4.99
303,4314,"2005-07-01",1,0.99,0.99
303,4350,"2005-08-01",1,0.99,0.99
304,315,"2005-07-01",1,4.99,4.99
304,1567,"2005-08-01",1,4.99,4.99
304,1768,"2005-07-01",1,3.99,3.99
304,2580,"2005-08-01",1,4.99,4.99
304,2635,"2005-07-01",1,4.99,4.99
304,2668,"2005-08-01",1,0.99,0.99
304,2712,"2005-08-01",1,0.99,0.99
304,2826,"2005-08-01",1,5.99,5.99
304,3281,"2005-07-01",1,8.99,8.99
304,3320,"2005-07-01",1,6.99,6.99
304,3480,"2005-07-01",1,4.99,4.99
304,3700,"2005-08-01",1,4.99,4.99
304,3798,"2005-07-01",1,0.99,0.99
304,3958,"2005-07-01",1,0.99,0.99
304,4162,"2005-07-01",1,4.99,4.99
304,4242,"2005-07-01",1,6.99,6.99
304,4292,"2005-07-01",1,2.99,2.99
304,4400,"2005-08-01",1,3.99,3.99
304,4491,"2005-07-01",1,0.99,0.99
305,41,"2005-07-01",1,8.99,8.99
305,275,"2005-07-01",1,4.99,4.99
305,286,"2005-08-01",1,0.99,0.99
305,577,"2005-08-01",1,4.99,4.99
305,913,"2005-08-01",1,4.99,4.99
305,1136,"2005-08-01",1,3.99,3.99
305,1325,"2005-08-01",1,4.99,4.99
305,1618,"2005-08-01",1,3.99,3.99
305,1826,"2005-08-01",1,2.99,2.99
305,1835,"2005-07-01",1,4.99,4.99
305,1884,"2005-07-01",1,2.99,2.99
305,2240,"2005-07-01",1,2.99,2.99
305,2711,"2005-07-01",1,0.99,0.99
305,3225,"2005-07-01",1,7.99,7.99
305,3341,"2005-07-01",1,4.99,4.99
305,3367,"2005-08-01",1,6.99,6.99
305,3699,"2005-08-01",1,2.99,2.99
305,3776,"2005-08-01",1,5.99,5.99
305,4062,"2005-07-01",1,0.99,0.99
305,4575,"2005-07-01",1,4.99,4.99
306,582,"2005-08-01",1,6.99,6.99
306,632,"2005-07-01",1,6.99,6.99
306,666,"2005-08-01",1,4.99,4.99
306,719,"2005-07-01",1,2.99,2.99
306,755,"2005-07-01",1,4.99,4.99
306,1099,"2005-08-01",1,6.99,6.99
306,1147,"2005-07-01",1,4.99,4.99
306,1298,"2005-07-01",1,4.99,4.99
306,1604,"2005-07-01",1,2.99,2.99
306,1683,"2005-08-01",1,0.99,0.99
306,1876,"2005-08-01",1,7.99,7.99
306,2186,"2005-08-01",1,7.99,7.99
306,2215,"2005-07-01",1,0.99,0.99
306,2280,"2005-07-01",1,1.99,1.99
306,2400,"2005-08-01",1,0.99,0.99
306,2529,"2005-08-01",1,5.99,5.99
306,2727,"2005-08-01",1,0.99,0.99
306,2867,"2005-07-01",1,5.99,5.99
306,2910,"2005-07-01",1,4.99,4.99
306,2929,"2005-08-01",1,2.99,2.99
306,2954,"2005-08-01",1,4.99,4.99
306,3341,"2005-08-01",1,4.99,4.99
306,3450,"2005-07-01",1,2.99,2.99
306,3718,"2005-07-01",1,0.99,0.99
306,3826,"2005-07-01",1,6.99,6.99
306,3861,"2005-08-01",1,5.99,5.99
306,4174,"2005-07-01",1,0.99,0.99
306,4539,"2005-08-01",1,2.99,2.99
307,268,"2005-08-01",1,7.99,7.99
307,319,"2005-07-01",1,10.99,10.99
307,379,"2005-07-01",1,6.99,6.99
307,409,"2005-07-01",1,3.99,3.99
307,446,"2005-08-01",1,2.99,2.99
307,480,"2005-07-01",1,0.99,0.99
307,556,"2005-07-01",1,6.99,6.99
307,1157,"2005-07-01",1,4.99,4.99
307,1244,"2005-08-01",1,0.99,0.99
307,1507,"2005-08-01",1,4.99,4.99
307,2096,"2005-07-01",1,4.99,4.99
307,2439,"2005-07-01",1,6.99,6.99
307,2652,"2005-07-01",1,0.99,0.99
307,3288,"2005-07-01",1,3.99,3.99
307,3417,"2005-07-01",1,2.99,2.99
307,3940,"2005-08-01",1,4.99,4.99
307,4114,"2005-07-01",1,2.99,2.99
307,4136,"2005-08-01",1,6.99,6.99
307,4193,"2005-07-01",1,4.99,4.99
307,4351,"2005-08-01",1,0.99,0.99
308,511,"2005-07-01",1,8.99,8.99
308,983,"2005-08-01",1,4.99,4.99
308,1207,"2005-08-01",1,6.99,6.99
308,1282,"2005-08-01",1,4.99,4.99
308,1395,"2005-08-01",1,2.99,2.99
308,1459,"2005-07-01",1,7.99,7.99
308,1629,"2005-07-01",1,2.99,2.99
308,1731,"2005-08-01",1,0.99,0.99
308,2624,"2005-08-01",1,6.99,6.99
308,2790,"2005-07-01",1,3.99,3.99
308,2931,"2005-08-01",1,3.99,3.99
308,3058,"2005-08-01",1,2.99,2.99
308,3461,"2005-07-01",1,2.99,2.99
308,3521,"2005-08-01",1,4.99,4.99
308,3660,"2005-08-01",1,2.99,2.99
308,4311,"2005-08-01",1,2.99,2.99
308,4353,"2005-07-01",1,0.99,0.99
308,4408,"2005-08-01",1,4.99,4.99
308,4553,"2005-08-01",1,2.99,2.99
309,625,"2005-07-01",1,8.99,8.99
309,802,"2005-07-01",1,5.99,5.99
309,1052,"2005-07-01",1,2.99,2.99
309,1158,"2005-07-01",1,4.99,4.99
309,1242,"2005-08-01",1,5.99,5.99
309,1324,"2005-08-01",1,0.99,0.99
309,1500,"2005-08-01",1,2.99,2.99
309,1508,"2005-08-01",1,4.99,4.99
309,1755,"2005-07-01",1,7.99,7.99
309,1777,"2005-07-01",1,4.99,4.99
309,2075,"2005-07-01",1,2.99,2.99
309,2225,"2005-08-01",1,6.99,6.99
309,2601,"2005-08-01",1,4.99,4.99
309,3076,"2005-07-01",1,4.99,4.99
309,3133,"2005-08-01",1,0.99,0.99
309,3166,"2005-07-01",1,4.99,4.99
309,3258,"2005-07-01",1,0.99,0.99
309,3828,"2005-07-01",1,4.99,4.99
309,3840,"2005-08-01",1,5.99,5.99
309,4004,"2005-07-01",1,2.99,2.99
309,4160,"2005-07-01",1,4.99,4.99
309,4201,"2005-07-01",1,5.99,5.99
309,4208,"2005-07-01",1,4.99,4.99
309,4460,"2005-07-01",1,2.99,2.99
309,4549,"2005-08-01",1,2.99,2.99
310,36,"2005-08-01",1,4.99,4.99
310,552,"2005-07-01",1,5.99,5.99
310,553,"2005-07-01",1,10.99,10.99
310,797,"2005-07-01",1,5.99,5.99
310,1069,"2005-07-01",1,5.99,5.99
310,1531,"2005-08-01",1,4.99,4.99
310,1842,"2005-07-01",1,0.99,0.99
310,2500,"2005-08-01",1,2.99,2.99
310,2547,"2005-07-01",1,2.99,2.99
310,3011,"2005-08-01",1,7.99,7.99
310,3130,"2005-07-01",1,0.99,0.99
310,3422,"2005-08-01",1,5.99,5.99
310,4413,"2005-07-01",1,7.99,7.99
311,215,"2005-08-01",1,9.99,9.99
311,277,"2005-08-01",1,8.99,8.99
311,279,"2005-07-01",1,5.99,5.99
311,546,"2005-08-01",1,1.99,1.99
311,1013,"2005-07-01",1,6.99,6.99
311,1429,"2005-07-01",1,8.99,8.99
311,1661,"2005-08-01",1,2.99,2.99
311,2254,"2005-08-01",1,4.99,4.99
311,2563,"2005-08-01",1,0.99,0.99
311,2756,"2005-07-01",1,3.99,3.99
311,3181,"2005-07-01",1,6.99,6.99
311,3568,"2005-08-01",1,4.99,4.99
311,3683,"2005-07-01",1,4.99,4.99
311,4141,"2005-07-01",1,2.99,2.99
311,4483,"2005-07-01",1,4.99,4.99
312,576,"2005-07-01",1,3.99,3.99
312,674,"2005-07-01",1,3.99,3.99
312,743,"2005-07-01",1,6.99,6.99
312,852,"2005-08-01",1,2.99,2.99
312,1342,"2005-08-01",1,2.99,2.99
312,1749,"2005-07-01",1,2.99,2.99
312,1992,"2005-08-01",1,2.99,2.99
312,2028,"2005-08-01",1,6.99,6.99
312,2416,"2005-07-01",1,4.99,4.99
312,2481,"2005-07-01",1,2.99,2.99
312,2500,"2005-08-01",1,5.99,5.99
312,2651,"2005-07-01",1,1.99,1.99
312,3188,"2005-07-01",1,4.99,4.99
312,3638,"2005-08-01",1,0.99,0.99
312,4139,"2005-08-01",1,0.99,0.99
312,4224,"2005-07-01",1,5.99,5.99
312,4309,"2005-07-01",1,6.99,6.99
312,4489,"2005-08-01",1,4.99,4.99
312,4504,"2005-07-01",1,2.99,2.99
312,4536,"2005-08-01",1,3.99,3.99
313,137,"2005-08-01",1,2.99,2.99
313,432,"2005-08-01",1,5.99,5.99
313,487,"2005-07-01",1,0.99,0.99
313,491,"2005-07-01",1,2.99,2.99
313,495,"2005-08-01",1,2.99,2.99
313,865,"2005-07-01",1,4.99,4.99
313,1071,"2005-08-01",1,6.99,6.99
313,2501,"2005-08-01",1,2.99,2.99
313,2549,"2005-07-01",1,2.99,2.99
313,2870,"2005-07-01",1,2.99,2.99
313,2940,"2005-07-01",1,3.99,3.99
313,3008,"2005-08-01",1,2.99,2.99
313,3653,"2005-08-01",1,0.99,0.99
313,3970,"2005-08-01",1,7.99,7.99
313,4418,"2005-07-01",1,5.99,5.99
313,4432,"2005-08-01",1,4.99,4.99
314,150,"2005-08-01",1,4.99,4.99
314,294,"2005-07-01",1,6.99,6.99
314,497,"2005-07-01",1,0.99,0.99
314,499,"2005-07-01",1,0.99,0.99
314,500,"2005-07-01",1,3.99,3.99
314,630,"2005-07-01",1,3.99,3.99
314,1161,"2005-08-01",1,4.99,4.99
314,1183,"2005-08-01",1,4.99,4.99
314,1316,"2005-07-01",1,0.99,0.99
314,1665,"2005-07-01",1,2.99,2.99
314,2273,"2005-08-01",1,3.99,3.99
314,2426,"2005-07-01",1,6.99,6.99
314,2762,"2005-07-01",1,0.99,0.99
314,2974,"2005-08-01",1,4.99,4.99
314,3057,"2005-08-01",1,3.99,3.99
314,3078,"2005-08-01",1,0.99,0.99
314,3194,"2005-07-01",1,2.99,2.99
314,3364,"2005-07-01",1,3.99,3.99
314,3390,"2005-08-01",1,3.99,3.99
314,3533,"2005-08-01",1,5.99,5.99
314,3933,"2005-08-01",1,2.99,2.99
314,4079,"2005-07-01",1,4.99,4.99
314,4339,"2005-07-01",1,0.99,0.99
314,4407,"2005-08-01",1,3.99,3.99
314,4416,"2005-07-01",1,4.99,4.99
314,4454,"2005-07-01",1,6.99,6.99
314,4507,"2005-07-01",1,4.99,4.99
314,4544,"2005-07-01",1,2.99,2.99
314,4573,"2005-07-01",1,5.99,5.99
315,56,"2005-08-01",1,0.99,0.99
315,513,"2005-07-01",1,6.99,6.99
315,1347,"2005-07-01",1,4.99,4.99
315,1676,"2005-07-01",1,2.99,2.99
315,1967,"2005-08-01",1,6.99,6.99
315,1999,"2005-07-01",1,5.99,5.99
315,2065,"2005-08-01",1,2.99,2.99
315,2081,"2005-07-01",1,4.99,4.99
315,2367,"2005-07-01",1,4.99,4.99
315,2673,"2005-08-01",1,2.99,2.99
315,2902,"2006-02-01",1,2.99,2.99
315,3312,"2005-07-01",1,6.99,6.99
315,3788,"2005-08-01",1,2.99,2.99
315,4228,"2005-07-01",1,9.99,9.99
316,15,"2005-07-01",1,2.99,2.99
316,242,"2005-07-01",1,3.99,3.99
316,426,"2005-08-01",1,2.99,2.99
316,607,"2005-08-01",1,0.99,0.99
316,756,"2005-07-01",1,4.99,4.99
316,757,"2005-07-01",1,5.99,5.99
316,1014,"2005-07-01",1,7.99,7.99
316,1204,"2005-07-01",1,4.99,4.99
316,1621,"2005-07-01",1,6.99,6.99
316,1793,"2005-08-01",1,2.99,2.99
316,1901,"2005-08-01",1,2.99,2.99
316,2667,"2005-08-01",1,0.99,0.99
316,2773,"2005-07-01",1,2.99,2.99
316,2830,"2005-07-01",1,4.99,4.99
316,3326,"2005-07-01",1,1.99,1.99
316,3343,"2005-07-01",1,2.99,2.99
316,3820,"2005-08-01",1,5.99,5.99
316,4105,"2005-07-01",1,4.99,4.99
316,4217,"2005-08-01",1,7.99,7.99
317,177,"2006-02-01",1,0.99,0.99
317,388,"2005-08-01",1,7.99,7.99
317,396,"2005-07-01",1,4.99,4.99
317,633,"2005-07-01",1,2.99,2.99
317,942,"2005-08-01",1,4.99,4.99
317,1226,"2005-07-01",1,8.99,8.99
317,1384,"2005-07-01",1,2.99,2.99
317,1471,"2005-08-01",1,2.99,2.99
317,1474,"2005-07-01",1,2.99,2.99
317,1490,"2005-08-01",1,4.99,4.99
317,1588,"2005-07-01",1,0.99,0.99
317,1842,"2005-08-01",1,2.99,2.99
317,2293,"2005-08-01",1,2.99,2.99
317,2861,"2005-07-01",1,7.99,7.99
317,2905,"2005-08-01",1,2.99,2.99
317,2928,"2005-07-01",1,2.99,2.99
317,2973,"2005-07-01",1,0.99,0.99
317,3154,"2005-08-01",1,2.99,2.99
317,3464,"2005-08-01",1,4.99,4.99
317,3542,"2005-08-01",1,5.99,5.99
317,3857,"2005-07-01",1,4.99,4.99
317,3889,"2005-07-01",1,0.99,0.99
317,4106,"2005-07-01",1,8.99,8.99
317,4356,"2005-08-01",1,0.99,0.99
318,106,"2005-07-01",1,4.99,4.99
318,384,"2005-07-01",1,5.99,5.99
318,1907,"2005-07-01",1,8.99,8.99
318,2704,"2005-07-01",1,0.99,0.99
318,3637,"2005-08-01",1,2.99,2.99
318,4053,"2005-07-01",1,0.99,0.99
318,4282,"2005-07-01",1,2.99,2.99
319,1221,"2005-08-01",1,6.99,6.99
319,1224,"2005-07-01",1,6.99,6.99
319,1459,"2005-07-01",1,4.99,4.99
319,1725,"2005-08-01",1,0.99,0.99
319,1921,"2005-08-01",1,4.99,4.99
319,1949,"2005-08-01",1,0.99,0.99
319,2055,"2005-08-01",1,8.99,8.99
319,2078,"2005-07-01",1,3.99,3.99
319,2490,"2005-07-01",1,2.99,2.99
319,2795,"2005-07-01",1,8.99,8.99
319,2830,"2005-07-01",1,2.99,2.99
319,3229,"2005-07-01",1,2.99,2.99
319,3325,"2005-07-01",1,4.99,4.99
319,3428,"2005-08-01",1,2.99,2.99
319,3446,"2005-07-01",1,4.99,4.99
319,3796,"2005-07-01",1,0.99,0.99
319,4050,"2005-08-01",1,5.99,5.99
319,4114,"2005-08-01",1,4.99,4.99
319,4193,"2005-07-01",1,4.99,4.99
319,4389,"2005-08-01",1,3.99,3.99
319,4471,"2005-07-01",1,2.99,2.99
320,30,"2005-07-01",1,4.99,4.99
320,188,"2005-08-01",1,2.99,2.99
320,818,"2005-07-01",1,0.99,0.99
320,1196,"2005-07-01",1,4.99,4.99
320,1581,"2005-07-01",1,4.99,4.99
320,2316,"2005-08-01",1,2.99,2.99
320,2941,"2005-07-01",1,0.99,0.99
320,3509,"2005-07-01",1,4.99,4.99
320,3556,"2005-07-01",1,4.99,4.99
320,4179,"2005-08-01",1,0.99,0.99
320,4181,"2005-07-01",1,4.99,4.99
320,4204,"2005-07-01",1,3.99,3.99
320,4272,"2005-07-01",1,2.99,2.99
320,4314,"2005-07-01",1,0.99,0.99
320,4566,"2005-08-01",1,0.99,0.99
321,730,"2005-07-01",1,8.99,8.99
321,834,"2005-08-01",1,7.99,7.99
321,1182,"2005-07-01",1,4.99,4.99
321,1354,"2005-07-01",1,0.99,0.99
321,1551,"2005-07-01",1,4.99,4.99
321,1607,"2005-07-01",1,5.99,5.99
321,1827,"2005-07-01",1,6.99,6.99
321,2430,"2005-08-01",1,2.99,2.99
321,2564,"2005-07-01",1,2.99,2.99
321,2731,"2005-08-01",1,6.99,6.99
321,2955,"2005-08-01",1,5.99,5.99
321,3096,"2005-08-01",1,6.99,6.99
321,3367,"2005-07-01",1,5.99,5.99
321,3417,"2005-07-01",1,2.99,2.99
321,3948,"2005-08-01",1,6.99,6.99
321,4108,"2005-07-01",1,5.99,5.99
321,4247,"2005-08-01",1,4.99,4.99
322,505,"2005-08-01",1,4.99,4.99
322,1075,"2005-07-01",1,4.99,4.99
322,1087,"2005-07-01",1,1.99,1.99
322,1102,"2005-08-01",1,0.99,0.99
322,1350,"2005-07-01",1,3.99,3.99
322,1997,"2005-07-01",1,0.99,0.99
322,2350,"2005-07-01",1,1.99,1.99
322,2528,"2005-07-01",1,0.99,0.99
322,2593,"2005-07-01",1,4.99,4.99
322,2644,"2005-08-01",1,9.99,9.99
322,2819,"2005-07-01",1,2.99,2.99
322,2883,"2005-08-01",1,8.99,8.99
322,3372,"2005-07-01",1,7.99,7.99
322,3443,"2005-08-01",1,4.99,4.99
322,3591,"2005-07-01",1,4.99,4.99
322,3638,"2005-08-01",1,0.99,0.99
322,3750,"2005-07-01",1,4.99,4.99
322,4049,"2005-07-01",1,4.99,4.99
322,4185,"2005-08-01",1,4.99,4.99
323,480,"2005-08-01",1,0.99,0.99
323,514,"2005-07-01",1,1.99,1.99
323,647,"2005-08-01",1,3.99,3.99
323,751,"2005-07-01",1,0.99,0.99
323,775,"2005-07-01",1,2.99,2.99
323,873,"2005-07-01",1,2.99,2.99
323,1002,"2005-07-01",1,4.99,4.99
323,1173,"2005-07-01",1,4.99,4.99
323,1324,"2005-07-01",1,1.99,1.99
323,1381,"2005-07-01",1,3.99,3.99
323,1383,"2005-08-01",1,0.99,0.99
323,1384,"2005-08-01",1,3.99,3.99
323,2245,"2005-07-01",1,7.99,7.99
323,2281,"2005-08-01",1,2.99,2.99
323,2305,"2005-07-01",1,4.99,4.99
323,2567,"2005-08-01",1,0.99,0.99
323,2687,"2005-07-01",1,6.99,6.99
323,2742,"2005-07-01",1,5.99,5.99
323,2912,"2005-08-01",1,4.99,4.99
323,3602,"2005-07-01",1,1.99,1.99
323,3634,"2005-08-01",1,2.99,2.99
323,3879,"2005-08-01",1,4.99,4.99
323,3944,"2005-07-01",1,4.99,4.99
323,4210,"2005-08-01",1,5.99,5.99
323,4346,"2005-07-01",1,0.99,0.99
324,184,"2005-08-01",1,4.99,4.99
324,330,"2005-08-01",1,2.99,2.99
324,670,"2006-02-01",1,2.99,2.99
324,725,"2005-07-01",1,7.99,7.99
324,736,"2005-07-01",1,4.99,4.99
324,1430,"2005-08-01",1,8.99,8.99
324,1735,"2005-07-01",1,2.99,2.99
324,1898,"2005-08-01",1,2.99,2.99
324,2235,"2005-08-01",1,7.99,7.99
324,2515,"2005-07-01",1,0.99,0.99
324,2575,"2005-08-01",1,6.99,6.99
324,2713,"2005-08-01",1,0.99,0.99
324,2718,"2005-07-01",1,6.99,6.99
324,2973,"2005-07-01",1,3.99,3.99
324,3349,"2005-07-01",1,2.99,2.99
324,3728,"2005-08-01",1,2.99,2.99
324,4059,"2005-07-01",1,4.99,4.99
324,4125,"2005-07-01",1,4.99,4.99
324,4188,"2005-07-01",1,4.99,4.99
324,4435,"2005-07-01",1,0.99,0.99
324,4476,"2005-08-01",1,2.99,2.99
324,4565,"2005-07-01",1,3.99,3.99
325,599,"2005-07-01",1,0.99,0.99
325,689,"2005-07-01",1,2.99,2.99
325,833,"2005-07-01",1,4.99,4.99
325,1010,"2005-07-01",1,4.99,4.99
325,1392,"2005-07-01",1,2.99,2.99
325,1555,"2005-08-01",1,0.99,0.99
325,1814,"2005-08-01",1,3.99,3.99
325,2147,"2005-07-01",1,2.99,2.99
325,2175,"2005-07-01",1,4.99,4.99
325,2623,"2005-07-01",1,9.99,9.99
325,2983,"2005-08-01",1,4.99,4.99
325,3254,"2005-07-01",1,5.99,5.99
325,3856,"2005-08-01",1,4.99,4.99
325,4025,"2005-08-01",1,0.99,0.99
325,4135,"2005-08-01",1,4.99,4.99
325,4144,"2005-08-01",1,5.99,5.99
325,4231,"2005-08-01",1,3.99,3.99
325,4350,"2005-07-01",1,0.99,0.99
326,263,"2005-07-01",1,5.99,5.99
326,722,"2005-08-01",1,2.99,2.99
326,869,"2005-08-01",1,0.99,0.99
326,1129,"2005-08-01",1,2.99,2.99
326,1246,"2005-07-01",1,0.99,0.99
326,1872,"2005-08-01",1,4.99,4.99
326,1909,"2005-07-01",1,7.99,7.99
326,1922,"2005-07-01",1,2.99,2.99
326,1923,"2005-07-01",1,4.99,4.99
326,2270,"2005-07-01",1,5.99,5.99
326,2368,"2005-07-01",1,0.99,0.99
326,2418,"2005-08-01",1,4.99,4.99
326,2527,"2005-07-01",1,4.99,4.99
326,2772,"2005-07-01",1,2.99,2.99
326,3703,"2005-07-01",1,0.99,0.99
326,3712,"2005-08-01",1,0.99,0.99
326,3909,"2005-07-01",1,4.99,4.99
326,4310,"2005-07-01",1,2.99,2.99
327,428,"2005-08-01",1,5.99,5.99
327,796,"2005-08-01",1,4.99,4.99
327,923,"2005-08-01",1,0.99,0.99
327,944,"2005-08-01",1,2.99,2.99
327,1807,"2005-08-01",1,7.99,7.99
327,2109,"2005-08-01",1,0.99,0.99
327,2652,"2005-07-01",1,0.99,0.99
327,2870,"2005-08-01",1,0.99,0.99
327,2964,"2005-07-01",1,1.99,1.99
327,2995,"2005-08-01",1,4.99,4.99
327,3056,"2005-08-01",1,2.99,2.99
327,3192,"2006-02-01",1,2.99,2.99
327,3328,"2005-07-01",1,4.99,4.99
327,3382,"2005-08-01",1,3.99,3.99
327,3396,"2005-08-01",1,4.99,4.99
327,3765,"2005-08-01",1,6.99,6.99
327,4052,"2005-07-01",1,1.99,1.99
327,4266,"2005-07-01",1,2.99,2.99
327,4580,"2005-08-01",1,9.99,9.99
328,299,"2005-08-01",1,2.99,2.99
328,450,"2005-08-01",1,4.99,4.99
328,520,"2005-07-01",1,6.99,6.99
328,708,"2005-07-01",1,2.99,2.99
328,719,"2005-08-01",1,2.99,2.99
328,806,"2005-08-01",1,3.99,3.99
328,862,"2005-08-01",1,3.99,3.99
328,1051,"2005-07-01",1,2.99,2.99
328,1095,"2005-07-01",1,4.99,4.99
328,1551,"2005-08-01",1,2.99,2.99
328,1764,"2005-07-01",1,1.99,1.99
328,2356,"2005-07-01",1,4.99,4.99
328,2783,"2005-08-01",1,0.99,0.99
328,2894,"2005-08-01",1,3.99,3.99
328,3039,"2005-08-01",1,7.99,7.99
328,4495,"2005-08-01",1,0.99,0.99
328,4558,"2005-08-01",1,4.99,4.99
329,164,"2005-07-01",1,4.99,4.99
329,336,"2005-08-01",1,6.99,6.99
329,383,"2005-08-01",1,0.99,0.99
329,603,"2005-08-01",1,8.99,8.99
329,684,"2005-08-01",1,2.99,2.99
329,771,"2005-07-01",1,0.99,0.99
329,987,"2005-08-01",1,2.99,2.99
329,1019,"2005-07-01",1,4.99,4.99
329,1237,"2005-07-01",1,7.99,7.99
329,1403,"2005-07-01",1,4.99,4.99
329,1617,"2005-07-01",1,2.99,2.99
329,2392,"2005-08-01",1,3.99,3.99
329,2424,"2005-07-01",1,2.99,2.99
329,2722,"2005-08-01",1,4.99,4.99
329,2826,"2005-07-01",1,6.99,6.99
329,2877,"2005-07-01",1,1.99,1.99
329,3034,"2005-08-01",1,7.99,7.99
329,3148,"2005-07-01",1,4.99,4.99
329,3420,"2005-08-01",1,4.99,4.99
329,3840,"2005-07-01",1,6.99,6.99
329,4064,"2005-07-01",1,0.99,0.99
329,4147,"2005-07-01",1,0.99,0.99
329,4365,"2005-08-01",1,0.99,0.99
330,739,"2005-07-01",1,2.99,2.99
330,896,"2005-08-01",1,3.99,3.99
330,1157,"2005-08-01",1,4.99,4.99
330,1227,"2005-07-01",1,4.99,4.99
330,1306,"2005-07-01",1,2.99,2.99
330,1500,"2005-07-01",1,2.99,2.99
330,1720,"2006-02-01",1,2.99,2.99
330,1791,"2005-08-01",1,2.99,2.99
330,2271,"2005-07-01",1,2.99,2.99
330,2282,"2005-07-01",1,0.99,0.99
330,2442,"2005-07-01",1,4.99,4.99
330,2856,"2005-07-01",1,1.99,1.99
330,3473,"2005-07-01",1,2.99,2.99
330,3532,"2005-07-01",1,2.99,2.99
330,3605,"2005-08-01",1,2.99,2.99
330,3855,"2005-07-01",1,5.99,5.99
330,4050,"2005-07-01",1,4.99,4.99
330,4499,"2005-08-01",1,0.99,0.99
331,134,"2005-08-01",1,2.99,2.99
331,327,"2005-07-01",1,5.99,5.99
331,795,"2005-08-01",1,4.99,4.99
331,1083,"2005-07-01",1,0.99,0.99
331,1089,"2005-08-01",1,5.99,5.99
331,1221,"2005-08-01",1,6.99,6.99
331,1452,"2005-07-01",1,5.99,5.99
331,1660,"2005-08-01",1,2.99,2.99
331,2057,"2005-07-01",1,5.99,5.99
331,2628,"2005-08-01",1,2.99,2.99
331,2630,"2005-07-01",1,4.99,4.99
331,2715,"2005-07-01",1,4.99,4.99
331,2837,"2005-08-01",1,0.99,0.99
331,2922,"2005-08-01",1,7.99,7.99
331,3114,"2005-07-01",1,8.99,8.99
331,3129,"2005-07-01",1,1.99,1.99
331,3575,"2005-07-01",1,4.99,4.99
331,3636,"2005-08-01",1,1.99,1.99
331,3776,"2005-07-01",1,4.99,4.99
331,4005,"2005-07-01",1,2.99,2.99
331,4037,"2005-07-01",1,10.99,10.99
331,4090,"2005-08-01",1,3.99,3.99
332,39,"2005-07-01",1,4.99,4.99
332,138,"2005-07-01",1,0.99,0.99
332,343,"2005-08-01",1,2.99,2.99
332,941,"2005-08-01",1,5.99,5.99
332,975,"2005-08-01",1,0.99,0.99
332,1004,"2005-07-01",1,0.99,0.99
332,1217,"2005-08-01",1,0.99,0.99
332,1231,"2005-07-01",1,1.99,1.99
332,1546,"2005-07-01",1,0.99,0.99
332,2026,"2005-07-01",1,1.99,1.99
332,2116,"2005-07-01",1,5.99,5.99
332,2237,"2005-08-01",1,2.99,2.99
332,2346,"2005-07-01",1,6.99,6.99
332,2491,"2005-07-01",1,2.99,2.99
332,2642,"2005-07-01",1,8.99,8.99
332,2711,"2005-08-01",1,0.99,0.99
332,2723,"2005-07-01",1,8.99,8.99
332,3029,"2005-07-01",1,2.99,2.99
332,3033,"2005-07-01",1,2.99,2.99
332,3043,"2005-07-01",1,7.99,7.99
332,3419,"2005-08-01",1,4.99,4.99
332,3669,"2005-07-01",1,6.99,6.99
332,3694,"2005-08-01",1,4.99,4.99
332,3811,"2005-08-01",1,3.99,3.99
332,4210,"2005-07-01",1,4.99,4.99
332,4377,"2005-07-01",1,6.99,6.99
333,657,"2005-07-01",1,0.99,0.99
333,756,"2005-08-01",1,4.99,4.99
333,995,"2005-07-01",1,4.99,4.99
333,1407,"2005-07-01",1,4.99,4.99
333,1482,"2005-07-01",1,10.99,10.99
333,1516,"2005-08-01",1,4.99,4.99
333,1526,"2005-08-01",1,4.99,4.99
333,1547,"2005-08-01",1,0.99,0.99
333,1586,"2005-07-01",1,1.99,1.99
333,1717,"2005-08-01",1,2.99,2.99
333,1759,"2005-08-01",1,6.99,6.99
333,1815,"2005-07-01",1,2.99,2.99
333,2003,"2005-07-01",1,0.99,0.99
333,2257,"2005-07-01",1,0.99,0.99
333,2587,"2005-08-01",1,4.99,4.99
333,2694,"2005-07-01",1,4.99,4.99
333,2794,"2005-07-01",1,4.99,4.99
333,2821,"2005-07-01",1,6.99,6.99
333,3599,"2005-07-01",1,0.99,0.99
333,4143,"2005-08-01",1,2.99,2.99
333,4237,"2005-08-01",1,3.99,3.99
333,4322,"2005-07-01",1,4.99,4.99
334,300,"2005-08-01",1,7.99,7.99
334,755,"2005-07-01",1,6.99,6.99
334,1141,"2005-07-01",1,2.99,2.99
334,1311,"2005-08-01",1,4.99,4.99
334,1542,"2005-08-01",1,3.99,3.99
334,1669,"2005-08-01",1,2.99,2.99
334,1704,"2005-08-01",1,7.99,7.99
334,2165,"2005-07-01",1,5.99,5.99
334,2350,"2005-08-01",1,0.99,0.99
334,2369,"2005-08-01",1,0.99,0.99
334,2388,"2005-08-01",1,4.99,4.99
334,2882,"2005-07-01",1,4.99,4.99
334,2895,"2005-07-01",1,4.99,4.99
334,2925,"2005-08-01",1,3.99,3.99
334,3134,"2005-07-01",1,2.99,2.99
334,3137,"2005-08-01",1,2.99,2.99
334,3718,"2006-02-01",1,0.99,0.99
334,3790,"2005-07-01",1,0.99,0.99
334,3827,"2005-07-01",1,4.99,4.99
334,3940,"2005-07-01",1,5.99,5.99
334,4095,"2005-07-01",1,4.99,4.99
334,4099,"2005-07-01",1,7.99,7.99
334,4144,"2005-08-01",1,4.99,4.99
334,4239,"2005-08-01",1,4.99,4.99
334,4415,"2005-08-01",1,1.99,1.99
335,81,"2005-08-01",1,4.99,4.99
335,333,"2005-07-01",1,5.99,5.99
335,542,"2005-07-01",1,0.99,0.99
335,550,"2005-08-01",1,0.99,0.99
335,581,"2005-07-01",1,4.99,4.99
335,591,"2005-07-01",1,8.99,8.99
335,636,"2005-07-01",1,2.99,2.99
335,683,"2005-08-01",1,0.99,0.99
335,1435,"2005-07-01",1,0.99,0.99
335,1948,"2005-07-01",1,0.99,0.99
335,2023,"2005-07-01",1,3.99,3.99
335,2026,"2006-02-01",1,0.99,0.99
335,2188,"2005-08-01",1,2.99,2.99
335,2581,"2005-07-01",1,0.99,0.99
335,2628,"2005-07-01",1,2.99,2.99
335,2897,"2005-08-01",1,4.99,4.99
335,2987,"2005-07-01",1,4.99,4.99
335,3318,"2005-07-01",1,0.99,0.99
335,3355,"2005-08-01",1,1.99,1.99
335,3946,"2005-07-01",1,7.99,7.99
335,4163,"2005-07-01",1,4.99,4.99
335,4388,"2005-07-01",1,2.99,2.99
336,23,"2005-08-01",1,3.99,3.99
336,127,"2005-07-01",1,8.99,8.99
336,294,"2005-08-01",1,2.99,2.99
336,683,"2005-07-01",1,0.99,0.99
336,760,"2005-07-01",1,2.99,2.99
336,819,"2005-08-01",1,4.99,4.99
336,1287,"2005-07-01",1,5.99,5.99
336,1349,"2005-07-01",1,2.99,2.99
336,1586,"2005-08-01",1,0.99,0.99
336,2141,"2005-08-01",1,2.99,2.99
336,2187,"2005-08-01",1,2.99,2.99
336,2266,"2006-02-01",1,0.99,0.99
336,2391,"2005-07-01",1,4.99,4.99
336,2725,"2005-07-01",1,0.99,0.99
336,2985,"2005-07-01",1,6.99,6.99
336,3223,"2005-07-01",1,6.99,6.99
336,3730,"2005-08-01",1,0.99,0.99
336,3970,"2005-08-01",1,10.99,10.99
336,3983,"2005-07-01",1,0.99,0.99
336,4107,"2005-08-01",1,8.99,8.99
336,4290,"2005-07-01",1,4.99,4.99
336,4432,"2005-07-01",1,4.99,4.99
337,484,"2005-08-01",1,6.99,6.99
337,566,"2005-08-01",1,0.99,0.99
337,832,"2005-08-01",1,4.99,4.99
337,981,"2005-07-01",1,4.99,4.99
337,1118,"2005-08-01",1,4.99,4.99
337,1146,"2005-07-01",1,4.99,4.99
337,1236,"2005-08-01",1,3.99,3.99
337,1534,"2005-07-01",1,4.99,4.99
337,1544,"2005-07-01",1,7.99,7.99
337,1559,"2005-07-01",1,4.99,4.99
337,1599,"2005-07-01",1,5.99,5.99
337,1784,"2006-02-01",1,0.99,0.99
337,1847,"2005-07-01",1,5.99,5.99
337,2362,"2005-07-01",1,2.99,2.99
337,2386,"2005-08-01",1,6.99,6.99
337,2410,"2005-08-01",1,2.99,2.99
337,2605,"2005-08-01",1,5.99,5.99
337,3072,"2005-08-01",1,4.99,4.99
337,3167,"2005-08-01",1,0.99,0.99
337,3876,"2005-07-01",1,2.99,2.99
337,3928,"2005-07-01",1,6.99,6.99
337,3962,"2005-07-01",1,0.99,0.99
337,4006,"2005-07-01",1,8.99,8.99
337,4063,"2005-08-01",1,3.99,3.99
338,291,"2005-08-01",1,0.99,0.99
338,385,"2005-07-01",1,0.99,0.99
338,434,"2005-07-01",1,2.99,2.99
338,1066,"2005-07-01",1,5.99,5.99
338,1321,"2005-07-01",1,4.99,4.99
338,1589,"2005-08-01",1,2.99,2.99
338,2054,"2005-08-01",1,5.99,5.99
338,2061,"2005-08-01",1,2.99,2.99
338,2128,"2005-08-01",1,3.99,3.99
338,2585,"2005-08-01",1,6.99,6.99
338,3012,"2005-08-01",1,4.99,4.99
338,3075,"2005-07-01",1,4.99,4.99
338,3085,"2005-08-01",1,2.99,2.99
338,3569,"2005-08-01",1,4.99,4.99
338,3722,"2005-07-01",1,7.99,7.99
338,3813,"2005-07-01",1,2.99,2.99
338,3888,"2005-07-01",1,0.99,0.99
338,3965,"2005-08-01",1,0.99,0.99
338,4026,"2005-07-01",1,4.99,4.99
338,4390,"2005-07-01",1,3.99,3.99
339,108,"2005-07-01",1,3.99,3.99
339,576,"2005-07-01",1,3.99,3.99
339,1081,"2005-08-01",1,0.99,0.99
339,1295,"2005-08-01",1,3.99,3.99
339,1329,"2005-07-01",1,2.99,2.99
339,1671,"2005-08-01",1,4.99,4.99
339,1790,"2005-07-01",1,6.99,6.99
339,1984,"2005-07-01",1,7.99,7.99
339,2099,"2005-07-01",1,4.99,4.99
339,2115,"2005-08-01",1,3.99,3.99
339,2280,"2005-07-01",1,0.99,0.99
339,2328,"2005-07-01",1,2.99,2.99
339,2372,"2005-08-01",1,3.99,3.99
339,2487,"2005-07-01",1,0.99,0.99
339,2729,"2005-08-01",1,5.99,5.99
339,2751,"2005-07-01",1,5.99,5.99
339,2782,"2005-08-01",1,0.99,0.99
339,2972,"2005-08-01",1,2.99,2.99
339,3117,"2005-08-01",1,4.99,4.99
339,3936,"2005-07-01",1,4.99,4.99
339,3997,"2005-08-01",1,5.99,5.99
339,4291,"2005-08-01",1,3.99,3.99
339,4466,"2005-07-01",1,0.99,0.99
339,4559,"2005-07-01",1,4.99,4.99
340,175,"2005-08-01",1,1.99,1.99
340,521,"2005-08-01",1,2.99,2.99
340,976,"2005-07-01",1,0.99,0.99
340,1167,"2005-08-01",1,0.99,0.99
340,1483,"2005-08-01",1,9.99,9.99
340,1962,"2005-08-01",1,3.99,3.99
340,2083,"2005-07-01",1,4.99,4.99
340,2222,"2005-08-01",1,2.99,2.99
340,2274,"2005-08-01",1,2.99,2.99
340,2292,"2005-07-01",1,2.99,2.99
340,2562,"2005-08-01",1,2.99,2.99
340,2584,"2005-07-01",1,4.99,4.99
340,2634,"2005-07-01",1,4.99,4.99
340,2891,"2005-08-01",1,0.99,0.99
340,2904,"2005-07-01",1,2.99,2.99
340,3022,"2005-07-01",1,0.99,0.99
340,3159,"2005-08-01",1,4.99,4.99
340,3466,"2005-07-01",1,2.99,2.99
340,3618,"2005-08-01",1,0.99,0.99
340,3937,"2005-08-01",1,8.99,8.99
340,4051,"2005-07-01",1,4.99,4.99
340,4288,"2005-08-01",1,4.99,4.99
340,4462,"2005-08-01",1,2.99,2.99
341,131,"2005-06-01",1,5.99,5.99
341,401,"2005-07-01",1,2.99,2.99
341,444,"2005-08-01",1,4.99,4.99
341,680,"2005-08-01",1,0.99,0.99
341,973,"2005-07-01",1,9.99,9.99
341,1144,"2005-07-01",1,4.99,4.99
341,1548,"2005-07-01",1,2.99,2.99
341,1562,"2005-08-01",1,4.99,4.99
341,1665,"2005-08-01",1,2.99,2.99
341,1690,"2005-08-01",1,6.99,6.99
341,1991,"2005-07-01",1,4.99,4.99
341,2047,"2005-06-01",1,2.99,2.99
341,2259,"2005-07-01",1,0.99,0.99
341,2507,"2005-06-01",1,7.99,7.99
341,2512,"2005-06-01",1,1.99,1.99
341,2569,"2005-06-01",1,7.99,7.99
341,2884,"2005-08-01",1,6.99,6.99
341,3168,"2005-08-01",1,0.99,0.99
341,3266,"2005-08-01",1,8.99,8.99
341,3409,"2005-07-01",1,2.99,2.99
341,3419,"2005-06-01",1,7.99,7.99
341,3810,"2005-08-01",1,0.99,0.99
342,141,"2005-07-01",1,8.99,8.99
342,183,"2005-08-01",1,0.99,0.99
342,236,"2005-07-01",1,2.99,2.99
342,417,"2005-07-01",1,0.99,0.99
342,530,"2005-07-01",1,2.99,2.99
342,642,"2005-08-01",1,4.99,4.99
342,748,"2005-08-01",1,0.99,0.99
342,806,"2005-07-01",1,5.99,5.99
342,1073,"2005-08-01",1,4.99,4.99
342,1097,"2005-08-01",1,4.99,4.99
342,1103,"2005-08-01",1,4.99,4.99
342,1481,"2005-07-01",1,7.99,7.99
342,1537,"2005-08-01",1,6.99,6.99
342,1745,"2005-07-01",1,0.99,0.99
342,1825,"2005-08-01",1,4.99,4.99
342,1927,"2005-08-01",1,2.99,2.99
342,2071,"2005-06-01",1,2.99,2.99
342,2089,"2005-08-01",1,2.99,2.99
342,2130,"2005-07-01",1,0.99,0.99
342,2275,"2005-08-01",1,3.99,3.99
342,2298,"2005-08-01",1,4.99,4.99
342,2324,"2005-07-01",1,0.99,0.99
342,2419,"2005-06-01",1,5.99,5.99
342,2613,"2005-08-01",1,2.99,2.99
342,3146,"2005-07-01",1,4.99,4.99
342,3850,"2005-08-01",1,8.99,8.99
342,4028,"2005-08-01",1,0.99,0.99
342,4051,"2005-08-01",1,4.99,4.99
342,4398,"2005-06-01",1,5.99,5.99
342,4434,"2005-07-01",1,2.99,2.99
342,4435,"2005-08-01",1,2.99,2.99
342,4485,"2005-07-01",1,4.99,4.99
343,78,"2005-06-01",1,6.99,6.99
343,145,"2005-06-01",1,6.99,6.99
343,310,"2005-06-01",1,8.99,8.99
343,1328,"2005-07-01",1,2.99,2.99
343,1513,"2005-07-01",1,5.99,5.99
343,2073,"2005-07-01",1,6.99,6.99
343,2089,"2005-07-01",1,7.99,7.99
343,2466,"2005-08-01",1,2.99,2.99
343,2472,"2005-08-01",1,4.99,4.99
343,2484,"2005-06-01",1,0.99,0.99
343,2590,"2005-07-01",1,9.99,9.99
343,2766,"2005-08-01",1,5.99,5.99
343,2909,"2005-06-01",1,4.99,4.99
343,2940,"2005-08-01",1,3.99,3.99
343,3105,"2005-07-01",1,5.99,5.99
343,3252,"2005-07-01",1,4.99,4.99
343,3432,"2005-08-01",1,0.99,0.99
343,3895,"2005-08-01",1,0.99,0.99
343,3919,"2005-06-01",1,0.99,0.99
343,3983,"2005-06-01",1,0.99,0.99
343,4007,"2005-08-01",1,0.99,0.99
343,4168,"2005-07-01",1,3.99,3.99
343,4341,"2005-07-01",1,5.99,5.99
344,4,"2005-08-01",1,0.99,0.99
344,434,"2005-08-01",1,5.99,5.99
344,452,"2005-07-01",1,4.99,4.99
344,1651,"2005-07-01",1,5.99,5.99
344,1682,"2005-08-01",1,3.99,3.99
344,1834,"2005-06-01",1,4.99,4.99
344,1906,"2005-08-01",1,2.99,2.99
344,1964,"2005-07-01",1,3.99,3.99
344,2207,"2005-07-01",1,2.99,2.99
344,3153,"2005-08-01",1,5.99,5.99
344,3363,"2005-06-01",1,3.99,3.99
344,3400,"2005-08-01",1,4.99,4.99
344,3622,"2005-08-01",1,0.99,0.99
344,3698,"2005-06-01",1,0.99,0.99
344,4167,"2005-07-01",1,5.99,5.99
344,4367,"2005-07-01",1,4.99,4.99
345,7,"2005-06-01",1,0.99,0.99
345,422,"2005-08-01",1,4.99,4.99
345,503,"2005-07-01",1,8.99,8.99
345,730,"2005-06-01",1,4.99,4.99
345,838,"2005-08-01",1,8.99,8.99
345,877,"2005-07-01",1,2.99,2.99
345,1252,"2005-07-01",1,4.99,4.99
345,1346,"2005-07-01",1,2.99,2.99
345,1433,"2005-07-01",1,6.99,6.99
345,1741,"2005-07-01",1,2.99,2.99
345,2003,"2005-06-01",1,0.99,0.99
345,2508,"2005-08-01",1,4.99,4.99
345,2546,"2005-07-01",1,2.99,2.99
345,2577,"2005-08-01",1,2.99,2.99
345,2964,"2005-08-01",1,4.99,4.99
345,2977,"2005-07-01",1,3.99,3.99
345,3421,"2005-06-01",1,4.99,4.99
345,3570,"2005-08-01",1,4.99,4.99
345,4029,"2005-07-01",1,7.99,7.99
345,4096,"2005-08-01",1,10.99,10.99
345,4562,"2005-07-01",1,4.99,4.99
346,70,"2005-07-01",1,5.99,5.99
346,149,"2005-08-01",1,5.99,5.99
346,205,"2005-07-01",1,4.99,4.99
346,403,"2005-07-01",1,0.99,0.99
346,517,"2005-08-01",1,5.99,5.99
346,643,"2005-07-01",1,4.99,4.99
346,662,"2005-08-01",1,0.99,0.99
346,999,"2005-07-01",1,2.99,2.99
346,1064,"2005-08-01",1,4.99,4.99
346,1143,"2005-07-01",1,8.99,8.99
346,1352,"2005-07-01",1,2.99,2.99
346,1433,"2005-07-01",1,4.99,4.99
346,1454,"2005-07-01",1,6.99,6.99
346,1538,"2005-08-01",1,5.99,5.99
346,1599,"2005-08-01",1,8.99,8.99
346,1732,"2005-08-01",1,0.99,0.99
346,2014,"2005-08-01",1,4.99,4.99
346,2058,"2005-08-01",1,2.99,2.99
346,2203,"2005-06-01",1,5.99,5.99
346,2354,"2005-07-01",1,8.99,8.99
346,2371,"2005-08-01",1,0.99,0.99
346,2379,"2005-08-01",1,2.99,2.99
346,2496,"2005-07-01",1,8.99,8.99
346,2914,"2005-07-01",1,6.99,6.99
346,3109,"2005-07-01",1,4.99,4.99
346,3290,"2005-07-01",1,4.99,4.99
346,3534,"2005-08-01",1,3.99,3.99
346,3930,"2005-06-01",1,2.99,2.99
346,4169,"2005-06-01",1,2.99,2.99
346,4427,"2005-07-01",1,4.99,4.99
347,273,"2005-06-01",1,8.99,8.99
347,384,"2005-07-01",1,0.99,0.99
347,537,"2005-07-01",1,4.99,4.99
347,723,"2005-07-01",1,3.99,3.99
347,828,"2005-07-01",1,2.99,2.99
347,943,"2005-08-01",1,2.99,2.99
347,1025,"2005-06-01",1,7.99,7.99
347,1613,"2005-07-01",1,1.99,1.99
347,1710,"2005-08-01",1,2.99,2.99
347,1869,"2005-08-01",1,4.99,4.99
347,2173,"2005-07-01",1,4.99,4.99
347,2367,"2005-07-01",1,4.99,4.99
347,2785,"2005-07-01",1,6.99,6.99
347,2899,"2005-08-01",1,5.99,5.99
347,3021,"2005-06-01",1,0.99,0.99
347,3042,"2005-08-01",1,8.99,8.99
347,3280,"2005-08-01",1,2.99,2.99
347,3439,"2005-07-01",1,2.99,2.99
347,3494,"2005-08-01",1,4.99,4.99
347,3500,"2005-07-01",1,4.99,4.99
347,3527,"2005-07-01",1,4.99,4.99
347,3533,"2005-07-01",1,2.99,2.99
347,3841,"2005-07-01",1,5.99,5.99
347,3891,"2005-07-01",1,0.99,0.99
347,3913,"2005-07-01",1,4.99,4.99
347,3950,"2005-08-01",1,10.99,10.99
347,4032,"2005-06-01",1,4.99,4.99
347,4086,"2005-07-01",1,0.99,0.99
347,4212,"2005-07-01",1,4.99,4.99
347,4344,"2005-06-01",1,8.99,8.99
348,71,"2005-08-01",1,2.99,2.99
348,263,"2005-08-01",1,2.99,2.99
348,276,"2005-07-01",1,4.99,4.99
348,485,"2005-07-01",1,6.99,6.99
348,598,"2005-08-01",1,0.99,0.99
348,782,"2005-06-01",1,8.99,8.99
348,985,"2005-08-01",1,2.99,2.99
348,988,"2005-07-01",1,2.99,2.99
348,1039,"2005-06-01",1,2.99,2.99
348,1098,"2005-08-01",1,7.99,7.99
348,1241,"2005-08-01",1,7.99,7.99
348,1434,"2005-08-01",1,1.99,1.99
348,1509,"2005-07-01",1,4.99,4.99
348,1928,"2005-08-01",1,2.99,2.99
348,2213,"2005-08-01",1,0.99,0.99
348,2398,"2005-07-01",1,2.99,2.99
348,2421,"2005-07-01",1,2.99,2.99
348,2462,"2005-07-01",1,0.99,0.99
348,2768,"2005-08-01",1,5.99,5.99
348,2805,"2005-08-01",1,5.99,5.99
348,3055,"2005-07-01",1,4.99,4.99
348,3149,"2005-07-01",1,4.99,4.99
348,3172,"2005-06-01",1,0.99,0.99
348,3178,"2005-07-01",1,0.99,0.99
348,3222,"2005-08-01",1,2.99,2.99
348,3528,"2005-08-01",1,3.99,3.99
348,3826,"2005-08-01",1,4.99,4.99
348,4099,"2005-07-01",1,9.99,9.99
348,4328,"2005-07-01",1,4.99,4.99
348,4340,"2005-07-01",1,4.99,4.99
348,4476,"2005-07-01",1,0.99,0.99
348,4511,"2005-07-01",1,8.99,8.99
348,4516,"2005-07-01",1,2.99,2.99
348,4559,"2005-08-01",1,4.99,4.99
349,102,"2005-08-01",1,4.99,4.99
349,112,"2006-02-01",1,2.99,2.99
349,253,"2005-07-01",1,2.99,2.99
349,681,"2005-06-01",1,0.99,0.99
349,801,"2005-08-01",1,6.99,6.99
349,826,"2005-07-01",1,2.99,2.99
349,898,"2005-07-01",1,3.99,3.99
349,968,"2005-08-01",1,4.99,4.99
349,1467,"2005-08-01",1,4.99,4.99
349,1531,"2005-06-01",1,6.99,6.99
349,1655,"2005-07-01",1,5.99,5.99
349,1998,"2005-08-01",1,4.99,4.99
349,2246,"2005-08-01",1,4.99,4.99
349,2247,"2005-08-01",1,5.99,5.99
349,2322,"2005-07-01",1,1.99,1.99
349,2339,"2005-08-01",1,6.99,6.99
349,2679,"2005-07-01",1,4.99,4.99
349,2725,"2005-08-01",1,3.99,3.99
349,3094,"2005-06-01",1,8.99,8.99
349,3709,"2005-07-01",1,5.99,5.99
349,3713,"2005-07-01",1,0.99,0.99
349,3740,"2005-07-01",1,4.99,4.99
349,3774,"2005-07-01",1,4.99,4.99
349,3812,"2005-06-01",1,2.99,2.99
349,4037,"2005-08-01",1,8.99,8.99
349,4157,"2005-07-01",1,4.99,4.99
349,4257,"2005-08-01",1,6.99,6.99
349,4346,"2005-07-01",1,0.99,0.99
350,127,"2005-08-01",1,6.99,6.99
350,466,"2005-08-01",1,6.99,6.99
350,653,"2005-07-01",1,4.99,4.99
350,734,"2005-06-01",1,3.99,3.99
350,1213,"2005-08-01",1,1.99,1.99
350,1222,"2005-08-01",1,6.99,6.99
350,1281,"2005-07-01",1,5.99,5.99
350,1378,"2005-07-01",1,0.99,0.99
350,1848,"2005-06-01",1,0.99,0.99
350,2008,"2005-07-01",1,3.99,3.99
350,2132,"2005-08-01",1,0.99,0.99
350,2135,"2005-06-01",1,2.99,2.99
350,2196,"2005-06-01",1,0.99,0.99
350,2284,"2005-08-01",1,0.99,0.99
350,2290,"2005-07-01",1,1.99,1.99
350,2705,"2005-08-01",1,0.99,0.99
350,3347,"2005-08-01",1,2.99,2.99
350,3572,"2005-07-01",1,2.99,2.99
350,3712,"2005-08-01",1,0.99,0.99
350,3744,"2005-07-01",1,2.99,2.99
350,4316,"2005-07-01",1,0.99,0.99
351,54,"2005-07-01",1,0.99,0.99
351,203,"2005-07-01",1,7.99,7.99
351,687,"2005-06-01",1,2.99,2.99
351,871,"2005-06-01",1,0.99,0.99
351,887,"2005-08-01",1,2.99,2.99
351,1106,"2005-08-01",1,0.99,0.99
351,1148,"2005-07-01",1,2.99,2.99
351,1177,"2005-07-01",1,0.99,0.99
351,1187,"2005-07-01",1,3.99,3.99
351,1337,"2005-08-01",1,4.99,4.99
351,1792,"2005-08-01",1,2.99,2.99
351,1882,"2005-08-01",1,2.99,2.99
351,2029,"2005-08-01",1,4.99,4.99
351,2063,"2005-08-01",1,6.99,6.99
351,2798,"2005-07-01",1,4.99,4.99
351,3068,"2005-07-01",1,1.99,1.99
351,3556,"2005-07-01",1,5.99,5.99
351,3800,"2005-06-01",1,5.99,5.99
351,4089,"2005-07-01",1,5.99,5.99
351,4132,"2005-07-01",1,4.99,4.99
351,4401,"2005-07-01",1,3.99,3.99
351,4471,"2005-07-01",1,0.99,0.99
351,4578,"2005-07-01",1,4.99,4.99
352,38,"2005-07-01",1,5.99,5.99
352,146,"2005-06-01",1,4.99,4.99
352,237,"2005-07-01",1,2.99,2.99
352,390,"2005-06-01",1,4.99,4.99
352,501,"2005-07-01",1,4.99,4.99
352,666,"2005-07-01",1,4.99,4.99
352,883,"2005-07-01",1,0.99,0.99
352,1343,"2005-07-01",1,6.99,6.99
352,1610,"2005-08-01",1,0.99,0.99
352,1856,"2005-06-01",1,4.99,4.99
352,1955,"2005-08-01",1,5.99,5.99
352,2262,"2005-08-01",1,0.99,0.99
352,2626,"2005-08-01",1,6.99,6.99
352,2763,"2005-07-01",1,5.99,5.99
352,2791,"2005-08-01",1,2.99,2.99
352,2803,"2005-07-01",1,2.99,2.99
352,2913,"2005-06-01",1,4.99,4.99
352,3454,"2005-07-01",1,7.99,7.99
352,3690,"2005-06-01",1,0.99,0.99
352,3823,"2005-08-01",1,5.99,5.99
352,3859,"2005-08-01",1,4.99,4.99
352,4301,"2006-02-01",1,2.99,2.99
353,458,"2005-07-01",1,1.99,1.99
353,645,"2005-07-01",1,3.99,3.99
353,733,"2005-08-01",1,0.99,0.99
353,1268,"2005-08-01",1,1.99,1.99
353,1772,"2005-08-01",1,4.99,4.99
353,2360,"2005-07-01",1,2.99,2.99
353,2447,"2005-08-01",1,0.99,0.99
353,2926,"2005-07-01",1,3.99,3.99
353,3140,"2005-06-01",1,2.99,2.99
353,3164,"2005-07-01",1,5.99,5.99
353,3454,"2005-06-01",1,7.99,7.99
353,3542,"2005-06-01",1,6.99,6.99
353,3855,"2005-08-01",1,4.99,4.99
353,3874,"2005-08-01",1,2.99,2.99
353,3946,"2005-08-01",1,4.99,4.99
353,4352,"2005-08-01",1,0.99,0.99
353,4531,"2005-08-01",1,5.99,5.99
354,278,"2005-07-01",1,5.99,5.99
354,848,"2005-06-01",1,0.99,0.99
354,951,"2005-07-01",1,4.99,4.99
354,975,"2005-08-01",1,0.99,0.99
354,1016,"2005-07-01",1,0.99,0.99
354,1176,"2005-07-01",1,0.99,0.99
354,1222,"2005-06-01",1,6.99,6.99
354,1240,"2005-08-01",1,5.99,5.99
354,1261,"2005-07-01",1,2.99,2.99
354,1276,"2005-07-01",1,0.99,0.99
354,1351,"2005-07-01",1,2.99,2.99
354,1666,"2005-07-01",1,0.99,0.99
354,1715,"2005-07-01",1,2.99,2.99
354,1783,"2005-07-01",1,0.99,0.99
354,1829,"2005-08-01",1,6.99,6.99
354,1875,"2005-07-01",1,4.99,4.99
354,2301,"2005-08-01",1,4.99,4.99
354,2433,"2005-07-01",1,0.99,0.99
354,2763,"2005-08-01",1,0.99,0.99
354,2805,"2005-06-01",1,4.99,4.99
354,2813,"2005-07-01",1,5.99,5.99
354,3151,"2005-07-01",1,3.99,3.99
354,3474,"2005-06-01",1,2.99,2.99
354,3490,"2005-08-01",1,6.99,6.99
354,3492,"2005-07-01",1,4.99,4.99
354,3571,"2005-07-01",1,8.99,8.99
354,3783,"2005-08-01",1,3.99,3.99
354,3997,"2005-07-01",1,4.99,4.99
354,4098,"2006-02-01",1,0.00,0.00
354,4193,"2006-02-01",1,7.98,7.98
354,4385,"2005-07-01",1,2.99,2.99
354,4483,"2005-07-01",1,4.99,4.99
354,4540,"2005-08-01",1,2.99,2.99
355,27,"2005-07-01",1,5.99,5.99
355,160,"2005-08-01",1,3.99,3.99
355,196,"2005-07-01",1,5.99,5.99
355,285,"2005-07-01",1,0.99,0.99
355,1081,"2005-06-01",1,0.99,0.99
355,1367,"2006-02-01",1,0.99,0.99
355,1420,"2005-07-01",1,4.99,4.99
355,1665,"2005-07-01",1,6.99,6.99
355,2402,"2005-08-01",1,1.99,1.99
355,2410,"2005-08-01",1,2.99,2.99
355,2672,"2005-08-01",1,0.99,0.99
355,2692,"2005-07-01",1,5.99,5.99
355,2720,"2005-07-01",1,4.99,4.99
355,3025,"2005-06-01",1,2.99,2.99
355,3081,"2005-07-01",1,1.99,1.99
355,3378,"2005-08-01",1,0.99,0.99
355,4136,"2005-07-01",1,6.99,6.99
355,4514,"2005-07-01",1,4.99,4.99
355,4539,"2005-07-01",1,2.99,2.99
356,718,"2005-07-01",1,0.99,0.99
356,766,"2005-08-01",1,4.99,4.99
356,803,"2005-08-01",1,2.99,2.99
356,809,"2005-06-01",1,0.99,0.99
356,891,"2005-07-01",1,3.99,3.99
356,936,"2005-08-01",1,4.99,4.99
356,937,"2005-06-01",1,4.99,4.99
356,1308,"2005-08-01",1,2.99,2.99
356,1649,"2005-08-01",1,3.99,3.99
356,1767,"2005-07-01",1,3.99,3.99
356,2098,"2005-07-01",1,4.99,4.99
356,2296,"2005-08-01",1,6.99,6.99
356,2306,"2005-08-01",1,5.99,5.99
356,2432,"2005-08-01",1,5.99,5.99
356,2558,"2005-07-01",1,0.99,0.99
356,2978,"2005-08-01",1,3.99,3.99
356,3066,"2005-07-01",1,0.99,0.99
356,3288,"2005-07-01",1,5.99,5.99
356,3295,"2005-08-01",1,4.99,4.99
356,3441,"2005-07-01",1,4.99,4.99
356,3604,"2005-06-01",1,2.99,2.99
356,3719,"2005-08-01",1,0.99,0.99
356,3833,"2005-07-01",1,4.99,4.99
356,3870,"2005-08-01",1,4.99,4.99
356,4126,"2005-07-01",1,6.99,6.99
356,4256,"2005-08-01",1,2.99,2.99
356,4286,"2005-07-01",1,6.99,6.99
356,4333,"2005-07-01",1,1.99,1.99
356,4356,"2005-07-01",1,2.99,2.99
357,431,"2005-06-01",1,5.99,5.99
357,461,"2005-07-01",1,5.99,5.99
357,731,"2005-07-01",1,0.99,0.99
357,763,"2005-07-01",1,2.99,2.99
357,1187,"2005-07-01",1,2.99,2.99
357,1308,"2005-07-01",1,2.99,2.99
357,1344,"2005-08-01",1,2.99,2.99
357,1465,"2005-07-01",1,4.99,4.99
357,1764,"2005-07-01",1,0.99,0.99
357,1823,"2005-08-01",1,6.99,6.99
357,2203,"2005-08-01",1,2.99,2.99
357,2226,"2005-08-01",1,2.99,2.99
357,2320,"2005-07-01",1,3.99,3.99
357,2440,"2005-06-01",1,6.99,6.99
357,2448,"2005-08-01",1,0.99,0.99
357,2870,"2005-06-01",1,1.99,1.99
357,3193,"2005-08-01",1,2.99,2.99
357,3235,"2005-07-01",1,8.99,8.99
357,3579,"2005-07-01",1,3.99,3.99
357,3794,"2005-06-01",1,1.99,1.99
357,3808,"2005-08-01",1,0.99,0.99
357,3900,"2005-07-01",1,0.99,0.99
357,3983,"2005-07-01",1,2.99,2.99
358,48,"2005-08-01",1,4.99,4.99
358,399,"2005-06-01",1,0.99,0.99
358,774,"2005-07-01",1,2.99,2.99
358,1248,"2005-07-01",1,0.99,0.99
358,1540,"2005-06-01",1,2.99,2.99
358,2036,"2005-08-01",1,2.99,2.99
358,2057,"2005-06-01",1,2.99,2.99
358,2194,"2005-06-01",1,2.99,2.99
358,2473,"2005-07-01",1,2.99,2.99
358,2780,"2005-07-01",1,0.99,0.99
358,2932,"2005-07-01",1,2.99,2.99
358,3190,"2005-08-01",1,2.99,2.99
358,3206,"2005-07-01",1,5.99,5.99
358,3254,"2005-08-01",1,5.99,5.99
358,3445,"2005-08-01",1,7.99,7.99
358,3541,"2005-06-01",1,5.99,5.99
358,3786,"2005-06-01",1,2.99,2.99
358,4259,"2005-07-01",1,2.99,2.99
358,4260,"2005-08-01",1,6.99,6.99
358,4475,"2005-08-01",1,4.99,4.99
359,2,"2005-08-01",1,1.99,1.99
359,85,"2005-06-01",1,0.99,0.99
359,237,"2005-07-01",1,0.99,0.99
359,465,"2005-07-01",1,4.99,4.99
359,604,"2006-02-01",1,4.99,4.99
359,752,"2005-08-01",1,1.99,1.99
359,1113,"2005-08-01",1,5.99,5.99
359,1119,"2005-08-01",1,4.99,4.99
359,1150,"2005-07-01",1,7.99,7.99
359,1154,"2005-06-01",1,4.99,4.99
359,1681,"2005-06-01",1,1.99,1.99
359,1925,"2005-08-01",1,1.99,1.99
359,2151,"2005-07-01",1,4.99,4.99
359,2421,"2005-07-01",1,2.99,2.99
359,2459,"2005-07-01",1,5.99,5.99
359,2555,"2005-07-01",1,0.99,0.99
359,3040,"2005-07-01",1,9.99,9.99
359,3620,"2005-07-01",1,0.99,0.99
359,3704,"2005-08-01",1,4.99,4.99
359,3818,"2005-08-01",1,2.99,2.99
359,4510,"2005-06-01",1,4.99,4.99
359,4550,"2005-08-01",1,2.99,2.99
360,85,"2005-07-01",1,1.99,1.99
360,113,"2005-07-01",1,2.99,2.99
360,129,"2005-06-01",1,3.99,3.99
360,1009,"2005-07-01",1,4.99,4.99
360,1061,"2005-07-01",1,2.99,2.99
360,1273,"2005-07-01",1,0.99,0.99
360,1513,"2005-06-01",1,6.99,6.99
360,1737,"2005-07-01",1,2.99,2.99
360,1754,"2005-08-01",1,5.99,5.99
360,1825,"2005-08-01",1,4.99,4.99
360,1858,"2005-07-01",1,4.99,4.99
360,1970,"2005-08-01",1,6.99,6.99
360,2080,"2005-07-01",1,5.99,5.99
360,2220,"2005-07-01",1,7.99,7.99
360,2546,"2005-08-01",1,2.99,2.99
360,2619,"2005-07-01",1,0.99,0.99
360,2649,"2005-08-01",1,7.99,7.99
360,2745,"2005-08-01",1,0.99,0.99
360,2833,"2005-06-01",1,6.99,6.99
360,2961,"2005-08-01",1,2.99,2.99
360,3003,"2005-07-01",1,2.99,2.99
360,3317,"2005-08-01",1,4.99,4.99
360,3404,"2005-07-01",1,2.99,2.99
360,3420,"2005-08-01",1,6.99,6.99
360,3446,"2005-08-01",1,4.99,4.99
360,3646,"2005-07-01",1,3.99,3.99
360,4033,"2005-07-01",1,9.99,9.99
360,4148,"2005-06-01",1,0.99,0.99
360,4211,"2005-07-01",1,4.99,4.99
360,4262,"2005-07-01",1,3.99,3.99
360,4357,"2005-07-01",1,3.99,3.99
360,4390,"2005-08-01",1,5.99,5.99
361,440,"2005-08-01",1,0.99,0.99
361,496,"2005-07-01",1,1.99,1.99
361,560,"2005-07-01",1,0.99,0.99
361,773,"2005-08-01",1,2.99,2.99
361,901,"2005-07-01",1,0.99,0.99
361,907,"2005-08-01",1,2.99,2.99
361,940,"2005-08-01",1,3.99,3.99
361,1205,"2005-08-01",1,5.99,5.99
361,1271,"2005-08-01",1,0.99,0.99
361,1341,"2005-08-01",1,6.99,6.99
361,1382,"2005-08-01",1,0.99,0.99
361,1565,"2005-06-01",1,2.99,2.99
361,1585,"2005-08-01",1,0.99,0.99
361,1800,"2006-02-01",1,0.00,0.00
361,2133,"2006-02-01",1,3.98,3.98
361,2168,"2005-06-01",1,2.99,2.99
361,2486,"2005-07-01",1,2.99,2.99
361,2511,"2005-07-01",1,1.99,1.99
361,2517,"2005-08-01",1,5.99,5.99
361,2616,"2005-08-01",1,0.99,0.99
361,2920,"2005-06-01",1,1.99,1.99
361,3223,"2005-06-01",1,4.99,4.99
361,3256,"2005-07-01",1,2.99,2.99
361,3515,"2005-07-01",1,4.99,4.99
361,3574,"2005-08-01",1,2.99,2.99
361,3785,"2005-07-01",1,2.99,2.99
361,4184,"2005-07-01",1,4.99,4.99
361,4230,"2005-08-01",1,5.99,5.99
361,4442,"2005-07-01",1,4.99,4.99
362,154,"2005-07-01",1,4.99,4.99
362,339,"2005-07-01",1,4.99,4.99
362,618,"2005-07-01",1,8.99,8.99
362,631,"2005-07-01",1,2.99,2.99
362,635,"2005-08-01",1,2.99,2.99
362,932,"2005-07-01",1,2.99,2.99
362,937,"2005-08-01",1,6.99,6.99
362,1252,"2005-08-01",1,5.99,5.99
362,1326,"2005-07-01",1,5.99,5.99
362,1361,"2005-07-01",1,4.99,4.99
362,1589,"2005-08-01",1,3.99,3.99
362,1631,"2005-06-01",1,2.99,2.99
362,1657,"2005-08-01",1,4.99,4.99
362,1688,"2005-06-01",1,2.99,2.99
362,1811,"2005-06-01",1,2.99,2.99
362,1862,"2005-07-01",1,4.99,4.99
362,2258,"2005-07-01",1,1.99,1.99
362,2405,"2005-07-01",1,1.99,1.99
362,2572,"2005-07-01",1,4.99,4.99
362,2761,"2005-07-01",1,4.99,4.99
362,3166,"2005-08-01",1,4.99,4.99
362,3572,"2005-08-01",1,2.99,2.99
362,3758,"2005-07-01",1,0.99,0.99
362,3871,"2005-08-01",1,11.99,11.99
362,3894,"2005-06-01",1,2.99,2.99
362,4012,"2005-08-01",1,6.99,6.99
362,4116,"2005-06-01",1,2.99,2.99
362,4404,"2005-07-01",1,2.99,2.99
362,4441,"2005-08-01",1,4.99,4.99
362,4547,"2005-07-01",1,2.99,2.99
362,4577,"2005-08-01",1,6.99,6.99
363,398,"2005-07-01",1,4.99,4.99
363,502,"2005-07-01",1,6.99,6.99
363,615,"2005-08-01",1,6.99,6.99
363,623,"2005-07-01",1,2.99,2.99
363,742,"2005-07-01",1,3.99,3.99
363,1088,"2005-08-01",1,4.99,4.99
363,1189,"2005-06-01",1,4.99,4.99
363,1593,"2005-08-01",1,4.99,4.99
363,1764,"2005-08-01",1,5.99,5.99
363,2170,"2005-07-01",1,3.99,3.99
363,2229,"2005-07-01",1,2.99,2.99
363,2300,"2005-07-01",1,8.99,8.99
363,2428,"2005-07-01",1,4.99,4.99
363,2666,"2005-07-01",1,4.99,4.99
363,2749,"2005-07-01",1,4.99,4.99
363,2767,"2005-08-01",1,2.99,2.99
363,3005,"2005-08-01",1,9.99,9.99
363,3579,"2005-08-01",1,5.99,5.99
363,3636,"2005-07-01",1,3.99,3.99
363,3927,"2005-06-01",1,4.99,4.99
363,3935,"2005-07-01",1,4.99,4.99
363,4006,"2005-06-01",1,2.99,2.99
363,4188,"2005-08-01",1,4.99,4.99
363,4268,"2005-07-01",1,4.99,4.99
363,4275,"2005-07-01",1,2.99,2.99
363,4305,"2005-06-01",1,4.99,4.99
363,4412,"2005-06-01",1,4.99,4.99
363,4461,"2005-07-01",1,2.99,2.99
364,151,"2005-08-01",1,4.99,4.99
364,250,"2005-07-01",1,2.99,2.99
364,270,"2005-07-01",1,10.99,10.99
364,313,"2005-08-01",1,4.99,4.99
364,1705,"2005-07-01",1,4.99,4.99
364,1731,"2005-08-01",1,0.99,0.99
364,1747,"2005-08-01",1,3.99,3.99
364,2106,"2005-08-01",1,0.99,0.99
364,2142,"2005-06-01",1,2.99,2.99
364,2519,"2005-07-01",1,4.99,4.99
364,2684,"2005-08-01",1,1.99,1.99
364,2886,"2005-06-01",1,4.99,4.99
364,2978,"2005-06-01",1,3.99,3.99
364,3475,"2005-07-01",1,0.99,0.99
364,3555,"2005-08-01",1,4.99,4.99
364,3829,"2005-08-01",1,4.99,4.99
364,3861,"2005-07-01",1,4.99,4.99
364,4045,"2005-06-01",1,2.99,2.99
364,4133,"2005-06-01",1,4.99,4.99
364,4151,"2005-07-01",1,0.99,0.99
364,4320,"2005-07-01",1,4.99,4.99
364,4542,"2005-08-01",1,5.99,5.99
365,51,"2005-07-01",1,4.99,4.99
365,147,"2005-08-01",1,8.99,8.99
365,554,"2005-07-01",1,7.99,7.99
365,627,"2005-07-01",1,2.99,2.99
365,822,"2005-07-01",1,4.99,4.99
365,1068,"2005-08-01",1,2.99,2.99
365,1120,"2005-07-01",1,4.99,4.99
365,1307,"2005-06-01",1,2.99,2.99
365,1403,"2005-08-01",1,6.99,6.99
365,1955,"2005-06-01",1,4.99,4.99
365,2001,"2005-06-01",1,1.99,1.99
365,2200,"2005-07-01",1,2.99,2.99
365,2217,"2005-06-01",1,0.99,0.99
365,2934,"2005-08-01",1,2.99,2.99
365,2942,"2005-07-01",1,3.99,3.99
365,3397,"2005-06-01",1,6.99,6.99
365,3508,"2005-08-01",1,4.99,4.99
365,4151,"2005-07-01",1,1.99,1.99
365,4235,"2005-08-01",1,2.99,2.99
365,4379,"2005-07-01",1,4.99,4.99
365,4487,"2005-07-01",1,4.99,4.99
366,9,"2006-02-01",1,4.99,4.99
366,153,"2005-08-01",1,6.99,6.99
366,221,"2005-07-01",1,2.99,2.99
366,599,"2005-08-01",1,0.99,0.99
366,624,"2005-08-01",1,4.99,4.99
366,706,"2005-07-01",1,2.99,2.99
366,790,"2005-08-01",1,4.99,4.99
366,1197,"2005-07-01",1,5.99,5.99
366,1297,"2005-08-01",1,2.99,2.99
366,1311,"2005-07-01",1,6.99,6.99
366,1403,"2005-08-01",1,5.99,5.99
366,1476,"2005-08-01",1,4.99,4.99
366,1714,"2005-07-01",1,1.99,1.99
366,2430,"2005-06-01",1,0.99,0.99
366,2516,"2005-07-01",1,4.99,4.99
366,2542,"2005-08-01",1,2.99,2.99
366,2583,"2005-07-01",1,4.99,4.99
366,2622,"2005-08-01",1,4.99,4.99
366,2746,"2005-07-01",1,0.99,0.99
366,2824,"2005-08-01",1,2.99,2.99
366,2925,"2005-07-01",1,5.99,5.99
366,3001,"2005-07-01",1,2.99,2.99
366,3204,"2005-07-01",1,6.99,6.99
366,3376,"2005-07-01",1,0.99,0.99
366,3428,"2005-08-01",1,2.99,2.99
366,3466,"2005-08-01",1,2.99,2.99
366,3493,"2005-07-01",1,4.99,4.99
366,3839,"2005-08-01",1,2.99,2.99
366,3853,"2005-07-01",1,6.99,6.99
366,3951,"2005-08-01",1,2.99,2.99
366,3989,"2005-07-01",1,4.99,4.99
366,4081,"2005-06-01",1,1.99,1.99
366,4086,"2005-07-01",1,4.99,4.99
366,4249,"2005-07-01",1,1.99,1.99
366,4409,"2005-07-01",1,6.99,6.99
366,4417,"2005-07-01",1,2.99,2.99
367,50,"2005-08-01",1,6.99,6.99
367,252,"2005-07-01",1,2.99,2.99
367,777,"2005-08-01",1,8.99,8.99
367,1444,"2005-07-01",1,5.99,5.99
367,1529,"2005-07-01",1,4.99,4.99
367,1770,"2005-08-01",1,6.99,6.99
367,1943,"2005-07-01",1,0.99,0.99
367,2119,"2005-07-01",1,4.99,4.99
367,2237,"2005-07-01",1,3.99,3.99
367,2281,"2005-07-01",1,2.99,2.99
367,2783,"2005-07-01",1,0.99,0.99
367,2797,"2005-08-01",1,4.99,4.99
367,3044,"2005-07-01",1,4.99,4.99
367,3119,"2005-07-01",1,4.99,4.99
367,3131,"2005-08-01",1,0.99,0.99
367,3541,"2005-07-01",1,8.99,8.99
367,3642,"2005-06-01",1,0.99,0.99
367,3673,"2005-08-01",1,4.99,4.99
367,3902,"2005-08-01",1,4.99,4.99
367,4099,"2005-08-01",1,10.99,10.99
368,218,"2005-08-01",1,2.99,2.99
368,380,"2005-06-01",1,4.99,4.99
368,768,"2005-06-01",1,4.99,4.99
368,854,"2005-07-01",1,2.99,2.99
368,971,"2005-08-01",1,7.99,7.99
368,982,"2005-07-01",1,8.99,8.99
368,999,"2005-08-01",1,2.99,2.99
368,1173,"2005-06-01",1,9.99,9.99
368,1285,"2005-08-01",1,4.99,4.99
368,1556,"2005-06-01",1,0.99,0.99
368,1793,"2005-08-01",1,8.99,8.99
368,1975,"2005-07-01",1,0.99,0.99
368,2022,"2005-07-01",1,4.99,4.99
368,2320,"2005-06-01",1,4.99,4.99
368,2322,"2005-07-01",1,0.99,0.99
368,2630,"2005-08-01",1,1.99,1.99
368,2708,"2005-08-01",1,0.99,0.99
368,2717,"2005-07-01",1,5.99,5.99
368,3095,"2005-07-01",1,4.99,4.99
368,3427,"2005-07-01",1,0.99,0.99
368,3444,"2005-08-01",1,8.99,8.99
368,3470,"2005-08-01",1,2.99,2.99
368,3541,"2005-07-01",1,2.99,2.99
368,3791,"2005-08-01",1,0.99,0.99
368,3850,"2005-07-01",1,4.99,4.99
368,3910,"2005-07-01",1,5.99,5.99
368,3937,"2005-08-01",1,7.99,7.99
368,4145,"2005-08-01",1,1.99,1.99
368,4236,"2005-08-01",1,2.99,2.99
368,4243,"2005-07-01",1,6.99,6.99
368,4511,"2005-06-01",1,4.99,4.99
369,32,"2005-08-01",1,4.99,4.99
369,259,"2005-08-01",1,3.99,3.99
369,477,"2005-08-01",1,1.99,1.99
369,490,"2005-07-01",1,0.99,0.99
369,956,"2005-07-01",1,0.99,0.99
369,1022,"2005-08-01",1,0.99,0.99
369,1048,"2005-07-01",1,2.99,2.99
369,1125,"2005-08-01",1,0.99,0.99
369,1572,"2005-06-01",1,0.99,0.99
369,1800,"2005-07-01",1,2.99,2.99
369,1850,"2005-07-01",1,4.99,4.99
369,1901,"2005-07-01",1,2.99,2.99
369,1939,"2005-07-01",1,4.99,4.99
369,2030,"2005-08-01",1,2.99,2.99
369,2979,"2005-07-01",1,1.99,1.99
369,3041,"2005-07-01",1,6.99,6.99
369,3182,"2005-07-01",1,7.99,7.99
369,3593,"2005-08-01",1,5.99,5.99
369,3614,"2005-07-01",1,2.99,2.99
369,4007,"2006-02-01",1,0.99,0.99
369,4448,"2005-07-01",1,4.99,4.99
370,49,"2005-07-01",1,7.99,7.99
370,640,"2005-08-01",1,4.99,4.99
370,1091,"2005-08-01",1,4.99,4.99
370,1130,"2005-08-01",1,3.99,3.99
370,1379,"2005-07-01",1,0.99,0.99
370,1441,"2005-08-01",1,0.99,0.99
370,1600,"2005-08-01",1,4.99,4.99
370,1662,"2005-07-01",1,0.99,0.99
370,1947,"2005-07-01",1,0.99,0.99
370,1952,"2005-08-01",1,0.99,0.99
370,2338,"2005-07-01",1,7.99,7.99
370,2572,"2005-06-01",1,6.99,6.99
370,2920,"2005-08-01",1,5.99,5.99
370,2959,"2005-08-01",1,2.99,2.99
370,3385,"2005-08-01",1,1.99,1.99
370,3507,"2005-07-01",1,6.99,6.99
370,3771,"2005-08-01",1,3.99,3.99
370,4062,"2005-07-01",1,0.99,0.99
370,4180,"2005-07-01",1,0.99,0.99
371,82,"2005-07-01",1,1.99,1.99
371,102,"2005-07-01",1,8.99,8.99
371,133,"2005-07-01",1,0.99,0.99
371,239,"2005-06-01",1,1.99,1.99
371,417,"2005-06-01",1,0.99,0.99
371,552,"2005-08-01",1,10.99,10.99
371,625,"2005-07-01",1,3.99,3.99
371,1114,"2005-07-01",1,0.99,0.99
371,1258,"2005-07-01",1,4.99,4.99
371,1655,"2005-08-01",1,3.99,3.99
371,1687,"2005-07-01",1,0.99,0.99
371,1818,"2005-08-01",1,4.99,4.99
371,1872,"2005-08-01",1,9.99,9.99
371,1982,"2005-06-01",1,3.99,3.99
371,1986,"2005-07-01",1,2.99,2.99
371,2099,"2005-07-01",1,4.99,4.99
371,2165,"2005-08-01",1,2.99,2.99
371,2402,"2005-07-01",1,1.99,1.99
371,2429,"2005-08-01",1,2.99,2.99
371,2744,"2005-06-01",1,0.99,0.99
371,2753,"2005-08-01",1,4.99,4.99
371,2933,"2005-08-01",1,2.99,2.99
371,3048,"2005-06-01",1,5.99,5.99
371,3055,"2005-07-01",1,8.99,8.99
371,3132,"2005-08-01",1,0.99,0.99
371,3592,"2005-07-01",1,4.99,4.99
371,3611,"2005-06-01",1,2.99,2.99
371,4487,"2005-08-01",1,7.99,7.99
371,4536,"2005-06-01",1,6.99,6.99
372,42,"2005-07-01",1,8.99,8.99
372,170,"2005-08-01",1,2.99,2.99
372,300,"2005-08-01",1,4.99,4.99
372,337,"2005-07-01",1,7.99,7.99
372,868,"2005-08-01",1,3.99,3.99
372,898,"2005-07-01",1,0.99,0.99
372,908,"2005-07-01",1,2.99,2.99
372,1040,"2005-08-01",1,3.99,3.99
372,1330,"2005-07-01",1,4.99,4.99
372,1449,"2005-07-01",1,0.99,0.99
372,1498,"2005-07-01",1,2.99,2.99
372,1781,"2005-08-01",1,0.99,0.99
372,1913,"2005-08-01",1,0.99,0.99
372,2569,"2005-08-01",1,4.99,4.99
372,2611,"2005-07-01",1,2.99,2.99
372,2639,"2005-07-01",1,7.99,7.99
372,2641,"2005-08-01",1,10.99,10.99
372,2766,"2005-06-01",1,2.99,2.99
372,2837,"2005-07-01",1,4.99,4.99
372,2977,"2005-08-01",1,1.99,1.99
372,3128,"2005-08-01",1,2.99,2.99
372,3206,"2005-08-01",1,8.99,8.99
372,3264,"2005-08-01",1,4.99,4.99
372,3647,"2005-07-01",1,5.99,5.99
372,3655,"2005-08-01",1,9.99,9.99
372,3770,"2005-07-01",1,2.99,2.99
372,3873,"2005-07-01",1,5.99,5.99
372,3949,"2005-07-01",1,4.99,4.99
372,3979,"2005-07-01",1,6.99,6.99
372,3988,"2005-06-01",1,3.99,3.99
372,4185,"2005-06-01",1,4.99,4.99
372,4472,"2005-07-01",1,4.99,4.99
373,54,"2005-08-01",1,0.99,0.99
373,191,"2005-08-01",1,5.99,5.99
373,345,"2005-07-01",1,8.99,8.99
373,447,"2005-07-01",1,4.99,4.99
373,498,"2005-08-01",1,3.99,3.99
373,597,"2005-07-01",1,0.99,0.99
373,610,"2005-07-01",1,3.99,3.99
373,696,"2005-08-01",1,2.99,2.99
373,867,"2005-07-01",1,0.99,0.99
373,1064,"2005-07-01",1,2.99,2.99
373,1168,"2005-07-01",1,4.99,4.99
373,1248,"2005-08-01",1,7.99,7.99
373,1326,"2005-06-01",1,2.99,2.99
373,1424,"2005-07-01",1,3.99,3.99
373,1550,"2005-07-01",1,4.99,4.99
373,1789,"2005-07-01",1,0.99,0.99
373,2343,"2005-08-01",1,5.99,5.99
373,2655,"2005-07-01",1,6.99,6.99
373,3051,"2005-08-01",1,4.99,4.99
373,3136,"2005-08-01",1,3.99,3.99
373,3249,"2005-08-01",1,7.99,7.99
373,3268,"2005-08-01",1,3.99,3.99
373,3678,"2005-08-01",1,6.99,6.99
373,3728,"2005-07-01",1,7.99,7.99
373,3748,"2005-08-01",1,5.99,5.99
373,3752,"2005-07-01",1,3.99,3.99
373,3798,"2005-08-01",1,3.99,3.99
373,3884,"2005-07-01",1,0.99,0.99
373,4137,"2005-07-01",1,4.99,4.99
373,4213,"2005-08-01",1,7.99,7.99
373,4233,"2005-06-01",1,6.99,6.99
373,4385,"2005-08-01",1,2.99,2.99
373,4431,"2005-07-01",1,5.99,5.99
373,4568,"2006-02-01",1,0.99,0.99
374,115,"2005-07-01",1,0.99,0.99
374,231,"2005-06-01",1,2.99,2.99
374,378,"2005-07-01",1,3.99,3.99
374,427,"2005-07-01",1,2.99,2.99
374,601,"2005-07-01",1,4.99,4.99
374,608,"2005-07-01",1,0.99,0.99
374,872,"2005-06-01",1,1.99,1.99
374,1000,"2005-08-01",1,2.99,2.99
374,1047,"2005-07-01",1,1.99,1.99
374,1065,"2005-08-01",1,5.99,5.99
374,1453,"2005-08-01",1,6.99,6.99
374,2013,"2005-07-01",1,6.99,6.99
374,2094,"2005-06-01",1,1.99,1.99
374,2119,"2005-08-01",1,4.99,4.99
374,2752,"2005-07-01",1,7.99,7.99
374,3555,"2005-07-01",1,6.99,6.99
374,3584,"2005-08-01",1,2.99,2.99
374,3612,"2005-08-01",1,2.99,2.99
374,3652,"2005-08-01",1,0.99,0.99
374,3683,"2005-06-01",1,4.99,4.99
374,3903,"2005-07-01",1,0.99,0.99
374,3989,"2005-08-01",1,2.99,2.99
374,4409,"2005-08-01",1,8.99,8.99
374,4472,"2006-02-01",1,2.99,2.99
374,4561,"2005-08-01",1,4.99,4.99
375,165,"2005-06-01",1,5.99,5.99
375,277,"2005-08-01",1,5.99,5.99
375,842,"2005-07-01",1,6.99,6.99
375,1144,"2005-08-01",1,4.99,4.99
375,1163,"2005-08-01",1,0.99,0.99
375,1332,"2005-07-01",1,4.99,4.99
375,1416,"2005-08-01",1,6.99,6.99
375,2376,"2005-07-01",1,4.99,4.99
375,2776,"2005-06-01",1,2.99,2.99
375,2831,"2005-08-01",1,5.99,5.99
375,2916,"2005-08-01",1,0.99,0.99
375,3020,"2005-08-01",1,0.99,0.99
375,3057,"2005-07-01",1,2.99,2.99
375,3608,"2005-07-01",1,2.99,2.99
375,3674,"2005-08-01",1,4.99,4.99
375,4001,"2005-06-01",1,4.99,4.99
375,4030,"2005-08-01",1,9.99,9.99
375,4271,"2005-08-01",1,4.99,4.99
375,4280,"2005-08-01",1,1.99,1.99
375,4464,"2005-08-01",1,2.99,2.99
376,333,"2005-08-01",1,2.99,2.99
376,669,"2005-07-01",1,2.99,2.99
376,677,"2005-08-01",1,0.99,0.99
376,750,"2005-06-01",1,0.99,0.99
376,1018,"2005-08-01",1,3.99,3.99
376,1020,"2005-06-01",1,0.99,0.99
376,1021,"2005-07-01",1,0.99,0.99
376,1467,"2005-07-01",1,6.99,6.99
376,2134,"2005-07-01",1,4.99,4.99
376,2314,"2005-08-01",1,3.99,3.99
376,2378,"2005-08-01",1,4.99,4.99
376,2724,"2005-08-01",1,4.99,4.99
376,2778,"2005-07-01",1,2.99,2.99
376,2860,"2005-07-01",1,4.99,4.99
376,3149,"2005-08-01",1,4.99,4.99
376,3176,"2005-07-01",1,0.99,0.99
376,3225,"2005-08-01",1,4.99,4.99
376,3267,"2005-07-01",1,8.99,8.99
376,3437,"2005-07-01",1,3.99,3.99
376,3573,"2005-07-01",1,2.99,2.99
376,3703,"2005-08-01",1,4.99,4.99
376,3845,"2005-07-01",1,2.99,2.99
376,3878,"2005-07-01",1,5.99,5.99
376,4184,"2005-07-01",1,5.99,5.99
376,4447,"2005-07-01",1,8.99,8.99
376,4545,"2005-08-01",1,0.99,0.99
376,4555,"2005-07-01",1,4.99,4.99
377,118,"2005-06-01",1,1.99,1.99
377,125,"2005-06-01",1,3.99,3.99
377,383,"2005-07-01",1,0.99,0.99
377,544,"2005-08-01",1,3.99,3.99
377,710,"2005-08-01",1,0.99,0.99
377,829,"2005-07-01",1,2.99,2.99
377,1010,"2005-08-01",1,4.99,4.99
377,1036,"2005-08-01",1,2.99,2.99
377,1122,"2005-08-01",1,0.99,0.99
377,1639,"2005-06-01",1,4.99,4.99
377,1679,"2005-07-01",1,3.99,3.99
377,1766,"2005-07-01",1,0.99,0.99
377,2364,"2005-07-01",1,4.99,4.99
377,2445,"2005-07-01",1,0.99,0.99
377,2584,"2005-08-01",1,7.99,7.99
377,2611,"2005-07-01",1,7.99,7.99
377,2889,"2005-07-01",1,0.99,0.99
377,3084,"2005-08-01",1,2.99,2.99
377,3349,"2005-06-01",1,2.99,2.99
377,3603,"2005-08-01",1,1.99,1.99
377,3852,"2005-07-01",1,4.99,4.99
377,3966,"2005-07-01",1,1.99,1.99
377,4129,"2005-07-01",1,10.99,10.99
377,4199,"2005-08-01",1,0.99,0.99
377,4319,"2005-08-01",1,8.99,8.99
377,4437,"2005-06-01",1,0.99,0.99
378,266,"2005-07-01",1,2.99,2.99
378,334,"2005-08-01",1,4.99,4.99
378,545,"2005-07-01",1,0.99,0.99
378,661,"2005-07-01",1,0.99,0.99
378,1647,"2005-07-01",1,3.99,3.99
378,1699,"2005-06-01",1,7.99,7.99
378,1883,"2005-08-01",1,2.99,2.99
378,2986,"2005-08-01",1,4.99,4.99
378,3146,"2005-08-01",1,4.99,4.99
378,3552,"2005-06-01",1,5.99,5.99
378,3662,"2005-08-01",1,2.99,2.99
378,3731,"2005-07-01",1,1.99,1.99
378,3781,"2005-07-01",1,2.99,2.99
378,3979,"2005-06-01",1,4.99,4.99
378,4165,"2005-07-01",1,4.99,4.99
378,4208,"2005-08-01",1,4.99,4.99
378,4485,"2005-06-01",1,4.99,4.99
378,4543,"2005-07-01",1,1.99,1.99
379,180,"2005-08-01",1,3.99,3.99
379,461,"2005-08-01",1,0.99,0.99
379,503,"2005-08-01",1,4.99,4.99
379,1055,"2005-06-01",1,2.99,2.99
379,1212,"2005-08-01",1,5.99,5.99
379,1281,"2005-06-01",1,8.99,8.99
379,1363,"2005-07-01",1,4.99,4.99
379,1642,"2005-08-01",1,3.99,3.99
379,2559,"2005-07-01",1,2.99,2.99
379,2561,"2005-08-01",1,2.99,2.99
379,2659,"2005-07-01",1,7.99,7.99
379,2994,"2005-07-01",1,4.99,4.99
379,3134,"2005-06-01",1,5.99,5.99
379,3548,"2005-08-01",1,4.99,4.99
379,3802,"2005-08-01",1,0.99,0.99
379,3858,"2005-08-01",1,4.99,4.99
379,3863,"2005-08-01",1,7.99,7.99
379,3899,"2005-08-01",1,0.99,0.99
379,4212,"2005-07-01",1,4.99,4.99
379,4330,"2005-08-01",1,4.99,4.99
379,4450,"2005-07-01",1,4.99,4.99
380,234,"2005-08-01",1,1.99,1.99
380,238,"2005-07-01",1,2.99,2.99
380,372,"2005-07-01",1,6.99,6.99
380,463,"2005-06-01",1,4.99,4.99
380,698,"2005-07-01",1,0.99,0.99
380,703,"2005-07-01",1,2.99,2.99
380,1102,"2005-07-01",1,4.99,4.99
380,1108,"2005-08-01",1,0.99,0.99
380,1127,"2005-08-01",1,0.99,0.99
380,1169,"2005-08-01",1,2.99,2.99
380,1278,"2005-06-01",1,3.99,3.99
380,1288,"2005-06-01",1,1.99,1.99
380,1309,"2005-07-01",1,2.99,2.99
380,1407,"2005-08-01",1,2.99,2.99
380,1574,"2005-07-01",1,0.99,0.99
380,1645,"2005-08-01",1,3.99,3.99
380,1774,"2005-08-01",1,6.99,6.99
380,1987,"2005-08-01",1,2.99,2.99
380,2025,"2005-08-01",1,1.99,1.99
380,2412,"2005-06-01",1,3.99,3.99
380,2442,"2005-07-01",1,3.99,3.99
380,2512,"2005-07-01",1,4.99,4.99
380,2690,"2005-07-01",1,8.99,8.99
380,2757,"2005-08-01",1,2.99,2.99
380,2866,"2005-06-01",1,2.99,2.99
380,3417,"2005-06-01",1,2.99,2.99
380,3486,"2005-07-01",1,10.99,10.99
380,3627,"2005-06-01",1,4.99,4.99
380,3756,"2005-06-01",1,1.99,1.99
380,3823,"2005-07-01",1,2.99,2.99
380,4143,"2005-07-01",1,2.99,2.99
380,4318,"2005-08-01",1,5.99,5.99
380,4363,"2005-07-01",1,0.99,0.99
380,4445,"2005-08-01",1,6.99,6.99
380,4502,"2005-08-01",1,3.99,3.99
381,247,"2005-07-01",1,2.99,2.99
381,265,"2005-06-01",1,2.99,2.99
381,465,"2005-08-01",1,4.99,4.99
381,701,"2005-07-01",1,2.99,2.99
381,718,"2005-07-01",1,0.99,0.99
381,767,"2005-08-01",1,4.99,4.99
381,827,"2005-08-01",1,2.99,2.99
381,830,"2005-07-01",1,2.99,2.99
381,1008,"2005-07-01",1,4.99,4.99
381,1019,"2005-08-01",1,2.99,2.99
381,1034,"2005-08-01",1,2.99,2.99
381,1517,"2005-08-01",1,4.99,4.99
381,1731,"2005-07-01",1,0.99,0.99
381,1951,"2005-06-01",1,3.99,3.99
381,2103,"2005-07-01",1,4.99,4.99
381,2263,"2005-07-01",1,0.99,0.99
381,2469,"2005-07-01",1,2.99,2.99
381,2756,"2005-06-01",1,4.99,4.99
381,2852,"2005-08-01",1,0.99,0.99
381,2970,"2005-07-01",1,2.99,2.99
381,3319,"2005-06-01",1,1.99,1.99
381,3546,"2005-08-01",1,8.99,8.99
381,3736,"2005-08-01",1,0.99,0.99
381,3789,"2005-08-01",1,2.99,2.99
381,3835,"2005-08-01",1,0.99,0.99
381,4324,"2005-07-01",1,0.99,0.99
381,4338,"2005-08-01",1,0.99,0.99
381,4422,"2005-08-01",1,4.99,4.99
381,4480,"2005-07-01",1,4.99,4.99
381,4490,"2005-07-01",1,0.99,0.99
381,4503,"2005-07-01",1,2.99,2.99
381,4548,"2005-06-01",1,2.99,2.99
382,328,"2005-08-01",1,3.99,3.99
382,690,"2005-08-01",1,4.99,4.99
382,731,"2005-06-01",1,0.99,0.99
382,1123,"2005-08-01",1,0.99,0.99
382,1137,"2005-08-01",1,5.99,5.99
382,1488,"2005-07-01",1,3.99,3.99
382,1746,"2005-07-01",1,0.99,0.99
382,1833,"2005-06-01",1,4.99,4.99
382,1891,"2005-07-01",1,4.99,4.99
382,1956,"2005-08-01",1,0.99,0.99
382,2108,"2005-07-01",1,0.99,0.99
382,2462,"2005-07-01",1,0.99,0.99
382,2559,"2005-06-01",1,2.99,2.99
382,2637,"2005-07-01",1,4.99,4.99
382,3004,"2005-08-01",1,4.99,4.99
382,3129,"2005-07-01",1,0.99,0.99
382,3209,"2005-08-01",1,7.99,7.99
382,3293,"2005-06-01",1,4.99,4.99
382,3567,"2005-07-01",1,4.99,4.99
382,3628,"2005-07-01",1,6.99,6.99
382,4012,"2005-06-01",1,1.99,1.99
382,4535,"2005-07-01",1,9.99,9.99
383,292,"2005-08-01",1,0.99,0.99
383,490,"2005-06-01",1,2.99,2.99
383,580,"2005-07-01",1,4.99,4.99
383,617,"2005-08-01",1,6.99,6.99
383,720,"2005-08-01",1,2.99,2.99
383,854,"2005-06-01",1,2.99,2.99
383,874,"2005-08-01",1,4.99,4.99
383,1167,"2005-08-01",1,1.99,1.99
383,1451,"2005-07-01",1,0.99,0.99
383,1558,"2005-07-01",1,0.99,0.99
383,1738,"2005-07-01",1,3.99,3.99
383,1911,"2005-08-01",1,4.99,4.99
383,1987,"2005-06-01",1,2.99,2.99
383,2254,"2005-06-01",1,7.99,7.99
383,2328,"2005-06-01",1,2.99,2.99
383,2610,"2005-06-01",1,7.99,7.99
383,2789,"2005-08-01",1,4.99,4.99
383,2894,"2005-07-01",1,0.99,0.99
383,2909,"2005-07-01",1,4.99,4.99
383,3021,"2005-08-01",1,0.99,0.99
383,3430,"2005-07-01",1,0.99,0.99
383,3679,"2005-08-01",1,4.99,4.99
383,3942,"2005-07-01",1,5.99,5.99
383,4187,"2005-08-01",1,4.99,4.99
383,4551,"2005-07-01",1,2.99,2.99
384,662,"2005-07-01",1,0.99,0.99
384,1726,"2005-07-01",1,0.99,0.99
384,1738,"2005-06-01",1,4.99,4.99
384,1880,"2005-07-01",1,4.99,4.99
384,1886,"2005-08-01",1,5.99,5.99
384,1914,"2005-06-01",1,0.99,0.99
384,2076,"2005-07-01",1,2.99,2.99
384,2162,"2005-07-01",1,0.99,0.99
384,2163,"2005-07-01",1,0.99,0.99
384,2586,"2005-08-01",1,2.99,2.99
384,2672,"2005-08-01",1,5.99,5.99
384,2735,"2005-06-01",1,3.99,3.99
384,2792,"2005-07-01",1,1.99,1.99
384,2796,"2005-06-01",1,7.99,7.99
384,2851,"2005-06-01",1,0.99,0.99
384,3002,"2005-08-01",1,2.99,2.99
384,3049,"2005-06-01",1,9.99,9.99
384,3827,"2005-06-01",1,5.99,5.99
384,3854,"2005-07-01",1,4.99,4.99
384,4017,"2005-08-01",1,0.99,0.99
384,4152,"2005-08-01",1,4.99,4.99
385,130,"2005-06-01",1,0.99,0.99
385,240,"2005-08-01",1,0.99,0.99
385,501,"2005-08-01",1,8.99,8.99
385,582,"2005-07-01",1,4.99,4.99
385,591,"2005-07-01",1,2.99,2.99
385,621,"2005-08-01",1,3.99,3.99
385,1266,"2005-06-01",1,0.99,0.99
385,1334,"2005-07-01",1,4.99,4.99
385,1399,"2005-08-01",1,4.99,4.99
385,1402,"2005-07-01",1,4.99,4.99
385,1790,"2005-08-01",1,7.99,7.99
385,1812,"2005-08-01",1,2.99,2.99
385,1932,"2005-07-01",1,6.99,6.99
385,2069,"2005-08-01",1,2.99,2.99
385,2311,"2005-07-01",1,2.99,2.99
385,2475,"2005-07-01",1,2.99,2.99
385,3331,"2005-07-01",1,2.99,2.99
385,3430,"2005-08-01",1,0.99,0.99
385,3814,"2005-08-01",1,2.99,2.99
385,3879,"2005-07-01",1,0.99,0.99
385,4022,"2005-07-01",1,8.99,8.99
385,4170,"2005-07-01",1,0.99,0.99
385,4272,"2005-06-01",1,2.99,2.99
385,4535,"2005-08-01",1,6.99,6.99
386,86,"2005-08-01",1,3.99,3.99
386,610,"2005-06-01",1,0.99,0.99
386,643,"2005-07-01",1,4.99,4.99
386,655,"2005-07-01",1,3.99,3.99
386,694,"2005-07-01",1,2.99,2.99
386,989,"2005-08-01",1,2.99,2.99
386,992,"2005-07-01",1,2.99,2.99
386,1054,"2005-08-01",1,2.99,2.99
386,1110,"2005-08-01",1,4.99,4.99
386,1199,"2005-08-01",1,0.99,0.99
386,1239,"2005-08-01",1,4.99,4.99
386,1492,"2005-07-01",1,8.99,8.99
386,1553,"2005-07-01",1,4.99,4.99
386,1591,"2005-06-01",1,2.99,2.99
386,1689,"2005-06-01",1,5.99,5.99
386,1708,"2005-06-01",1,3.99,3.99
386,1886,"2005-07-01",1,4.99,4.99
386,1990,"2005-08-01",1,6.99,6.99
386,2066,"2005-07-01",1,2.99,2.99
386,2345,"2005-07-01",1,6.99,6.99
386,2581,"2005-06-01",1,2.99,2.99
386,3173,"2005-07-01",1,0.99,0.99
386,3467,"2005-07-01",1,2.99,2.99
386,3472,"2005-08-01",1,2.99,2.99
386,3596,"2005-07-01",1,0.99,0.99
386,3729,"2005-08-01",1,3.99,3.99
386,3825,"2005-07-01",1,5.99,5.99
386,4529,"2005-08-01",1,2.99,2.99
387,35,"2005-06-01",1,4.99,4.99
387,69,"2005-08-01",1,4.99,4.99
387,157,"2005-08-01",1,0.99,0.99
387,185,"2005-07-01",1,5.99,5.99
387,259,"2005-07-01",1,6.99,6.99
387,286,"2005-07-01",1,0.99,0.99
387,522,"2005-06-01",1,5.99,5.99
387,609,"2005-06-01",1,0.99,0.99
387,654,"2005-08-01",1,6.99,6.99
387,990,"2005-08-01",1,2.99,2.99
387,1336,"2005-07-01",1,2.99,2.99
387,2038,"2005-08-01",1,4.99,4.99
387,2117,"2005-08-01",1,5.99,5.99
387,2267,"2005-06-01",1,0.99,0.99
387,2320,"2005-08-01",1,0.99,0.99
387,2544,"2005-08-01",1,2.99,2.99
387,3325,"2005-08-01",1,5.99,5.99
387,3571,"2005-07-01",1,4.99,4.99
387,3929,"2005-08-01",1,4.99,4.99
387,4113,"2005-06-01",1,0.99,0.99
387,4252,"2005-06-01",1,0.99,0.99
387,4469,"2005-08-01",1,0.99,0.99
388,33,"2005-06-01",1,7.99,7.99
388,109,"2005-07-01",1,2.99,2.99
388,184,"2005-07-01",1,0.99,0.99
388,238,"2005-06-01",1,0.99,0.99
388,364,"2005-07-01",1,2.99,2.99
388,652,"2005-08-01",1,6.99,6.99
388,671,"2005-07-01",1,3.99,3.99
388,824,"2005-08-01",1,4.99,4.99
388,828,"2005-08-01",1,2.99,2.99
388,1391,"2005-07-01",1,2.99,2.99
388,1508,"2005-06-01",1,6.99,6.99
388,1820,"2005-08-01",1,0.99,0.99
388,2004,"2005-08-01",1,4.99,4.99
388,2640,"2005-08-01",1,10.99,10.99
388,2655,"2005-07-01",1,2.99,2.99
388,2764,"2006-02-01",1,0.99,0.99
388,3026,"2005-07-01",1,2.99,2.99
388,3103,"2005-08-01",1,2.99,2.99
388,3162,"2005-06-01",1,4.99,4.99
388,3223,"2005-08-01",1,5.99,5.99
388,3349,"2005-07-01",1,2.99,2.99
388,3377,"2005-08-01",1,0.99,0.99
388,3499,"2005-06-01",1,5.99,5.99
388,3575,"2005-08-01",1,5.99,5.99
388,3905,"2005-07-01",1,5.99,5.99
388,3975,"2005-07-01",1,0.99,0.99
388,4022,"2005-07-01",1,5.99,5.99
388,4327,"2005-08-01",1,2.99,2.99
389,27,"2005-08-01",1,3.99,3.99
389,72,"2005-07-01",1,6.99,6.99
389,237,"2005-08-01",1,2.99,2.99
389,631,"2005-08-01",1,4.99,4.99
389,664,"2005-06-01",1,3.99,3.99
389,1027,"2005-08-01",1,2.99,2.99
389,1093,"2005-08-01",1,9.99,9.99
389,1193,"2005-08-01",1,4.99,4.99
389,1704,"2005-08-01",1,4.99,4.99
389,1941,"2005-06-01",1,4.99,4.99
389,1950,"2005-07-01",1,0.99,0.99
389,2257,"2005-07-01",1,6.99,6.99
389,2309,"2005-08-01",1,2.99,2.99
389,2335,"2005-06-01",1,4.99,4.99
389,2590,"2005-08-01",1,7.99,7.99
389,2862,"2005-07-01",1,4.99,4.99
389,3029,"2005-07-01",1,3.99,3.99
389,3141,"2005-08-01",1,2.99,2.99
389,3162,"2005-07-01",1,4.99,4.99
389,3267,"2005-08-01",1,5.99,5.99
389,3315,"2005-07-01",1,3.99,3.99
389,3531,"2005-07-01",1,2.99,2.99
389,3561,"2005-07-01",1,8.99,8.99
389,4119,"2005-07-01",1,4.99,4.99
389,4537,"2005-07-01",1,0.99,0.99
390,178,"2005-07-01",1,0.99,0.99
390,267,"2005-06-01",1,5.99,5.99
390,316,"2005-07-01",1,4.99,4.99
390,381,"2005-08-01",1,4.99,4.99
390,390,"2005-08-01",1,7.99,7.99
390,615,"2005-06-01",1,5.99,5.99
390,664,"2005-07-01",1,0.99,0.99
390,707,"2005-07-01",1,2.99,2.99
390,1058,"2005-08-01",1,2.99,2.99
390,1211,"2005-07-01",1,3.99,3.99
390,1360,"2005-08-01",1,4.99,4.99
390,1372,"2005-06-01",1,2.99,2.99
390,1401,"2005-07-01",1,4.99,4.99
390,1501,"2005-08-01",1,3.99,3.99
390,1672,"2005-08-01",1,8.99,8.99
390,2358,"2005-07-01",1,2.99,2.99
390,2475,"2005-07-01",1,3.99,3.99
390,2492,"2005-08-01",1,3.99,3.99
390,2848,"2005-08-01",1,5.99,5.99
390,2948,"2005-07-01",1,5.99,5.99
390,2963,"2005-08-01",1,4.99,4.99
390,3089,"2005-08-01",1,3.99,3.99
390,3204,"2005-07-01",1,5.99,5.99
390,3346,"2005-06-01",1,2.99,2.99
390,3503,"2005-08-01",1,5.99,5.99
390,3842,"2005-07-01",1,2.99,2.99
390,3914,"2005-07-01",1,4.99,4.99
390,4285,"2005-06-01",1,7.99,7.99
390,4313,"2005-07-01",1,5.99,5.99
390,4322,"2005-07-01",1,4.99,4.99
390,4369,"2005-08-01",1,0.99,0.99
391,49,"2005-08-01",1,7.99,7.99
391,429,"2005-07-01",1,6.99,6.99
391,516,"2005-07-01",1,0.99,0.99
391,561,"2005-06-01",1,2.99,2.99
391,811,"2005-08-01",1,0.99,0.99
391,1067,"2005-08-01",1,2.99,2.99
391,1242,"2005-07-01",1,7.99,7.99
391,1381,"2005-06-01",1,2.99,2.99
391,1411,"2005-06-01",1,0.99,0.99
391,1642,"2005-07-01",1,0.99,0.99
391,1923,"2005-07-01",1,0.99,0.99
391,1992,"2005-07-01",1,0.99,0.99
391,2082,"2005-08-01",1,4.99,4.99
391,2614,"2005-08-01",1,2.99,2.99
391,2632,"2005-06-01",1,2.99,2.99
391,2743,"2005-06-01",1,0.99,0.99
391,2930,"2005-07-01",1,2.99,2.99
391,3054,"2005-07-01",1,4.99,4.99
391,3154,"2005-08-01",1,2.99,2.99
391,3221,"2005-07-01",1,3.99,3.99
391,3243,"2005-07-01",1,5.99,5.99
391,3392,"2005-08-01",1,0.99,0.99
391,3939,"2005-08-01",1,4.99,4.99
391,4365,"2005-08-01",1,1.99,1.99
391,4498,"2005-07-01",1,0.99,0.99
392,90,"2005-07-01",1,1.99,1.99
392,267,"2005-07-01",1,2.99,2.99
392,514,"2005-08-01",1,5.99,5.99
392,589,"2005-08-01",1,7.99,7.99
392,705,"2005-06-01",1,2.99,2.99
392,812,"2005-08-01",1,0.99,0.99
392,1393,"2005-08-01",1,2.99,2.99
392,1621,"2005-08-01",1,5.99,5.99
392,1636,"2005-08-01",1,0.99,0.99
392,1787,"2005-07-01",1,0.99,0.99
392,1834,"2005-08-01",1,4.99,4.99
392,1859,"2005-07-01",1,0.99,0.99
392,1934,"2005-08-01",1,4.99,4.99
392,2030,"2005-06-01",1,2.99,2.99
392,2421,"2005-06-01",1,6.99,6.99
392,2556,"2005-07-01",1,0.99,0.99
392,2774,"2005-07-01",1,2.99,2.99
392,3437,"2005-06-01",1,4.99,4.99
392,3518,"2005-07-01",1,9.99,9.99
392,3730,"2005-08-01",1,0.99,0.99
392,3777,"2005-08-01",1,6.99,6.99
392,4268,"2005-08-01",1,6.99,6.99
392,4439,"2005-07-01",1,2.99,2.99
393,88,"2005-08-01",1,0.99,0.99
393,126,"2005-07-01",1,7.99,7.99
393,768,"2005-07-01",1,4.99,4.99
393,1167,"2005-07-01",1,2.99,2.99
393,1521,"2005-06-01",1,4.99,4.99
393,1626,"2005-07-01",1,1.99,1.99
393,1699,"2005-07-01",1,2.99,2.99
393,1739,"2005-06-01",1,6.99,6.99
393,1881,"2005-06-01",1,2.99,2.99
393,2265,"2005-08-01",1,3.99,3.99
393,2505,"2005-07-01",1,7.99,7.99
393,2552,"2005-08-01",1,4.99,4.99
393,2581,"2005-08-01",1,0.99,0.99
393,2620,"2005-06-01",1,1.99,1.99
393,2666,"2005-08-01",1,3.99,3.99
393,2671,"2005-07-01",1,0.99,0.99
393,2707,"2005-08-01",1,1.99,1.99
393,2941,"2005-06-01",1,2.99,2.99
393,2989,"2005-07-01",1,8.99,8.99
393,3177,"2005-08-01",1,1.99,1.99
393,3295,"2005-08-01",1,4.99,4.99
393,3474,"2005-08-01",1,2.99,2.99
393,4111,"2005-08-01",1,2.99,2.99
393,4330,"2005-07-01",1,5.99,5.99
393,4349,"2005-07-01",1,0.99,0.99
393,4362,"2005-07-01",1,0.99,0.99
393,4395,"2005-08-01",1,4.99,4.99
393,4428,"2005-07-01",1,4.99,4.99
393,4507,"2005-07-01",1,8.99,8.99
394,476,"2005-08-01",1,0.99,0.99
394,693,"2006-02-01",1,4.99,4.99
394,764,"2005-06-01",1,4.99,4.99
394,1437,"2005-07-01",1,4.99,4.99
394,1491,"2005-08-01",1,4.99,4.99
394,1623,"2005-07-01",1,4.99,4.99
394,1891,"2005-08-01",1,4.99,4.99
394,2704,"2005-08-01",1,0.99,0.99
394,2763,"2005-08-01",1,0.99,0.99
394,2827,"2005-07-01",1,6.99,6.99
394,2866,"2005-07-01",1,4.99,4.99
394,3051,"2005-08-01",1,9.99,9.99
394,3120,"2005-08-01",1,4.99,4.99
394,3607,"2005-07-01",1,2.99,2.99
394,3619,"2005-07-01",1,0.99,0.99
394,3997,"2005-07-01",1,0.99,0.99
394,4024,"2005-08-01",1,0.99,0.99
394,4115,"2005-07-01",1,3.99,3.99
394,4148,"2005-07-01",1,6.99,6.99
394,4167,"2005-07-01",1,0.99,0.99
395,62,"2005-06-01",1,0.99,0.99
395,293,"2005-08-01",1,0.99,0.99
395,595,"2005-06-01",1,0.99,0.99
395,727,"2005-06-01",1,6.99,6.99
395,1254,"2005-08-01",1,5.99,5.99
395,1283,"2005-07-01",1,7.99,7.99
395,1543,"2005-06-01",1,4.99,4.99
395,1717,"2005-06-01",1,0.99,0.99
395,2425,"2005-07-01",1,5.99,5.99
395,3261,"2005-07-01",1,0.99,0.99
395,3308,"2005-06-01",1,0.99,0.99
395,3379,"2005-08-01",1,0.99,0.99
395,3498,"2005-07-01",1,0.99,0.99
395,3613,"2005-07-01",1,2.99,2.99
395,3617,"2005-08-01",1,0.99,0.99
395,3716,"2005-07-01",1,0.99,0.99
395,4034,"2005-07-01",1,4.99,4.99
395,4465,"2005-08-01",1,2.99,2.99
395,4509,"2005-08-01",1,4.99,4.99
396,585,"2005-08-01",1,4.99,4.99
396,644,"2005-06-01",1,1.99,1.99
396,703,"2005-08-01",1,2.99,2.99
396,1005,"2005-07-01",1,5.99,5.99
396,1113,"2005-07-01",1,2.99,2.99
396,1253,"2005-08-01",1,7.99,7.99
396,1642,"2005-08-01",1,3.99,3.99
396,1709,"2005-07-01",1,2.99,2.99
396,1743,"2005-07-01",1,0.99,0.99
396,1865,"2005-08-01",1,0.99,0.99
396,1884,"2005-07-01",1,2.99,2.99
396,1956,"2005-07-01",1,0.99,0.99
396,2152,"2005-08-01",1,5.99,5.99
396,2435,"2005-08-01",1,5.99,5.99
396,2466,"2005-07-01",1,2.99,2.99
396,2612,"2005-07-01",1,2.99,2.99
396,2655,"2005-06-01",1,6.99,6.99
396,2691,"2005-08-01",1,6.99,6.99
396,2757,"2005-07-01",1,2.99,2.99
396,3423,"2005-07-01",1,6.99,6.99
396,3800,"2005-08-01",1,4.99,4.99
396,3951,"2005-07-01",1,1.99,1.99
396,4073,"2005-06-01",1,4.99,4.99
396,4372,"2005-08-01",1,4.99,4.99
396,4407,"2005-07-01",1,4.99,4.99
396,4436,"2005-08-01",1,1.99,1.99
397,20,"2005-08-01",1,2.99,2.99
397,309,"2005-07-01",1,2.99,2.99
397,363,"2005-07-01",1,1.99,1.99
397,500,"2005-07-01",1,0.99,0.99
397,540,"2005-08-01",1,0.99,0.99
397,753,"2005-07-01",1,4.99,4.99
397,941,"2005-07-01",1,2.99,2.99
397,1002,"2005-08-01",1,6.99,6.99
397,1179,"2005-08-01",1,4.99,4.99
397,1229,"2005-06-01",1,5.99,5.99
397,1691,"2005-08-01",1,6.99,6.99
397,2127,"2005-08-01",1,4.99,4.99
397,2128,"2005-07-01",1,0.99,0.99
397,2253,"2005-07-01",1,4.99,4.99
397,2282,"2005-08-01",1,1.99,1.99
397,2341,"2005-08-01",1,4.99,4.99
397,2390,"2005-07-01",1,4.99,4.99
397,2717,"2005-07-01",1,4.99,4.99
397,2936,"2005-07-01",1,5.99,5.99
397,3127,"2005-08-01",1,1.99,1.99
397,3412,"2005-07-01",1,4.99,4.99
397,3748,"2005-07-01",1,2.99,2.99
397,4028,"2005-06-01",1,1.99,1.99
397,4142,"2005-08-01",1,2.99,2.99
397,4295,"2005-08-01",1,3.99,3.99
397,4354,"2005-08-01",1,0.99,0.99
397,4472,"2005-07-01",1,6.99,6.99
397,4491,"2005-08-01",1,0.99,0.99
398,76,"2005-08-01",1,2.99,2.99
398,466,"2005-06-01",1,6.99,6.99
398,1542,"2005-07-01",1,3.99,3.99
398,1806,"2005-06-01",1,9.99,9.99
398,2212,"2005-08-01",1,4.99,4.99
398,2443,"2005-08-01",1,4.99,4.99
398,2472,"2005-07-01",1,4.99,4.99
398,2545,"2005-07-01",1,7.99,7.99
398,2559,"2005-08-01",1,3.99,3.99
398,2770,"2005-07-01",1,2.99,2.99
398,3086,"2005-07-01",1,5.99,5.99
398,3381,"2005-08-01",1,2.99,2.99
398,4123,"2005-07-01",1,1.99,1.99
398,4182,"2005-07-01",1,5.99,5.99
398,4473,"2005-06-01",1,2.99,2.99
399,380,"2005-08-01",1,4.99,4.99
399,472,"2005-08-01",1,4.99,4.99
399,716,"2005-07-01",1,0.99,0.99
399,2319,"2005-08-01",1,0.99,0.99
399,2385,"2005-07-01",1,4.99,4.99
399,2440,"2005-08-01",1,4.99,4.99
399,2522,"2005-08-01",1,2.99,2.99
399,2677,"2005-08-01",1,4.99,4.99
399,2993,"2005-08-01",1,3.99,3.99
399,3137,"2005-07-01",1,6.99,6.99
399,3363,"2005-07-01",1,4.99,4.99
399,3373,"2005-07-01",1,5.99,5.99
399,3536,"2005-08-01",1,5.99,5.99
399,3630,"2005-07-01",1,2.99,2.99
399,4082,"2005-07-01",1,0.99,0.99
399,4201,"2005-07-01",1,2.99,2.99
399,4463,"2005-06-01",1,5.99,5.99
399,4539,"2005-06-01",1,2.99,2.99
400,115,"2005-06-01",1,0.99,0.99
400,207,"2005-07-01",1,4.99,4.99
400,365,"2005-08-01",1,2.99,2.99
400,687,"2005-07-01",1,2.99,2.99
400,691,"2005-06-01",1,6.99,6.99
400,1088,"2005-07-01",1,5.99,5.99
400,1297,"2005-08-01",1,2.99,2.99
400,1629,"2005-08-01",1,2.99,2.99
400,1681,"2005-07-01",1,2.99,2.99
400,1895,"2005-08-01",1,4.99,4.99
400,1908,"2005-08-01",1,2.99,2.99
400,1978,"2005-08-01",1,5.99,5.99
400,2478,"2005-07-01",1,6.99,6.99
400,2508,"2005-07-01",1,5.99,5.99
400,2667,"2005-06-01",1,3.99,3.99
400,2997,"2005-08-01",1,6.99,6.99
400,3240,"2005-07-01",1,6.99,6.99
400,3296,"2005-07-01",1,5.99,5.99
400,3310,"2005-08-01",1,2.99,2.99
400,3932,"2005-08-01",1,4.99,4.99
400,4044,"2005-08-01",1,2.99,2.99
400,4278,"2005-08-01",1,0.99,0.99
400,4316,"2005-07-01",1,2.99,2.99
400,4486,"2005-07-01",1,5.99,5.99
401,292,"2005-07-01",1,0.99,0.99
401,484,"2005-07-01",1,2.99,2.99
401,732,"2005-08-01",1,1.99,1.99
401,1119,"2005-08-01",1,4.99,4.99
401,1367,"2005-07-01",1,0.99,0.99
401,1389,"2005-07-01",1,8.99,8.99
401,1667,"2005-07-01",1,2.99,2.99
401,1817,"2005-07-01",1,0.99,0.99
401,1841,"2005-08-01",1,0.99,0.99
401,2060,"2005-08-01",1,2.99,2.99
401,2450,"2005-08-01",1,0.99,0.99
401,2753,"2005-07-01",1,4.99,4.99
401,2801,"2005-08-01",1,2.99,2.99
401,2917,"2005-08-01",1,4.99,4.99
401,3084,"2005-07-01",1,7.99,7.99
401,3118,"2005-08-01",1,4.99,4.99
401,3123,"2005-08-01",1,0.99,0.99
401,4581,"2005-07-01",1,4.99,4.99
402,856,"2005-07-01",1,2.99,2.99
402,945,"2005-08-01",1,4.99,4.99
402,1096,"2005-07-01",1,6.99,6.99
402,1280,"2005-07-01",1,0.99,0.99
402,1628,"2005-07-01",1,4.99,4.99
402,1934,"2005-06-01",1,4.99,4.99
402,2214,"2005-08-01",1,0.99,0.99
402,2465,"2005-07-01",1,3.99,3.99
402,2608,"2005-07-01",1,7.99,7.99
402,2681,"2005-07-01",1,6.99,6.99
402,3147,"2005-07-01",1,5.99,5.99
402,3319,"2005-07-01",1,3.99,3.99
402,3456,"2005-06-01",1,2.99,2.99
402,3774,"2005-06-01",1,4.99,4.99
402,4171,"2005-07-01",1,0.99,0.99
402,4230,"2005-07-01",1,3.99,3.99
402,4253,"2005-08-01",1,0.99,0.99
402,4379,"2005-08-01",1,4.99,4.99
402,4515,"2005-07-01",1,2.99,2.99
403,123,"2005-07-01",1,3.99,3.99
403,393,"2005-06-01",1,4.99,4.99
403,518,"2005-06-01",1,6.99,6.99
403,1195,"2005-08-01",1,5.99,5.99
403,1338,"2005-06-01",1,3.99,3.99
403,1541,"2005-08-01",1,2.99,2.99
403,1681,"2005-08-01",1,0.99,0.99
403,1697,"2005-07-01",1,4.99,4.99
403,1707,"2005-08-01",1,6.99,6.99
403,1771,"2005-07-01",1,4.99,4.99
403,1851,"2005-07-01",1,4.99,4.99
403,1965,"2005-08-01",1,2.99,2.99
403,2039,"2005-08-01",1,9.99,9.99
403,2052,"2005-08-01",1,4.99,4.99
403,2062,"2005-08-01",1,5.99,5.99
403,2074,"2005-07-01",1,5.99,5.99
403,2120,"2005-06-01",1,8.99,8.99
403,2124,"2005-06-01",1,4.99,4.99
403,2329,"2005-07-01",1,4.99,4.99
403,2600,"2005-08-01",1,2.99,2.99
403,2787,"2005-07-01",1,7.99,7.99
403,2852,"2005-07-01",1,5.99,5.99
403,2969,"2005-08-01",1,0.99,0.99
403,3287,"2005-08-01",1,2.99,2.99
403,3298,"2005-08-01",1,2.99,2.99
403,3911,"2005-07-01",1,4.99,4.99
403,4113,"2005-08-01",1,0.99,0.99
403,4115,"2005-07-01",1,2.99,2.99
403,4214,"2005-07-01",1,2.99,2.99
403,4309,"2005-07-01",1,6.99,6.99
403,4427,"2005-08-01",1,4.99,4.99
403,4452,"2005-08-01",1,7.99,7.99
403,4532,"2005-06-01",1,5.99,5.99
404,233,"2005-08-01",1,0.99,0.99
404,270,"2005-08-01",1,10.99,10.99
404,340,"2005-06-01",1,4.99,4.99
404,479,"2005-07-01",1,1.99,1.99
404,506,"2005-08-01",1,4.99,4.99
404,715,"2005-08-01",1,8.99,8.99
404,737,"2005-07-01",1,4.99,4.99
404,755,"2005-08-01",1,5.99,5.99
404,1200,"2005-07-01",1,8.99,8.99
404,1537,"2005-07-01",1,4.99,4.99
404,1541,"2005-08-01",1,2.99,2.99
404,1844,"2005-08-01",1,5.99,5.99
404,2021,"2005-07-01",1,4.99,4.99
404,2082,"2005-06-01",1,4.99,4.99
404,2131,"2005-08-01",1,0.99,0.99
404,2148,"2005-07-01",1,5.99,5.99
404,2194,"2005-07-01",1,2.99,2.99
404,2511,"2005-07-01",1,4.99,4.99
404,2632,"2005-07-01",1,3.99,3.99
404,2658,"2005-08-01",1,4.99,4.99
404,2806,"2005-08-01",1,5.99,5.99
404,2903,"2005-06-01",1,2.99,2.99
404,3515,"2005-07-01",1,2.99,2.99
404,3835,"2005-08-01",1,4.99,4.99
404,4043,"2005-07-01",1,3.99,3.99
404,4085,"2005-06-01",1,2.99,2.99
404,4178,"2005-07-01",1,4.99,4.99
404,4368,"2005-07-01",1,2.99,2.99
404,4468,"2005-07-01",1,0.99,0.99
405,506,"2005-08-01",1,4.99,4.99
405,541,"2005-07-01",1,2.99,2.99
405,686,"2005-08-01",1,2.99,2.99
405,813,"2005-07-01",1,0.99,0.99
405,1275,"2005-07-01",1,0.99,0.99
405,1435,"2006-02-01",1,0.99,0.99
405,1895,"2005-08-01",1,7.99,7.99
405,1906,"2005-06-01",1,5.99,5.99
405,2000,"2005-08-01",1,5.99,5.99
405,2348,"2005-08-01",1,0.99,0.99
405,2407,"2005-07-01",1,0.99,0.99
405,2479,"2005-07-01",1,7.99,7.99
405,2686,"2005-07-01",1,2.99,2.99
405,2725,"2005-07-01",1,0.99,0.99
405,2871,"2005-08-01",1,1.99,1.99
405,2872,"2005-06-01",1,0.99,0.99
405,2938,"2005-06-01",1,4.99,4.99
405,2979,"2005-08-01",1,1.99,1.99
405,3183,"2005-08-01",1,4.99,4.99
405,3322,"2005-08-01",1,4.99,4.99
405,3376,"2005-08-01",1,0.99,0.99
405,3381,"2005-07-01",1,0.99,0.99
405,3549,"2005-06-01",1,5.99,5.99
405,3697,"2005-06-01",1,3.99,3.99
405,3755,"2005-08-01",1,0.99,0.99
405,3815,"2005-07-01",1,2.99,2.99
405,3844,"2005-06-01",1,4.99,4.99
405,4470,"2005-07-01",1,1.99,1.99
405,4532,"2005-07-01",1,5.99,5.99
405,4554,"2005-08-01",1,4.99,4.99
406,7,"2005-07-01",1,0.99,0.99
406,91,"2005-06-01",1,0.99,0.99
406,119,"2005-07-01",1,0.99,0.99
406,315,"2005-08-01",1,6.99,6.99
406,548,"2005-08-01",1,2.99,2.99
406,752,"2005-06-01",1,0.99,0.99
406,921,"2005-06-01",1,2.99,2.99
406,1090,"2005-07-01",1,8.99,8.99
406,1290,"2005-08-01",1,1.99,1.99
406,1378,"2005-07-01",1,0.99,0.99
406,1509,"2005-06-01",1,4.99,4.99
406,1658,"2005-07-01",1,5.99,5.99
406,1669,"2005-06-01",1,4.99,4.99
406,1772,"2005-07-01",1,4.99,4.99
406,1910,"2005-06-01",1,3.99,3.99
406,2065,"2005-07-01",1,2.99,2.99
406,2165,"2005-07-01",1,2.99,2.99
406,2260,"2005-07-01",1,0.99,0.99
406,2345,"2005-07-01",1,4.99,4.99
406,2884,"2005-07-01",1,4.99,4.99
406,3035,"2005-07-01",1,4.99,4.99
406,3198,"2005-06-01",1,7.99,7.99
406,3463,"2005-07-01",1,2.99,2.99
406,3499,"2005-07-01",1,4.99,4.99
406,3720,"2005-07-01",1,7.99,7.99
406,3741,"2005-08-01",1,5.99,5.99
406,3910,"2005-08-01",1,4.99,4.99
406,4381,"2005-07-01",1,4.99,4.99
406,4402,"2005-08-01",1,2.99,2.99
406,4439,"2005-07-01",1,1.99,1.99
406,4546,"2005-07-01",1,0.99,0.99
407,296,"2005-07-01",1,2.99,2.99
407,648,"2005-08-01",1,0.99,0.99
407,652,"2005-07-01",1,4.99,4.99
407,977,"2005-07-01",1,0.99,0.99
407,1474,"2005-06-01",1,2.99,2.99
407,1552,"2005-08-01",1,0.99,0.99
407,1649,"2005-07-01",1,5.99,5.99
407,1684,"2005-08-01",1,0.99,0.99
407,1778,"2005-07-01",1,0.99,0.99
407,1780,"2005-08-01",1,2.99,2.99
407,2206,"2005-08-01",1,0.99,0.99
407,2278,"2005-06-01",1,0.99,0.99
407,2305,"2005-07-01",1,4.99,4.99
407,2722,"2005-08-01",1,8.99,8.99
407,3070,"2005-08-01",1,2.99,2.99
407,3297,"2005-08-01",1,4.99,4.99
407,3468,"2005-08-01",1,6.99,6.99
407,3793,"2005-07-01",1,0.99,0.99
407,3839,"2005-07-01",1,2.99,2.99
407,3848,"2005-08-01",1,5.99,5.99
407,3882,"2005-08-01",1,1.99,1.99
407,4126,"2005-07-01",1,9.99,9.99
407,4196,"2005-08-01",1,6.99,6.99
407,4231,"2005-08-01",1,4.99,4.99
407,4369,"2005-07-01",1,4.99,4.99
407,4442,"2005-07-01",1,9.99,9.99
408,149,"2005-07-01",1,4.99,4.99
408,274,"2005-08-01",1,4.99,4.99
408,322,"2005-08-01",1,2.99,2.99
408,398,"2005-08-01",1,4.99,4.99
408,546,"2005-07-01",1,0.99,0.99
408,775,"2005-06-01",1,2.99,2.99
408,849,"2005-08-01",1,0.99,0.99
408,1001,"2005-07-01",1,4.99,4.99
408,1063,"2005-08-01",1,2.99,2.99
408,1250,"2005-08-01",1,6.99,6.99
408,1348,"2005-08-01",1,2.99,2.99
408,1624,"2005-06-01",1,4.99,4.99
408,1708,"2005-07-01",1,2.99,2.99
408,2171,"2005-07-01",1,4.99,4.99
408,2317,"2005-07-01",1,4.99,4.99
408,2408,"2005-07-01",1,3.99,3.99
408,2596,"2005-07-01",1,4.99,4.99
408,2754,"2005-07-01",1,3.99,3.99
408,2812,"2005-08-01",1,1.99,1.99
408,2962,"2005-08-01",1,3.99,3.99
408,2983,"2005-07-01",1,6.99,6.99
408,3301,"2005-07-01",1,0.99,0.99
408,3351,"2005-07-01",1,0.99,0.99
408,3685,"2005-08-01",1,2.99,2.99
408,3812,"2005-08-01",1,2.99,2.99
408,4008,"2005-06-01",1,2.99,2.99
408,4120,"2005-08-01",1,7.99,7.99
409,48,"2005-08-01",1,4.99,4.99
409,194,"2005-07-01",1,5.99,5.99
409,436,"2005-07-01",1,0.99,0.99
409,615,"2005-07-01",1,4.99,4.99
409,645,"2005-07-01",1,0.99,0.99
409,692,"2005-08-01",1,8.99,8.99
409,834,"2005-07-01",1,7.99,7.99
409,890,"2005-07-01",1,2.99,2.99
409,897,"2005-07-01",1,1.99,1.99
409,901,"2005-07-01",1,0.99,0.99
409,1003,"2005-07-01",1,3.99,3.99
409,1438,"2005-08-01",1,1.99,1.99
409,2221,"2005-07-01",1,5.99,5.99
409,2290,"2005-06-01",1,5.99,5.99
409,2368,"2005-07-01",1,2.99,2.99
409,2389,"2005-07-01",1,5.99,5.99
409,2590,"2005-06-01",1,8.99,8.99
409,3936,"2005-07-01",1,4.99,4.99
409,3973,"2005-07-01",1,4.99,4.99
409,4008,"2005-08-01",1,6.99,6.99
409,4080,"2005-08-01",1,0.99,0.99
409,4549,"2005-07-01",1,2.99,2.99
410,24,"2005-06-01",1,4.99,4.99
410,73,"2005-07-01",1,2.99,2.99
410,136,"2005-07-01",1,0.99,0.99
410,244,"2005-08-01",1,4.99,4.99
410,274,"2005-08-01",1,4.99,4.99
410,441,"2005-07-01",1,0.99,0.99
410,538,"2005-08-01",1,3.99,3.99
410,703,"2005-06-01",1,4.99,4.99
410,737,"2005-07-01",1,4.99,4.99
410,815,"2005-07-01",1,5.99,5.99
410,884,"2005-07-01",1,3.99,3.99
410,1225,"2005-07-01",1,4.99,4.99
410,1323,"2005-07-01",1,0.99,0.99
410,1585,"2005-06-01",1,0.99,0.99
410,1701,"2006-02-01",1,2.99,2.99
410,1816,"2005-08-01",1,2.99,2.99
410,1829,"2005-08-01",1,6.99,6.99
410,1961,"2005-07-01",1,3.99,3.99
410,2040,"2005-08-01",1,8.99,8.99
410,2198,"2005-08-01",1,2.99,2.99
410,2217,"2005-08-01",1,0.99,0.99
410,2890,"2005-08-01",1,2.99,2.99
410,2937,"2005-06-01",1,2.99,2.99
410,3025,"2005-08-01",1,2.99,2.99
410,3093,"2005-07-01",1,5.99,5.99
410,3194,"2005-06-01",1,5.99,5.99
410,3284,"2005-08-01",1,3.99,3.99
410,3522,"2005-08-01",1,4.99,4.99
410,3530,"2005-06-01",1,2.99,2.99
410,3540,"2005-08-01",1,6.99,6.99
410,3626,"2005-08-01",1,10.99,10.99
410,3812,"2005-07-01",1,5.99,5.99
410,4033,"2005-08-01",1,6.99,6.99
410,4144,"2005-07-01",1,2.99,2.99
410,4153,"2005-07-01",1,4.99,4.99
410,4317,"2005-08-01",1,4.99,4.99
410,4318,"2005-07-01",1,4.99,4.99
410,4480,"2005-08-01",1,4.99,4.99
411,87,"2005-06-01",1,0.99,0.99
411,176,"2005-07-01",1,0.99,0.99
411,229,"2005-08-01",1,2.99,2.99
411,394,"2005-07-01",1,5.99,5.99
411,846,"2005-06-01",1,2.99,2.99
411,850,"2005-08-01",1,0.99,0.99
411,855,"2005-08-01",1,2.99,2.99
411,939,"2005-07-01",1,2.99,2.99
411,1081,"2005-07-01",1,1.99,1.99
411,1141,"2005-07-01",1,2.99,2.99
411,1178,"2005-08-01",1,2.99,2.99
411,1293,"2005-08-01",1,0.99,0.99
411,1849,"2006-02-01",1,4.99,4.99
411,1960,"2005-07-01",1,2.99,2.99
411,1988,"2005-07-01",1,5.99,5.99
411,2133,"2005-07-01",1,0.99,0.99
411,2193,"2005-08-01",1,5.99,5.99
411,2255,"2005-07-01",1,0.99,0.99
411,2466,"2005-07-01",1,2.99,2.99
411,2888,"2005-07-01",1,0.99,0.99
411,3132,"2005-06-01",1,0.99,0.99
411,3180,"2005-08-01",1,7.99,7.99
411,4047,"2005-08-01",1,5.99,5.99
411,4216,"2005-07-01",1,2.99,2.99
412,522,"2005-08-01",1,2.99,2.99
412,530,"2005-08-01",1,6.99,6.99
412,571,"2005-08-01",1,4.99,4.99
412,818,"2005-08-01",1,3.99,3.99
412,1744,"2005-07-01",1,0.99,0.99
412,1945,"2005-07-01",1,0.99,0.99
412,2294,"2005-07-01",1,8.99,8.99
412,2347,"2005-07-01",1,0.99,0.99
412,2741,"2005-07-01",1,0.99,0.99
412,2754,"2006-02-01",1,0.99,0.99
412,3085,"2005-07-01",1,8.99,8.99
412,3247,"2005-08-01",1,4.99,4.99
412,3288,"2005-06-01",1,2.99,2.99
412,3773,"2005-08-01",1,5.99,5.99
412,4209,"2005-07-01",1,4.99,4.99
412,4212,"2005-08-01",1,4.99,4.99
412,4449,"2005-08-01",1,8.99,8.99
413,55,"2005-07-01",1,0.99,0.99
413,740,"2005-07-01",1,7.99,7.99
413,825,"2005-08-01",1,3.99,3.99
413,1168,"2005-07-01",1,0.99,0.99
413,1345,"2005-08-01",1,2.99,2.99
413,1369,"2005-06-01",1,5.99,5.99
413,1389,"2005-08-01",1,2.99,2.99
413,1533,"2005-07-01",1,0.99,0.99
413,1941,"2005-07-01",1,4.99,4.99
413,1947,"2005-08-01",1,0.99,0.99
413,2541,"2005-08-01",1,2.99,2.99
413,2592,"2005-08-01",1,2.99,2.99
413,2845,"2005-08-01",1,4.99,4.99
413,3168,"2005-08-01",1,0.99,0.99
413,3237,"2005-06-01",1,4.99,4.99
413,3516,"2005-08-01",1,2.99,2.99
413,4002,"2005-08-01",1,4.99,4.99
413,4224,"2005-07-01",1,4.99,4.99
413,4303,"2005-08-01",1,2.99,2.99
414,230,"2005-08-01",1,2.99,2.99
414,416,"2005-08-01",1,0.99,0.99
414,443,"2005-07-01",1,10.99,10.99
414,1047,"2005-08-01",1,0.99,0.99
414,1111,"2005-06-01",1,5.99,5.99
414,1326,"2005-07-01",1,5.99,5.99
414,1402,"2005-08-01",1,6.99,6.99
414,1585,"2005-07-01",1,0.99,0.99
414,1632,"2005-08-01",1,2.99,2.99
414,1752,"2005-08-01",1,4.99,4.99
414,2113,"2005-07-01",1,0.99,0.99
414,2997,"2005-07-01",1,2.99,2.99
414,3189,"2005-08-01",1,7.99,7.99
414,3262,"2005-08-01",1,0.99,0.99
414,3578,"2005-07-01",1,3.99,3.99
414,3662,"2005-07-01",1,2.99,2.99
414,3663,"2005-07-01",1,2.99,2.99
414,3833,"2005-07-01",1,0.99,0.99
414,4234,"2005-08-01",1,0.99,0.99
414,4287,"2005-06-01",1,4.99,4.99
414,4410,"2005-08-01",1,4.99,4.99
414,4433,"2005-06-01",1,9.99,9.99
414,4534,"2005-07-01",1,7.99,7.99
415,424,"2005-07-01",1,4.99,4.99
415,547,"2005-08-01",1,0.99,0.99
415,694,"2005-08-01",1,2.99,2.99
415,1150,"2005-06-01",1,2.99,2.99
415,1175,"2005-07-01",1,0.99,0.99
415,2252,"2005-08-01",1,5.99,5.99
415,2420,"2005-08-01",1,5.99,5.99
415,2756,"2005-07-01",1,0.99,0.99
415,2768,"2005-08-01",1,2.99,2.99
415,2803,"2005-07-01",1,5.99,5.99
415,2981,"2005-08-01",1,4.99,4.99
415,3523,"2005-07-01",1,4.99,4.99
415,3537,"2005-06-01",1,4.99,4.99
415,3601,"2005-08-01",1,1.99,1.99
415,3806,"2005-07-01",1,0.99,0.99
415,3898,"2005-07-01",1,2.99,2.99
415,3986,"2005-07-01",1,3.99,3.99
415,3987,"2005-07-01",1,2.99,2.99
415,4108,"2005-08-01",1,8.99,8.99
415,4155,"2005-07-01",1,8.99,8.99
415,4257,"2005-07-01",1,2.99,2.99
415,4430,"2005-08-01",1,4.99,4.99
416,160,"2005-07-01",1,2.99,2.99
416,297,"2005-07-01",1,2.99,2.99
416,534,"2005-07-01",1,5.99,5.99
416,913,"2005-08-01",1,8.99,8.99
416,1320,"2005-08-01",1,6.99,6.99
416,1559,"2005-08-01",1,4.99,4.99
416,1606,"2005-07-01",1,2.99,2.99
416,1632,"2005-06-01",1,2.99,2.99
416,1680,"2005-08-01",1,2.99,2.99
416,1769,"2005-06-01",1,0.99,0.99
416,1901,"2005-07-01",1,7.99,7.99
416,2071,"2005-07-01",1,2.99,2.99
416,2184,"2005-08-01",1,2.99,2.99
416,2238,"2005-08-01",1,3.99,3.99
416,2267,"2005-08-01",1,5.99,5.99
416,2295,"2005-08-01",1,4.99,4.99
416,2376,"2005-08-01",1,6.99,6.99
416,2393,"2005-06-01",1,4.99,4.99
416,2552,"2005-06-01",1,2.99,2.99
416,2726,"2005-08-01",1,1.99,1.99
416,2806,"2005-07-01",1,2.99,2.99
416,2858,"2005-07-01",1,2.99,2.99
416,3009,"2005-08-01",1,4.99,4.99
416,3123,"2005-07-01",1,0.99,0.99
416,3232,"2005-07-01",1,3.99,3.99
416,3658,"2005-08-01",1,6.99,6.99
416,4026,"2005-06-01",1,0.99,0.99
416,4362,"2005-08-01",1,0.99,0.99
417,12,"2005-08-01",1,2.99,2.99
417,491,"2005-08-01",1,6.99,6.99
417,615,"2005-08-01",1,4.99,4.99
417,632,"2005-07-01",1,6.99,6.99
417,711,"2005-08-01",1,0.99,0.99
417,1140,"2005-07-01",1,2.99,2.99
417,1201,"2005-08-01",1,7.99,7.99
417,1719,"2005-07-01",1,4.99,4.99
417,1817,"2005-08-01",1,0.99,0.99
417,2188,"2005-07-01",1,4.99,4.99
417,2620,"2005-07-01",1,2.99,2.99
417,2650,"2005-08-01",1,6.99,6.99
417,3538,"2006-02-01",1,2.99,2.99
417,3885,"2005-08-01",1,0.99,0.99
417,4103,"2005-07-01",1,9.99,9.99
417,4207,"2005-08-01",1,4.99,4.99
417,4284,"2005-08-01",1,1.99,1.99
417,4368,"2005-07-01",1,2.99,2.99
417,4369,"2005-06-01",1,3.99,3.99
417,4371,"2005-08-01",1,0.99,0.99
417,4518,"2005-08-01",1,2.99,2.99
417,4576,"2005-08-01",1,4.99,4.99
418,17,"2005-07-01",1,4.99,4.99
418,74,"2005-08-01",1,5.99,5.99
418,282,"2005-08-01",1,0.99,0.99
418,571,"2005-08-01",1,4.99,4.99
418,761,"2005-08-01",1,3.99,3.99
418,1110,"2005-07-01",1,4.99,4.99
418,1161,"2005-07-01",1,4.99,4.99
418,1368,"2005-08-01",1,2.99,2.99
418,1406,"2005-08-01",1,2.99,2.99
418,1469,"2005-07-01",1,10.99,10.99
418,1614,"2005-07-01",1,2.99,2.99
418,1716,"2005-07-01",1,0.99,0.99
418,1748,"2005-06-01",1,2.99,2.99
418,1882,"2005-08-01",1,2.99,2.99
418,1942,"2005-08-01",1,0.99,0.99
418,2140,"2005-08-01",1,5.99,5.99
418,2164,"2005-07-01",1,0.99,0.99
418,2521,"2005-08-01",1,2.99,2.99
418,2568,"2005-07-01",1,0.99,0.99
418,2591,"2005-06-01",1,2.99,2.99
418,2601,"2005-06-01",1,2.99,2.99
418,2891,"2005-08-01",1,0.99,0.99
418,3224,"2005-07-01",1,5.99,5.99
418,3545,"2005-07-01",1,7.99,7.99
418,3691,"2005-08-01",1,1.99,1.99
418,3714,"2005-08-01",1,0.99,0.99
418,3979,"2005-08-01",1,4.99,4.99
418,4254,"2005-08-01",1,0.99,0.99
418,4287,"2005-08-01",1,4.99,4.99
418,4568,"2005-08-01",1,2.99,2.99
419,238,"2005-07-01",1,3.99,3.99
419,594,"2005-07-01",1,0.99,0.99
419,622,"2005-07-01",1,4.99,4.99
419,635,"2005-08-01",1,2.99,2.99
419,732,"2005-06-01",1,2.99,2.99
419,989,"2005-08-01",1,2.99,2.99
419,1057,"2005-07-01",1,2.99,2.99
419,1081,"2005-07-01",1,3.99,3.99
419,1560,"2005-08-01",1,4.99,4.99
419,1902,"2005-07-01",1,4.99,4.99
419,2142,"2005-07-01",1,5.99,5.99
419,2253,"2005-08-01",1,4.99,4.99
419,2328,"2005-07-01",1,2.99,2.99
419,2390,"2005-08-01",1,6.99,6.99
419,2557,"2005-07-01",1,0.99,0.99
419,2676,"2005-08-01",1,5.99,5.99
419,2689,"2005-08-01",1,2.99,2.99
419,3478,"2005-08-01",1,0.99,0.99
419,3550,"2005-08-01",1,7.99,7.99
419,3659,"2005-07-01",1,0.99,0.99
419,3784,"2005-08-01",1,2.99,2.99
419,3848,"2005-07-01",1,4.99,4.99
419,4252,"2005-07-01",1,0.99,0.99
419,4372,"2005-07-01",1,0.99,0.99
420,145,"2005-08-01",1,5.99,5.99
420,462,"2005-07-01",1,2.99,2.99
420,947,"2005-08-01",1,4.99,4.99
420,1164,"2005-06-01",1,3.99,3.99
420,1257,"2005-07-01",1,4.99,4.99
420,1505,"2005-07-01",1,3.99,3.99
420,1953,"2005-07-01",1,4.99,4.99
420,2056,"2005-08-01",1,4.99,4.99
420,2077,"2005-07-01",1,4.99,4.99
420,2720,"2005-07-01",1,4.99,4.99
420,2745,"2005-07-01",1,4.99,4.99
420,2843,"2005-08-01",1,10.99,10.99
420,2970,"2005-06-01",1,0.99,0.99
420,3020,"2005-08-01",1,0.99,0.99
420,3172,"2005-07-01",1,0.99,0.99
420,3357,"2005-07-01",1,0.99,0.99
420,3795,"2005-08-01",1,0.99,0.99
420,3900,"2005-06-01",1,0.99,0.99
420,4096,"2005-07-01",1,4.99,4.99
420,4140,"2005-07-01",1,0.99,0.99
421,56,"2005-08-01",1,3.99,3.99
421,192,"2005-07-01",1,3.99,3.99
421,580,"2005-08-01",1,4.99,4.99
421,825,"2005-08-01",1,2.99,2.99
421,1020,"2006-02-01",1,0.99,0.99
421,1189,"2005-08-01",1,4.99,4.99
421,1306,"2005-06-01",1,4.99,4.99
421,1329,"2005-08-01",1,3.99,3.99
421,1717,"2005-07-01",1,0.99,0.99
421,1835,"2005-07-01",1,7.99,7.99
421,2084,"2005-07-01",1,4.99,4.99
421,2385,"2005-07-01",1,4.99,4.99
421,2386,"2005-06-01",1,4.99,4.99
421,2416,"2005-08-01",1,4.99,4.99
421,2547,"2005-06-01",1,2.99,2.99
421,2621,"2005-08-01",1,9.99,9.99
421,2878,"2005-07-01",1,0.99,0.99
421,2932,"2005-07-01",1,2.99,2.99
421,2981,"2005-07-01",1,8.99,8.99
421,2988,"2005-08-01",1,4.99,4.99
421,3395,"2005-07-01",1,5.99,5.99
421,4159,"2005-08-01",1,4.99,4.99
421,4164,"2005-07-01",1,4.99,4.99
421,4239,"2005-07-01",1,4.99,4.99
421,4276,"2005-07-01",1,5.99,5.99
422,60,"2005-08-01",1,1.99,1.99
422,258,"2006-02-01",1,2.99,2.99
422,361,"2005-07-01",1,0.99,0.99
422,659,"2005-07-01",1,0.99,0.99
422,1374,"2005-06-01",1,2.99,2.99
422,1581,"2005-08-01",1,4.99,4.99
422,1664,"2005-08-01",1,3.99,3.99
422,1725,"2005-06-01",1,0.99,0.99
422,1774,"2005-07-01",1,4.99,4.99
422,1806,"2005-08-01",1,4.99,4.99
422,1830,"2005-08-01",1,2.99,2.99
422,2008,"2005-08-01",1,2.99,2.99
422,2323,"2005-07-01",1,1.99,1.99
422,2558,"2005-08-01",1,2.99,2.99
422,2680,"2005-08-01",1,4.99,4.99
422,2844,"2005-08-01",1,9.99,9.99
422,2979,"2005-07-01",1,4.99,4.99
422,3357,"2005-06-01",1,5.99,5.99
422,4089,"2005-08-01",1,0.99,0.99
422,4142,"2005-06-01",1,4.99,4.99
422,4335,"2005-08-01",1,1.99,1.99
422,4356,"2005-07-01",1,2.99,2.99
422,4380,"2005-08-01",1,6.99,6.99
422,4510,"2005-07-01",1,4.99,4.99
422,4514,"2005-08-01",1,6.99,6.99
423,297,"2005-08-01",1,2.99,2.99
423,301,"2005-08-01",1,6.99,6.99
423,386,"2005-07-01",1,1.99,1.99
423,439,"2005-07-01",1,0.99,0.99
423,469,"2005-06-01",1,6.99,6.99
423,511,"2005-08-01",1,4.99,4.99
423,866,"2005-08-01",1,4.99,4.99
423,996,"2005-07-01",1,9.99,9.99
423,1353,"2005-07-01",1,4.99,4.99
423,1425,"2005-07-01",1,5.99,5.99
423,1524,"2005-07-01",1,2.99,2.99
423,1659,"2005-08-01",1,2.99,2.99
423,1849,"2005-07-01",1,9.99,9.99
423,2556,"2005-07-01",1,0.99,0.99
423,3089,"2005-07-01",1,3.99,3.99
423,3225,"2005-07-01",1,9.99,9.99
423,3558,"2005-06-01",1,6.99,6.99
423,3579,"2005-07-01",1,2.99,2.99
423,3610,"2005-07-01",1,2.99,2.99
423,3621,"2005-06-01",1,3.99,3.99
423,3642,"2005-08-01",1,0.99,0.99
423,3652,"2005-07-01",1,0.99,0.99
423,3804,"2005-06-01",1,0.99,0.99
423,4131,"2005-06-01",1,8.99,8.99
423,4240,"2005-08-01",1,4.99,4.99
423,4488,"2005-08-01",1,4.99,4.99
424,117,"2005-08-01",1,2.99,2.99
424,280,"2005-07-01",1,1.99,1.99
424,922,"2006-02-01",1,0.99,0.99
424,1130,"2005-07-01",1,0.99,0.99
424,1148,"2005-07-01",1,2.99,2.99
424,1358,"2005-07-01",1,5.99,5.99
424,1495,"2005-07-01",1,6.99,6.99
424,1569,"2005-07-01",1,0.99,0.99
424,1595,"2005-07-01",1,2.99,2.99
424,1753,"2005-07-01",1,4.99,4.99
424,1850,"2005-06-01",1,6.99,6.99
424,1911,"2005-07-01",1,0.99,0.99
424,2005,"2005-06-01",1,0.99,0.99
424,2390,"2005-07-01",1,4.99,4.99
424,2534,"2005-08-01",1,4.99,4.99
424,2544,"2005-07-01",1,4.99,4.99
424,2598,"2005-08-01",1,3.99,3.99
424,2805,"2005-08-01",1,2.99,2.99
424,2832,"2005-07-01",1,3.99,3.99
424,2992,"2005-08-01",1,6.99,6.99
424,3216,"2005-06-01",1,4.99,4.99
424,3230,"2005-07-01",1,2.99,2.99
424,3387,"2005-07-01",1,0.99,0.99
424,3458,"2005-07-01",1,2.99,2.99
424,3519,"2005-07-01",1,8.99,8.99
424,3711,"2005-08-01",1,0.99,0.99
424,3728,"2005-08-01",1,2.99,2.99
424,4304,"2005-08-01",1,9.99,9.99
424,4338,"2005-08-01",1,0.99,0.99
425,39,"2005-07-01",1,4.99,4.99
425,116,"2005-07-01",1,2.99,2.99
425,126,"2005-08-01",1,6.99,6.99
425,210,"2005-08-01",1,4.99,4.99
425,789,"2005-07-01",1,4.99,4.99
425,1222,"2005-07-01",1,8.99,8.99
425,1233,"2005-08-01",1,0.99,0.99
425,1372,"2005-08-01",1,2.99,2.99
425,1400,"2005-08-01",1,5.99,5.99
425,1890,"2005-06-01",1,6.99,6.99
425,2048,"2005-07-01",1,2.99,2.99
425,2180,"2005-07-01",1,2.99,2.99
425,2427,"2005-07-01",1,2.99,2.99
425,2441,"2005-07-01",1,4.99,4.99
425,2811,"2005-07-01",1,0.99,0.99
425,2969,"2005-07-01",1,0.99,0.99
425,3201,"2005-07-01",1,7.99,7.99
425,3376,"2005-07-01",1,0.99,0.99
425,3543,"2005-07-01",1,7.99,7.99
425,3583,"2005-07-01",1,2.99,2.99
425,3759,"2005-07-01",1,5.99,5.99
425,4113,"2005-08-01",1,0.99,0.99
425,4230,"2005-08-01",1,0.99,0.99
425,4279,"2005-07-01",1,0.99,0.99
425,4389,"2005-07-01",1,2.99,2.99
426,88,"2005-06-01",1,0.99,0.99
426,419,"2005-08-01",1,4.99,4.99
426,750,"2005-08-01",1,5.99,5.99
426,875,"2005-08-01",1,2.99,2.99
426,1137,"2005-06-01",1,2.99,2.99
426,1472,"2005-06-01",1,7.99,7.99
426,1565,"2005-08-01",1,4.99,4.99
426,2124,"2005-07-01",1,10.99,10.99
426,2268,"2005-07-01",1,5.99,5.99
426,2506,"2005-07-01",1,10.99,10.99
426,2556,"2005-06-01",1,0.99,0.99
426,2668,"2005-08-01",1,0.99,0.99
426,2695,"2005-07-01",1,4.99,4.99
426,2785,"2005-08-01",1,6.99,6.99
426,2837,"2005-07-01",1,5.99,5.99
426,2977,"2005-08-01",1,1.99,1.99
426,3446,"2005-07-01",1,4.99,4.99
426,3487,"2005-07-01",1,4.99,4.99
426,3501,"2005-06-01",1,6.99,6.99
426,3628,"2005-07-01",1,4.99,4.99
426,3927,"2005-08-01",1,6.99,6.99
426,3982,"2005-08-01",1,0.99,0.99
426,4023,"2005-08-01",1,2.99,2.99
426,4106,"2005-07-01",1,4.99,4.99
426,4109,"2005-07-01",1,2.99,2.99
426,4293,"2005-07-01",1,3.99,3.99
427,314,"2005-08-01",1,6.99,6.99
427,457,"2005-06-01",1,5.99,5.99
427,464,"2005-08-01",1,5.99,5.99
427,689,"2005-08-01",1,3.99,3.99
427,813,"2005-08-01",1,1.99,1.99
427,868,"2005-06-01",1,3.99,3.99
427,892,"2005-07-01",1,6.99,6.99
427,1199,"2005-07-01",1,2.99,2.99
427,1356,"2005-06-01",1,0.99,0.99
427,1534,"2005-08-01",1,4.99,4.99
427,1631,"2005-07-01",1,5.99,5.99
427,2033,"2005-07-01",1,5.99,5.99
427,2058,"2005-07-01",1,7.99,7.99
427,2284,"2005-08-01",1,5.99,5.99
427,2426,"2005-08-01",1,3.99,3.99
427,2468,"2005-07-01",1,2.99,2.99
427,2812,"2005-07-01",1,2.99,2.99
427,2965,"2005-07-01",1,5.99,5.99
427,3090,"2005-07-01",1,3.99,3.99
427,3675,"2005-08-01",1,4.99,4.99
427,4120,"2005-07-01",1,3.99,3.99
427,4257,"2005-06-01",1,1.99,1.99
427,4429,"2005-06-01",1,5.99,5.99
428,84,"2005-07-01",1,6.99,6.99
428,276,"2005-07-01",1,5.99,5.99
428,565,"2005-06-01",1,2.99,2.99
428,654,"2005-06-01",1,3.99,3.99
428,910,"2005-07-01",1,4.99,4.99
428,950,"2005-07-01",1,4.99,4.99
428,1845,"2005-06-01",1,0.99,0.99
428,2107,"2005-07-01",1,4.99,4.99
428,2204,"2005-07-01",1,2.99,2.99
428,2240,"2005-08-01",1,4.99,4.99
428,2412,"2005-08-01",1,2.99,2.99
428,2653,"2005-07-01",1,5.99,5.99
428,2698,"2005-07-01",1,2.99,2.99
428,2735,"2005-08-01",1,0.99,0.99
428,3023,"2005-07-01",1,2.99,2.99
428,3115,"2005-06-01",1,3.99,3.99
428,4089,"2005-07-01",1,5.99,5.99
428,4384,"2005-06-01",1,2.99,2.99
428,4564,"2005-07-01",1,0.99,0.99
429,35,"2005-07-01",1,4.99,4.99
429,452,"2005-07-01",1,4.99,4.99
429,641,"2005-07-01",1,7.99,7.99
429,995,"2005-07-01",1,7.99,7.99
429,1654,"2005-06-01",1,2.99,2.99
429,2230,"2005-07-01",1,0.99,0.99
429,2841,"2005-06-01",1,5.99,5.99
429,2904,"2005-08-01",1,2.99,2.99
429,3215,"2005-08-01",1,4.99,4.99
429,3374,"2005-06-01",1,2.99,2.99
429,3434,"2005-07-01",1,1.99,1.99
429,3545,"2005-07-01",1,6.99,6.99
429,3629,"2005-07-01",1,2.99,2.99
429,3954,"2005-08-01",1,4.99,4.99
429,4428,"2005-06-01",1,7.99,7.99
429,4533,"2005-07-01",1,6.99,6.99
430,178,"2005-08-01",1,5.99,5.99
430,659,"2005-06-01",1,0.99,0.99
430,708,"2005-06-01",1,2.99,2.99
430,1371,"2005-07-01",1,2.99,2.99
430,1402,"2005-06-01",1,6.99,6.99
430,1553,"2005-08-01",1,2.99,2.99
430,2277,"2005-06-01",1,0.99,0.99
430,2388,"2005-07-01",1,4.99,4.99
430,2449,"2005-08-01",1,0.99,0.99
430,2765,"2005-06-01",1,2.99,2.99
430,2993,"2005-06-01",1,0.99,0.99
430,3303,"2005-07-01",1,0.99,0.99
430,3468,"2005-07-01",1,6.99,6.99
430,3499,"2005-07-01",1,4.99,4.99
430,3851,"2005-07-01",1,6.99,6.99
430,3926,"2005-08-01",1,4.99,4.99
430,4150,"2005-07-01",1,5.99,5.99
430,4167,"2005-08-01",1,0.99,0.99
430,4280,"2005-08-01",1,0.99,0.99
430,4308,"2005-08-01",1,4.99,4.99
431,1,"2005-07-01",1,0.99,0.99
431,303,"2005-06-01",1,8.99,8.99
431,508,"2005-07-01",1,4.99,4.99
431,550,"2005-07-01",1,3.99,3.99
431,554,"2005-08-01",1,2.99,2.99
431,761,"2005-07-01",1,2.99,2.99
431,1069,"2005-06-01",1,4.99,4.99
431,1233,"2005-07-01",1,4.99,4.99
431,1497,"2005-08-01",1,2.99,2.99
431,1885,"2005-08-01",1,2.99,2.99
431,2134,"2005-06-01",1,2.99,2.99
431,2154,"2005-06-01",1,6.99,6.99
431,2263,"2005-06-01",1,2.99,2.99
431,2455,"2006-02-01",1,2.99,2.99
431,3087,"2005-08-01",1,4.99,4.99
431,3088,"2005-06-01",1,3.99,3.99
431,3539,"2005-08-01",1,6.99,6.99
431,3890,"2005-08-01",1,0.99,0.99
431,3896,"2005-08-01",1,1.99,1.99
431,4212,"2005-06-01",1,4.99,4.99
431,4233,"2005-08-01",1,6.99,6.99
431,4530,"2005-08-01",1,4.99,4.99
432,284,"2005-08-01",1,2.99,2.99
432,337,"2005-08-01",1,6.99,6.99
432,391,"2005-07-01",1,4.99,4.99
432,433,"2005-07-01",1,2.99,2.99
432,535,"2005-07-01",1,5.99,5.99
432,743,"2005-06-01",1,2.99,2.99
432,949,"2005-07-01",1,4.99,4.99
432,1176,"2005-07-01",1,0.99,0.99
432,1561,"2005-07-01",1,4.99,4.99
432,1791,"2005-07-01",1,2.99,2.99
432,1835,"2005-06-01",1,4.99,4.99
432,2570,"2005-08-01",1,4.99,4.99
432,2844,"2005-07-01",1,4.99,4.99
432,3119,"2005-06-01",1,5.99,5.99
432,3351,"2005-08-01",1,6.99,6.99
432,3564,"2005-07-01",1,4.99,4.99
432,3904,"2005-07-01",1,4.99,4.99
432,4251,"2005-08-01",1,0.99,0.99
432,4276,"2005-07-01",1,6.99,6.99
432,4420,"2005-07-01",1,6.99,6.99
433,291,"2005-07-01",1,0.99,0.99
433,345,"2005-08-01",1,4.99,4.99
433,473,"2005-07-01",1,2.99,2.99
433,969,"2005-07-01",1,4.99,4.99
433,1145,"2005-07-01",1,4.99,4.99
433,1184,"2005-07-01",1,4.99,4.99
433,1337,"2005-07-01",1,5.99,5.99
433,1343,"2005-08-01",1,2.99,2.99
433,1464,"2005-08-01",1,4.99,4.99
433,1782,"2005-07-01",1,0.99,0.99
433,2468,"2005-07-01",1,3.99,3.99
433,2478,"2005-08-01",1,4.99,4.99
433,2571,"2005-07-01",1,5.99,5.99
433,2718,"2005-07-01",1,7.99,7.99
433,3066,"2005-07-01",1,6.99,6.99
433,3219,"2005-08-01",1,5.99,5.99
433,3252,"2005-07-01",1,4.99,4.99
433,3842,"2005-08-01",1,6.99,6.99
433,4177,"2005-07-01",1,8.99,8.99
433,4179,"2005-07-01",1,0.99,0.99
433,4181,"2005-08-01",1,4.99,4.99
433,4258,"2005-08-01",1,4.99,4.99
433,4530,"2005-08-01",1,6.99,6.99
434,140,"2005-08-01",1,4.99,4.99
434,218,"2005-07-01",1,2.99,2.99
434,449,"2005-08-01",1,2.99,2.99
434,798,"2005-07-01",1,4.99,4.99
434,879,"2005-08-01",1,3.99,3.99
434,938,"2005-08-01",1,2.99,2.99
434,991,"2005-07-01",1,2.99,2.99
434,1041,"2005-08-01",1,3.99,3.99
434,1135,"2005-08-01",1,7.99,7.99
434,1313,"2005-06-01",1,3.99,3.99
434,1716,"2005-07-01",1,0.99,0.99
434,1929,"2005-06-01",1,0.99,0.99
434,1984,"2005-06-01",1,3.99,3.99
434,2033,"2005-06-01",1,2.99,2.99
434,2176,"2005-07-01",1,10.99,10.99
434,2179,"2005-06-01",1,2.99,2.99
434,2944,"2005-07-01",1,0.99,0.99
434,3105,"2005-06-01",1,7.99,7.99
434,3160,"2005-08-01",1,4.99,4.99
434,3193,"2005-08-01",1,7.99,7.99
434,3545,"2005-06-01",1,5.99,5.99
434,3692,"2005-07-01",1,2.99,2.99
434,3827,"2005-07-01",1,6.99,6.99
434,3833,"2005-08-01",1,2.99,2.99
434,4175,"2005-08-01",1,9.99,9.99
434,4210,"2005-07-01",1,6.99,6.99
435,231,"2005-07-01",1,4.99,4.99
435,388,"2005-07-01",1,5.99,5.99
435,548,"2005-07-01",1,0.99,0.99
435,609,"2005-08-01",1,0.99,0.99
435,1111,"2005-07-01",1,8.99,8.99
435,1479,"2005-08-01",1,6.99,6.99
435,1487,"2005-08-01",1,3.99,3.99
435,1819,"2005-06-01",1,0.99,0.99
435,1897,"2005-08-01",1,2.99,2.99
435,2084,"2005-08-01",1,4.99,4.99
435,2405,"2005-08-01",1,0.99,0.99
435,2485,"2005-06-01",1,0.99,0.99
435,2577,"2005-07-01",1,4.99,4.99
435,2606,"2005-08-01",1,2.99,2.99
435,2675,"2005-07-01",1,4.99,4.99
435,2771,"2005-07-01",1,2.99,2.99
435,2817,"2005-08-01",1,1.99,1.99
435,3403,"2005-07-01",1,3.99,3.99
435,3776,"2005-08-01",1,4.99,4.99
435,3895,"2005-08-01",1,0.99,0.99
435,3983,"2005-08-01",1,0.99,0.99
435,4093,"2005-07-01",1,4.99,4.99
435,4405,"2005-07-01",1,0.99,0.99
436,239,"2005-07-01",1,0.99,0.99
436,259,"2005-08-01",1,5.99,5.99
436,401,"2005-08-01",1,2.99,2.99
436,445,"2005-07-01",1,4.99,4.99
436,493,"2005-07-01",1,1.99,1.99
436,903,"2005-08-01",1,0.99,0.99
436,969,"2005-08-01",1,9.99,9.99
436,1158,"2005-07-01",1,4.99,4.99
436,1335,"2005-07-01",1,5.99,5.99
436,1346,"2005-08-01",1,2.99,2.99
436,1616,"2005-07-01",1,5.99,5.99
436,1801,"2005-08-01",1,3.99,3.99
436,1996,"2005-08-01",1,4.99,4.99
436,2042,"2005-07-01",1,9.99,9.99
436,2129,"2005-08-01",1,0.99,0.99
436,2719,"2005-07-01",1,9.99,9.99
436,2994,"2005-08-01",1,6.99,6.99
436,3169,"2005-07-01",1,0.99,0.99
436,3260,"2005-08-01",1,0.99,0.99
436,3459,"2005-08-01",1,5.99,5.99
436,3469,"2005-07-01",1,2.99,2.99
436,3603,"2005-08-01",1,3.99,3.99
436,3720,"2005-08-01",1,7.99,7.99
436,3793,"2005-07-01",1,0.99,0.99
436,3949,"2005-06-01",1,9.99,9.99
436,4213,"2005-07-01",1,2.99,2.99
436,4331,"2005-08-01",1,4.99,4.99
437,135,"2005-08-01",1,0.99,0.99
437,469,"2005-07-01",1,4.99,4.99
437,695,"2005-07-01",1,2.99,2.99
437,774,"2005-08-01",1,8.99,8.99
437,1056,"2005-08-01",1,2.99,2.99
437,1093,"2005-07-01",1,4.99,4.99
437,1134,"2005-08-01",1,7.99,7.99
437,1372,"2005-07-01",1,2.99,2.99
437,1377,"2005-07-01",1,2.99,2.99
437,2485,"2005-07-01",1,1.99,1.99
437,2714,"2005-08-01",1,1.99,1.99
437,2921,"2005-07-01",1,2.99,2.99
437,3057,"2005-06-01",1,2.99,2.99
437,3083,"2005-08-01",1,3.99,3.99
437,3416,"2005-08-01",1,1.99,1.99
437,3637,"2005-06-01",1,2.99,2.99
437,4164,"2005-07-01",1,4.99,4.99
437,4380,"2005-07-01",1,6.99,6.99
437,4419,"2005-06-01",1,5.99,5.99
437,4441,"2005-07-01",1,8.99,8.99
438,23,"2005-07-01",1,4.99,4.99
438,87,"2005-07-01",1,3.99,3.99
438,251,"2005-07-01",1,4.99,4.99
438,548,"2005-06-01",1,0.99,0.99
438,857,"2006-02-01",1,0.99,0.99
438,875,"2005-07-01",1,2.99,2.99
438,1004,"2005-08-01",1,5.99,5.99
438,1044,"2005-06-01",1,0.99,0.99
438,1524,"2005-07-01",1,2.99,2.99
438,1760,"2005-08-01",1,4.99,4.99
438,1808,"2005-07-01",1,4.99,4.99
438,1917,"2005-07-01",1,1.99,1.99
438,2217,"2005-08-01",1,0.99,0.99
438,2397,"2005-07-01",1,0.99,0.99
438,2496,"2005-08-01",1,7.99,7.99
438,2571,"2005-08-01",1,5.99,5.99
438,2574,"2005-08-01",1,4.99,4.99
438,2629,"2005-07-01",1,2.99,2.99
438,3184,"2005-07-01",1,8.99,8.99
438,3193,"2005-06-01",1,4.99,4.99
438,3294,"2005-08-01",1,6.99,6.99
438,3651,"2005-06-01",1,0.99,0.99
438,3856,"2005-07-01",1,4.99,4.99
438,3999,"2005-08-01",1,4.99,4.99
438,4042,"2005-07-01",1,3.99,3.99
438,4108,"2005-06-01",1,4.99,4.99
438,4126,"2005-08-01",1,4.99,4.99
438,4481,"2005-06-01",1,4.99,4.99
438,4545,"2005-07-01",1,0.99,0.99
438,4557,"2005-07-01",1,4.99,4.99
439,105,"2005-08-01",1,5.99,5.99
439,223,"2005-07-01",1,6.99,6.99
439,375,"2005-07-01",1,2.99,2.99
439,565,"2005-08-01",1,1.99,1.99
439,569,"2005-06-01",1,4.99,4.99
439,836,"2005-08-01",1,5.99,5.99
439,897,"2005-08-01",1,0.99,0.99
439,1065,"2005-07-01",1,2.99,2.99
439,1277,"2005-08-01",1,3.99,3.99
439,1510,"2005-08-01",1,4.99,4.99
439,1689,"2005-07-01",1,2.99,2.99
439,1746,"2005-06-01",1,2.99,2.99
439,1756,"2005-08-01",1,4.99,4.99
439,1916,"2005-07-01",1,0.99,0.99
439,2390,"2005-06-01",1,6.99,6.99
439,2617,"2005-06-01",1,0.99,0.99
439,2620,"2005-08-01",1,1.99,1.99
439,2736,"2005-08-01",1,4.99,4.99
439,2752,"2005-07-01",1,4.99,4.99
439,2835,"2005-08-01",1,2.99,2.99
439,2949,"2005-08-01",1,5.99,5.99
439,3209,"2005-07-01",1,2.99,2.99
439,3347,"2005-06-01",1,2.99,2.99
439,3511,"2005-07-01",1,5.99,5.99
439,3686,"2005-08-01",1,2.99,2.99
439,4044,"2005-07-01",1,5.99,5.99
439,4149,"2005-08-01",1,6.99,6.99
439,4176,"2005-06-01",1,4.99,4.99
439,4191,"2005-07-01",1,2.99,2.99
439,4267,"2005-07-01",1,2.99,2.99
439,4402,"2005-07-01",1,2.99,2.99
439,4513,"2005-08-01",1,9.99,9.99
439,4566,"2005-08-01",1,2.99,2.99
440,61,"2005-07-01",1,0.99,0.99
440,63,"2005-08-01",1,2.99,2.99
440,272,"2005-07-01",1,7.99,7.99
440,467,"2005-07-01",1,4.99,4.99
440,779,"2005-08-01",1,7.99,7.99
440,944,"2005-07-01",1,2.99,2.99
440,1462,"2005-08-01",1,4.99,4.99
440,1630,"2005-07-01",1,2.99,2.99
440,1816,"2005-08-01",1,0.99,0.99
440,1926,"2005-08-01",1,0.99,0.99
440,1952,"2005-07-01",1,2.99,2.99
440,2124,"2005-08-01",1,6.99,6.99
440,2414,"2005-07-01",1,4.99,4.99
440,2514,"2005-07-01",1,0.99,0.99
440,2960,"2005-07-01",1,2.99,2.99
440,3212,"2006-02-01",1,4.99,4.99
440,3394,"2005-08-01",1,4.99,4.99
440,3475,"2005-07-01",1,0.99,0.99
440,3682,"2005-07-01",1,4.99,4.99
440,4317,"2005-07-01",1,9.99,9.99
440,4459,"2005-08-01",1,0.99,0.99
441,201,"2005-07-01",1,4.99,4.99
441,385,"2005-07-01",1,4.99,4.99
441,407,"2005-07-01",1,1.99,1.99
441,471,"2005-08-01",1,4.99,4.99
441,608,"2005-07-01",1,2.99,2.99
441,899,"2005-07-01",1,0.99,0.99
441,941,"2005-08-01",1,4.99,4.99
441,1049,"2005-07-01",1,2.99,2.99
441,1202,"2006-02-01",1,4.99,4.99
441,1575,"2005-07-01",1,5.99,5.99
441,1624,"2005-07-01",1,4.99,4.99
441,1661,"2005-08-01",1,1.99,1.99
441,1668,"2005-07-01",1,4.99,4.99
441,1777,"2005-06-01",1,4.99,4.99
441,2277,"2005-08-01",1,1.99,1.99
441,2304,"2005-06-01",1,4.99,4.99
441,2550,"2005-08-01",1,2.99,2.99
441,2588,"2005-07-01",1,8.99,8.99
441,2687,"2005-08-01",1,3.99,3.99
441,2823,"2005-07-01",1,2.99,2.99
441,3027,"2005-08-01",1,4.99,4.99
441,3270,"2005-07-01",1,2.99,2.99
441,3617,"2005-07-01",1,0.99,0.99
441,4007,"2005-07-01",1,0.99,0.99
441,4019,"2005-07-01",1,0.99,0.99
441,4516,"2005-07-01",1,2.99,2.99
441,4577,"2005-07-01",1,10.99,10.99
442,89,"2005-08-01",1,1.99,1.99
442,206,"2005-07-01",1,5.99,5.99
442,290,"2005-08-01",1,7.99,7.99
442,354,"2005-07-01",1,2.99,2.99
442,658,"2005-08-01",1,0.99,0.99
442,667,"2005-07-01",1,5.99,5.99
442,771,"2005-08-01",1,0.99,0.99
442,879,"2005-07-01",1,2.99,2.99
442,919,"2005-07-01",1,0.99,0.99
442,923,"2005-08-01",1,0.99,0.99
442,1014,"2005-06-01",1,8.99,8.99
442,1067,"2005-07-01",1,4.99,4.99
442,1149,"2005-08-01",1,2.99,2.99
442,1688,"2005-07-01",1,3.99,3.99
442,1973,"2005-08-01",1,0.99,0.99
442,2025,"2005-06-01",1,0.99,0.99
442,2548,"2005-07-01",1,2.99,2.99
442,2600,"2005-07-01",1,2.99,2.99
442,2816,"2005-07-01",1,4.99,4.99
442,2929,"2005-07-01",1,2.99,2.99
442,3058,"2005-06-01",1,2.99,2.99
442,3207,"2005-07-01",1,2.99,2.99
442,3307,"2005-06-01",1,5.99,5.99
442,3464,"2005-07-01",1,2.99,2.99
442,3479,"2005-07-01",1,4.99,4.99
442,3877,"2005-07-01",1,2.99,2.99
442,3924,"2005-07-01",1,4.99,4.99
442,4032,"2005-08-01",1,6.99,6.99
442,4173,"2005-08-01",1,0.99,0.99
443,288,"2005-07-01",1,9.99,9.99
443,392,"2005-08-01",1,4.99,4.99
443,542,"2005-08-01",1,0.99,0.99
443,569,"2005-07-01",1,4.99,4.99
443,645,"2005-08-01",1,0.99,0.99
443,735,"2005-07-01",1,5.99,5.99
443,1129,"2005-08-01",1,0.99,0.99
443,1518,"2005-07-01",1,2.99,2.99
443,1731,"2005-06-01",1,2.99,2.99
443,1758,"2005-07-01",1,2.99,2.99
443,2250,"2005-07-01",1,5.99,5.99
443,2344,"2005-07-01",1,4.99,4.99
443,2415,"2005-07-01",1,8.99,8.99
443,2498,"2005-08-01",1,2.99,2.99
443,2924,"2005-08-01",1,4.99,4.99
443,2934,"2005-08-01",1,2.99,2.99
443,3183,"2005-07-01",1,5.99,5.99
443,3279,"2005-08-01",1,4.99,4.99
443,3497,"2005-07-01",1,1.99,1.99
443,4078,"2005-08-01",1,6.99,6.99
443,4307,"2005-08-01",1,4.99,4.99
444,121,"2005-08-01",1,4.99,4.99
444,316,"2005-08-01",1,4.99,4.99
444,503,"2005-06-01",1,7.99,7.99
444,514,"2005-08-01",1,6.99,6.99
444,726,"2005-08-01",1,4.99,4.99
444,851,"2005-08-01",1,4.99,4.99
444,867,"2005-08-01",1,0.99,0.99
444,924,"2005-07-01",1,1.99,1.99
444,1063,"2005-07-01",1,3.99,3.99
444,1729,"2005-08-01",1,0.99,0.99
444,1830,"2005-06-01",1,3.99,3.99
444,1869,"2005-07-01",1,4.99,4.99
444,2007,"2005-06-01",1,4.99,4.99
444,2066,"2005-08-01",1,2.99,2.99
444,2095,"2005-06-01",1,1.99,1.99
444,2140,"2005-07-01",1,2.99,2.99
444,2387,"2005-08-01",1,4.99,4.99
444,2413,"2005-08-01",1,2.99,2.99
444,2420,"2005-08-01",1,6.99,6.99
444,2628,"2005-08-01",1,2.99,2.99
444,3066,"2005-08-01",1,0.99,0.99
444,3490,"2005-07-01",1,6.99,6.99
444,3540,"2005-06-01",1,5.99,5.99
444,3639,"2005-07-01",1,2.99,2.99
444,3641,"2005-08-01",1,0.99,0.99
444,3731,"2005-06-01",1,0.99,0.99
444,3843,"2005-07-01",1,2.99,2.99
444,4081,"2005-07-01",1,0.99,0.99
445,212,"2005-07-01",1,8.99,8.99
445,257,"2005-08-01",1,7.99,7.99
445,293,"2005-07-01",1,0.99,0.99
445,463,"2005-08-01",1,9.99,9.99
445,703,"2005-07-01",1,2.99,2.99
445,1455,"2005-08-01",1,3.99,3.99
445,1534,"2005-08-01",1,4.99,4.99
445,1703,"2005-07-01",1,4.99,4.99
445,1827,"2005-08-01",1,2.99,2.99
445,1910,"2005-07-01",1,4.99,4.99
445,2147,"2005-07-01",1,2.99,2.99
445,2159,"2005-07-01",1,0.99,0.99
445,2217,"2005-07-01",1,0.99,0.99
445,2607,"2005-08-01",1,6.99,6.99
445,2909,"2005-08-01",1,4.99,4.99
445,3230,"2005-08-01",1,2.99,2.99
445,3304,"2005-08-01",1,0.99,0.99
445,3387,"2005-08-01",1,1.99,1.99
445,3791,"2005-07-01",1,0.99,0.99
445,4066,"2005-07-01",1,0.99,0.99
445,4105,"2005-08-01",1,6.99,6.99
445,4147,"2005-08-01",1,6.99,6.99
445,4528,"2005-08-01",1,3.99,3.99
445,4544,"2005-08-01",1,0.99,0.99
446,566,"2005-08-01",1,0.99,0.99
446,672,"2005-07-01",1,0.99,0.99
446,905,"2005-07-01",1,4.99,4.99
446,1380,"2005-07-01",1,0.99,0.99
446,1417,"2005-07-01",1,4.99,4.99
446,1663,"2005-08-01",1,1.99,1.99
446,1696,"2005-07-01",1,9.99,9.99
446,1921,"2005-07-01",1,0.99,0.99
446,1999,"2005-06-01",1,4.99,4.99
446,2075,"2005-06-01",1,2.99,2.99
446,2248,"2005-07-01",1,6.99,6.99
446,2250,"2005-07-01",1,4.99,4.99
446,2354,"2005-07-01",1,4.99,4.99
446,2407,"2005-06-01",1,0.99,0.99
446,2425,"2005-07-01",1,3.99,3.99
446,2438,"2005-07-01",1,5.99,5.99
446,2917,"2005-07-01",1,0.99,0.99
446,2965,"2005-06-01",1,0.99,0.99
446,3018,"2005-08-01",1,0.99,0.99
446,3136,"2005-07-01",1,4.99,4.99
446,3339,"2005-08-01",1,8.99,8.99
446,3374,"2005-07-01",1,4.99,4.99
446,3538,"2005-07-01",1,2.99,2.99
446,3968,"2005-06-01",1,3.99,3.99
446,4028,"2005-07-01",1,0.99,0.99
446,4181,"2005-06-01",1,6.99,6.99
446,4189,"2005-08-01",1,3.99,3.99
446,4371,"2005-07-01",1,6.99,6.99
447,62,"2005-08-01",1,0.99,0.99
447,98,"2005-07-01",1,0.99,0.99
447,322,"2005-08-01",1,2.99,2.99
447,376,"2005-08-01",1,5.99,5.99
447,399,"2005-07-01",1,0.99,0.99
447,496,"2005-07-01",1,5.99,5.99
447,560,"2005-08-01",1,0.99,0.99
447,755,"2005-06-01",1,4.99,4.99
447,802,"2005-08-01",1,4.99,4.99
447,919,"2005-08-01",1,0.99,0.99
447,1000,"2005-07-01",1,2.99,2.99
447,1012,"2005-07-01",1,8.99,8.99
447,1203,"2005-06-01",1,4.99,4.99
447,1441,"2005-07-01",1,4.99,4.99
447,1652,"2005-08-01",1,5.99,5.99
447,1764,"2005-06-01",1,2.99,2.99
447,2190,"2005-08-01",1,5.99,5.99
447,2313,"2005-08-01",1,2.99,2.99
447,2324,"2005-06-01",1,0.99,0.99
447,2527,"2005-08-01",1,4.99,4.99
447,2640,"2005-07-01",1,6.99,6.99
447,2843,"2005-08-01",1,4.99,4.99
447,3424,"2005-07-01",1,6.99,6.99
447,3463,"2005-08-01",1,2.99,2.99
447,3973,"2005-07-01",1,4.99,4.99
447,4181,"2005-07-01",1,4.99,4.99
447,4254,"2005-07-01",1,1.99,1.99
448,40,"2005-07-01",1,5.99,5.99
448,438,"2005-07-01",1,1.99,1.99
448,822,"2005-08-01",1,9.99,9.99
448,828,"2005-07-01",1,2.99,2.99
448,1003,"2005-06-01",1,3.99,3.99
448,1017,"2005-08-01",1,2.99,2.99
448,1305,"2005-07-01",1,2.99,2.99
448,1369,"2006-02-01",1,3.98,3.98
448,1440,"2005-08-01",1,3.99,3.99
448,1557,"2005-07-01",1,2.99,2.99
448,1657,"2005-06-01",1,5.99,5.99
448,1673,"2005-08-01",1,8.99,8.99
448,1834,"2005-07-01",1,4.99,4.99
448,1973,"2005-08-01",1,2.99,2.99
448,2046,"2005-07-01",1,10.99,10.99
448,2138,"2005-08-01",1,2.99,2.99
448,2271,"2005-06-01",1,0.99,0.99
448,2524,"2005-08-01",1,3.99,3.99
448,2775,"2005-08-01",1,4.99,4.99
448,2901,"2005-08-01",1,3.99,3.99
448,3219,"2005-07-01",1,6.99,6.99
448,3580,"2005-07-01",1,2.99,2.99
448,3844,"2006-02-01",1,0.00,0.00
448,3871,"2005-06-01",1,7.99,7.99
448,3974,"2005-08-01",1,9.99,9.99
448,3976,"2005-07-01",1,0.99,0.99
448,4330,"2005-06-01",1,5.99,5.99
449,22,"2005-07-01",1,2.99,2.99
449,88,"2005-07-01",1,3.99,3.99
449,1167,"2005-06-01",1,2.99,2.99
449,1247,"2005-07-01",1,6.99,6.99
449,1284,"2005-07-01",1,8.99,8.99
449,1980,"2005-07-01",1,2.99,2.99
449,2585,"2005-07-01",1,5.99,5.99
449,2629,"2005-08-01",1,4.99,4.99
449,2804,"2005-08-01",1,2.99,2.99
449,2897,"2005-06-01",1,4.99,4.99
449,2944,"2005-07-01",1,0.99,0.99
449,3104,"2005-08-01",1,7.99,7.99
449,3161,"2005-08-01",1,6.99,6.99
449,3438,"2005-07-01",1,3.99,3.99
449,3622,"2005-06-01",1,0.99,0.99
449,3898,"2005-08-01",1,4.99,4.99
449,3924,"2005-08-01",1,6.99,6.99
450,176,"2005-06-01",1,4.99,4.99
450,211,"2005-07-01",1,7.99,7.99
450,458,"2005-06-01",1,4.99,4.99
450,784,"2005-07-01",1,4.99,4.99
450,1018,"2005-08-01",1,4.99,4.99
450,1120,"2005-08-01",1,4.99,4.99
450,1133,"2005-08-01",1,4.99,4.99
450,1166,"2005-06-01",1,0.99,0.99
450,1185,"2005-06-01",1,4.99,4.99
450,1279,"2005-07-01",1,0.99,0.99
450,1300,"2005-07-01",1,3.99,3.99
450,1813,"2005-08-01",1,3.99,3.99
450,2158,"2006-02-01",1,0.99,0.99
450,2228,"2005-08-01",1,0.99,0.99
450,2391,"2005-08-01",1,4.99,4.99
450,2557,"2005-06-01",1,0.99,0.99
450,2816,"2005-06-01",1,2.99,2.99
450,3107,"2005-08-01",1,4.99,4.99
450,3187,"2005-07-01",1,4.99,4.99
450,3283,"2005-07-01",1,2.99,2.99
450,3406,"2005-06-01",1,2.99,2.99
450,3425,"2005-08-01",1,0.99,0.99
450,4024,"2005-08-01",1,0.99,0.99
450,4200,"2005-07-01",1,0.99,0.99
450,4238,"2005-08-01",1,2.99,2.99
451,73,"2005-07-01",1,4.99,4.99
451,105,"2005-06-01",1,6.99,6.99
451,148,"2005-08-01",1,6.99,6.99
451,307,"2005-08-01",1,8.99,8.99
451,622,"2005-08-01",1,2.99,2.99
451,647,"2005-06-01",1,0.99,0.99
451,707,"2005-08-01",1,2.99,2.99
451,775,"2005-08-01",1,2.99,2.99
451,916,"2005-08-01",1,2.99,2.99
451,993,"2005-08-01",1,6.99,6.99
451,1078,"2005-07-01",1,2.99,2.99
451,1121,"2005-06-01",1,0.99,0.99
451,1701,"2005-06-01",1,3.99,3.99
451,1855,"2005-08-01",1,4.99,4.99
451,2007,"2005-08-01",1,2.99,2.99
451,2010,"2005-08-01",1,2.99,2.99
451,2024,"2005-08-01",1,0.99,0.99
451,2057,"2005-07-01",1,4.99,4.99
451,2164,"2005-06-01",1,1.99,1.99
451,2384,"2005-08-01",1,2.99,2.99
451,2497,"2005-07-01",1,8.99,8.99
451,2821,"2005-06-01",1,0.99,0.99
451,3034,"2005-07-01",1,3.99,3.99
451,3271,"2005-06-01",1,6.99,6.99
451,3340,"2005-07-01",1,8.99,8.99
451,3393,"2005-08-01",1,4.99,4.99
451,3431,"2005-08-01",1,1.99,1.99
451,3638,"2005-07-01",1,2.99,2.99
451,3663,"2005-08-01",1,2.99,2.99
451,4250,"2005-08-01",1,0.99,0.99
452,190,"2005-07-01",1,3.99,3.99
452,368,"2005-07-01",1,4.99,4.99
452,404,"2005-08-01",1,0.99,0.99
452,497,"2005-06-01",1,3.99,3.99
452,743,"2005-07-01",1,2.99,2.99
452,847,"2005-07-01",1,0.99,0.99
452,1457,"2005-08-01",1,4.99,4.99
452,1615,"2005-08-01",1,4.99,4.99
452,1618,"2005-07-01",1,2.99,2.99
452,1628,"2005-06-01",1,5.99,5.99
452,1675,"2005-07-01",1,1.99,1.99
452,1684,"2005-06-01",1,0.99,0.99
452,1948,"2005-07-01",1,0.99,0.99
452,2021,"2006-02-01",1,4.99,4.99
452,2223,"2005-06-01",1,4.99,4.99
452,2507,"2005-07-01",1,6.99,6.99
452,2555,"2005-08-01",1,3.99,3.99
452,2596,"2005-06-01",1,4.99,4.99
452,2669,"2005-07-01",1,0.99,0.99
452,3259,"2005-06-01",1,0.99,0.99
452,3426,"2005-07-01",1,2.99,2.99
452,3433,"2005-08-01",1,0.99,0.99
452,3652,"2005-06-01",1,0.99,0.99
452,3855,"2005-07-01",1,6.99,6.99
452,3961,"2005-07-01",1,1.99,1.99
452,4112,"2005-08-01",1,0.99,0.99
452,4130,"2005-07-01",1,6.99,6.99
452,4222,"2005-08-01",1,4.99,4.99
452,4415,"2005-08-01",1,3.99,3.99
453,203,"2005-07-01",1,8.99,8.99
453,377,"2005-07-01",1,2.99,2.99
453,379,"2005-08-01",1,4.99,4.99
453,389,"2005-07-01",1,6.99,6.99
453,1073,"2005-06-01",1,4.99,4.99
453,1235,"2005-07-01",1,0.99,0.99
453,1278,"2005-08-01",1,2.99,2.99
453,1364,"2005-08-01",1,4.99,4.99
453,1491,"2005-07-01",1,4.99,4.99
453,1821,"2005-08-01",1,0.99,0.99
453,2318,"2005-08-01",1,7.99,7.99
453,2463,"2005-08-01",1,2.99,2.99
453,2578,"2005-06-01",1,7.99,7.99
453,2695,"2005-06-01",1,5.99,5.99
453,2709,"2005-07-01",1,0.99,0.99
453,3132,"2005-07-01",1,1.99,1.99
453,3392,"2005-07-01",1,4.99,4.99
453,3419,"2005-07-01",1,6.99,6.99
453,3486,"2005-08-01",1,4.99,4.99
453,3905,"2005-08-01",1,4.99,4.99
453,4027,"2005-08-01",1,5.99,5.99
453,4163,"2005-08-01",1,4.99,4.99
453,4392,"2005-07-01",1,6.99,6.99
454,135,"2005-06-01",1,1.99,1.99
454,245,"2005-06-01",1,2.99,2.99
454,349,"2005-08-01",1,6.99,6.99
454,570,"2005-06-01",1,4.99,4.99
454,619,"2005-08-01",1,3.99,3.99
454,928,"2005-07-01",1,3.99,3.99
454,963,"2005-07-01",1,4.99,4.99
454,1103,"2005-07-01",1,0.99,0.99
454,1276,"2005-08-01",1,0.99,0.99
454,1284,"2005-06-01",1,4.99,4.99
454,1584,"2005-08-01",1,4.99,4.99
454,1653,"2005-08-01",1,2.99,2.99
454,1739,"2005-07-01",1,2.99,2.99
454,1788,"2005-08-01",1,0.99,0.99
454,1799,"2005-06-01",1,2.99,2.99
454,1872,"2005-06-01",1,9.99,9.99
454,1936,"2005-06-01",1,4.99,4.99
454,2055,"2005-06-01",1,5.99,5.99
454,2307,"2005-06-01",1,7.99,7.99
454,2769,"2005-07-01",1,2.99,2.99
454,2893,"2005-08-01",1,0.99,0.99
454,2921,"2005-08-01",1,1.99,1.99
454,3000,"2005-08-01",1,2.99,2.99
454,3040,"2005-08-01",1,8.99,8.99
454,3324,"2005-07-01",1,4.99,4.99
454,3428,"2005-07-01",1,0.99,0.99
454,3489,"2005-07-01",1,7.99,7.99
454,3494,"2005-06-01",1,5.99,5.99
454,3654,"2005-08-01",1,8.99,8.99
454,4075,"2005-07-01",1,9.99,9.99
454,4085,"2005-07-01",1,0.99,0.99
454,4308,"2005-07-01",1,4.99,4.99
455,354,"2005-08-01",1,2.99,2.99
455,450,"2005-07-01",1,2.99,2.99
455,601,"2005-08-01",1,4.99,4.99
455,1033,"2005-07-01",1,2.99,2.99
455,1049,"2005-06-01",1,2.99,2.99
455,1144,"2005-07-01",1,4.99,4.99
455,1203,"2005-08-01",1,4.99,4.99
455,1292,"2005-08-01",1,4.99,4.99
455,1349,"2005-08-01",1,2.99,2.99
455,2204,"2005-08-01",1,4.99,4.99
455,2207,"2005-06-01",1,0.99,0.99
455,2495,"2005-07-01",1,4.99,4.99
455,2817,"2005-07-01",1,2.99,2.99
455,2968,"2005-08-01",1,1.99,1.99
455,2984,"2005-07-01",1,8.99,8.99
455,3053,"2005-07-01",1,6.99,6.99
455,3133,"2005-06-01",1,1.99,1.99
455,3469,"2005-08-01",1,2.99,2.99
455,4026,"2005-08-01",1,0.99,0.99
455,4174,"2005-06-01",1,1.99,1.99
455,4287,"2005-07-01",1,5.99,5.99
455,4559,"2005-07-01",1,4.99,4.99
456,143,"2005-07-01",1,2.99,2.99
456,254,"2005-08-01",1,2.99,2.99
456,275,"2005-08-01",1,4.99,4.99
456,326,"2005-06-01",1,6.99,6.99
456,376,"2005-06-01",1,2.99,2.99
456,830,"2005-06-01",1,2.99,2.99
456,1012,"2005-07-01",1,7.99,7.99
456,1469,"2005-06-01",1,5.99,5.99
456,1886,"2005-06-01",1,4.99,4.99
456,1904,"2005-07-01",1,3.99,3.99
456,1967,"2005-08-01",1,5.99,5.99
456,2252,"2005-07-01",1,4.99,4.99
456,2490,"2005-08-01",1,3.99,3.99
456,2989,"2005-08-01",1,4.99,4.99
456,3122,"2005-08-01",1,4.99,4.99
456,3580,"2005-08-01",1,2.99,2.99
456,3649,"2005-08-01",1,1.99,1.99
456,3766,"2005-08-01",1,8.99,8.99
456,3794,"2005-07-01",1,0.99,0.99
456,3981,"2005-07-01",1,0.99,0.99
456,4138,"2005-06-01",1,0.99,0.99
456,4246,"2005-08-01",1,2.99,2.99
456,4251,"2005-06-01",1,0.99,0.99
456,4256,"2005-07-01",1,2.99,2.99
457,454,"2005-08-01",1,4.99,4.99
457,553,"2005-08-01",1,10.99,10.99
457,618,"2005-08-01",1,6.99,6.99
457,713,"2006-02-01",1,0.00,0.00
457,854,"2005-07-01",1,2.99,2.99
457,1228,"2005-08-01",1,4.99,4.99
457,1514,"2005-08-01",1,2.99,2.99
457,1526,"2005-07-01",1,5.99,5.99
457,1658,"2006-02-01",1,3.98,3.98
457,2067,"2005-07-01",1,7.99,7.99
457,2070,"2005-07-01",1,4.99,4.99
457,2149,"2005-07-01",1,2.99,2.99
457,2193,"2005-06-01",1,2.99,2.99
457,2324,"2005-07-01",1,1.99,1.99
457,2533,"2005-08-01",1,6.99,6.99
457,2912,"2005-06-01",1,7.99,7.99
457,2951,"2005-06-01",1,0.99,0.99
457,3179,"2005-06-01",1,2.99,2.99
457,3229,"2005-08-01",1,3.99,3.99
457,3274,"2005-06-01",1,4.99,4.99
457,3380,"2005-07-01",1,0.99,0.99
457,3431,"2005-06-01",1,3.99,3.99
457,3518,"2005-06-01",1,4.99,4.99
457,3890,"2005-06-01",1,0.99,0.99
457,4024,"2005-06-01",1,0.99,0.99
457,4281,"2005-08-01",1,0.99,0.99
457,4567,"2005-08-01",1,0.99,0.99
458,1251,"2005-08-01",1,4.99,4.99
458,1286,"2005-07-01",1,7.99,7.99
458,1614,"2005-08-01",1,4.99,4.99
458,1810,"2005-06-01",1,5.99,5.99
458,1993,"2005-08-01",1,0.99,0.99
458,2273,"2005-07-01",1,3.99,3.99
458,2518,"2005-08-01",1,2.99,2.99
458,2609,"2005-08-01",1,2.99,2.99
458,2709,"2005-07-01",1,0.99,0.99
458,2870,"2005-07-01",1,1.99,1.99
458,3174,"2005-07-01",1,2.99,2.99
458,3471,"2005-07-01",1,5.99,5.99
458,3631,"2005-07-01",1,2.99,2.99
458,3843,"2005-08-01",1,2.99,2.99
458,4000,"2005-08-01",1,4.99,4.99
458,4087,"2005-07-01",1,3.99,3.99
458,4250,"2005-08-01",1,2.99,2.99
458,4324,"2005-06-01",1,0.99,0.99
458,4327,"2005-07-01",1,0.99,0.99
459,19,"2005-07-01",1,2.99,2.99
459,245,"2005-07-01",1,3.99,3.99
459,384,"2005-06-01",1,0.99,0.99
459,440,"2005-07-01",1,0.99,0.99
459,730,"2005-07-01",1,4.99,4.99
459,767,"2005-07-01",1,4.99,4.99
459,839,"2005-07-01",1,4.99,4.99
459,840,"2005-07-01",1,6.99,6.99
459,1146,"2005-07-01",1,6.99,6.99
459,1164,"2005-08-01",1,3.99,3.99
459,1368,"2005-07-01",1,0.99,0.99
459,1373,"2005-07-01",1,2.99,2.99
459,1481,"2005-07-01",1,10.99,10.99
459,1705,"2005-08-01",1,7.99,7.99
459,1894,"2005-07-01",1,4.99,4.99
459,1902,"2005-08-01",1,5.99,5.99
459,1919,"2005-06-01",1,0.99,0.99
459,1964,"2005-07-01",1,2.99,2.99
459,2415,"2005-06-01",1,4.99,4.99
459,2468,"2005-06-01",1,2.99,2.99
459,2536,"2005-08-01",1,6.99,6.99
459,2676,"2005-06-01",1,4.99,4.99
459,2751,"2005-08-01",1,4.99,4.99
459,3065,"2005-06-01",1,0.99,0.99
459,3252,"2005-06-01",1,9.99,9.99
459,3287,"2005-08-01",1,2.99,2.99
459,3293,"2005-08-01",1,7.99,7.99
459,3838,"2005-07-01",1,3.99,3.99
459,3846,"2005-08-01",1,2.99,2.99
459,4001,"2005-07-01",1,6.99,6.99
459,4177,"2005-08-01",1,10.99,10.99
459,4361,"2005-08-01",1,0.99,0.99
459,4425,"2005-07-01",1,2.99,2.99
459,4475,"2005-07-01",1,5.99,5.99
459,4558,"2005-08-01",1,4.99,4.99
459,4571,"2005-08-01",1,6.99,6.99
459,4579,"2005-07-01",1,9.99,9.99
460,363,"2005-06-01",1,0.99,0.99
460,576,"2005-08-01",1,2.99,2.99
460,801,"2005-07-01",1,6.99,6.99
460,1091,"2005-08-01",1,5.99,5.99
460,1162,"2005-07-01",1,5.99,5.99
460,1385,"2005-07-01",1,2.99,2.99
460,1749,"2005-08-01",1,3.99,3.99
460,2122,"2005-08-01",1,10.99,10.99
460,2136,"2005-07-01",1,3.99,3.99
460,2212,"2005-08-01",1,2.99,2.99
460,2414,"2005-07-01",1,7.99,7.99
460,2872,"2005-08-01",1,0.99,0.99
460,3200,"2005-08-01",1,5.99,5.99
460,3421,"2005-07-01",1,4.99,4.99
460,3434,"2005-08-01",1,3.99,3.99
460,3437,"2005-08-01",1,0.99,0.99
460,3740,"2005-08-01",1,8.99,8.99
460,4016,"2005-08-01",1,1.99,1.99
460,4192,"2005-07-01",1,4.99,4.99
460,4245,"2005-08-01",1,4.99,4.99
460,4277,"2005-07-01",1,3.99,3.99
461,307,"2005-08-01",1,7.99,7.99
461,332,"2005-08-01",1,2.99,2.99
461,490,"2005-08-01",1,6.99,6.99
461,602,"2005-07-01",1,4.99,4.99
461,849,"2005-07-01",1,0.99,0.99
461,1263,"2005-07-01",1,0.99,0.99
461,1292,"2005-06-01",1,5.99,5.99
461,1374,"2005-07-01",1,2.99,2.99
461,1674,"2005-07-01",1,0.99,0.99
461,1748,"2005-07-01",1,2.99,2.99
461,1989,"2005-07-01",1,2.99,2.99
461,2067,"2005-08-01",1,2.99,2.99
461,2261,"2005-08-01",1,0.99,0.99
461,2336,"2005-08-01",1,4.99,4.99
461,2338,"2005-08-01",1,4.99,4.99
461,2382,"2005-08-01",1,2.99,2.99
461,2482,"2005-06-01",1,4.99,4.99
461,2793,"2005-07-01",1,0.99,0.99
461,2856,"2005-08-01",1,2.99,2.99
461,2864,"2005-08-01",1,2.99,2.99
461,2889,"2005-08-01",1,0.99,0.99
461,3006,"2005-07-01",1,2.99,2.99
461,3158,"2005-08-01",1,4.99,4.99
461,3600,"2005-07-01",1,0.99,0.99
461,3684,"2005-08-01",1,2.99,2.99
461,3974,"2005-07-01",1,4.99,4.99
461,4423,"2005-08-01",1,2.99,2.99
462,398,"2005-07-01",1,4.99,4.99
462,561,"2005-08-01",1,0.99,0.99
462,605,"2005-08-01",1,4.99,4.99
462,706,"2005-08-01",1,2.99,2.99
462,806,"2005-07-01",1,7.99,7.99
462,980,"2005-07-01",1,0.99,0.99
462,1155,"2005-08-01",1,7.99,7.99
462,1576,"2005-08-01",1,8.99,8.99
462,1672,"2005-06-01",1,4.99,4.99
462,1843,"2005-07-01",1,0.99,0.99
462,2343,"2005-07-01",1,4.99,4.99
462,2461,"2005-08-01",1,8.99,8.99
462,2572,"2005-07-01",1,6.99,6.99
462,2686,"2005-08-01",1,4.99,4.99
462,2798,"2005-07-01",1,6.99,6.99
462,3208,"2005-07-01",1,2.99,2.99
462,3234,"2005-07-01",1,8.99,8.99
462,3359,"2005-07-01",1,0.99,0.99
462,3396,"2005-07-01",1,8.99,8.99
462,3473,"2005-07-01",1,2.99,2.99
462,3509,"2005-06-01",1,9.99,9.99
462,3664,"2005-07-01",1,2.99,2.99
462,3687,"2005-07-01",1,3.99,3.99
462,3738,"2005-07-01",1,4.99,4.99
462,3823,"2005-07-01",1,3.99,3.99
462,3985,"2005-08-01",1,6.99,6.99
462,4010,"2005-08-01",1,2.99,2.99
462,4042,"2005-08-01",1,2.99,2.99
462,4237,"2005-08-01",1,2.99,2.99
462,4396,"2005-06-01",1,5.99,5.99
462,4467,"2005-08-01",1,0.99,0.99
463,44,"2005-08-01",1,7.99,7.99
463,248,"2005-06-01",1,4.99,4.99
463,387,"2005-06-01",1,4.99,4.99
463,637,"2005-07-01",1,2.99,2.99
463,646,"2005-07-01",1,0.99,0.99
463,669,"2005-08-01",1,3.99,3.99
463,989,"2005-07-01",1,2.99,2.99
463,1027,"2005-06-01",1,2.99,2.99
463,1064,"2005-08-01",1,2.99,2.99
463,1124,"2005-08-01",1,0.99,0.99
463,1387,"2005-06-01",1,2.99,2.99
463,1535,"2005-08-01",1,6.99,6.99
463,1732,"2005-07-01",1,0.99,0.99
463,1830,"2005-07-01",1,2.99,2.99
463,1983,"2005-07-01",1,7.99,7.99
463,2150,"2005-08-01",1,2.99,2.99
463,2765,"2005-07-01",1,2.99,2.99
463,3139,"2005-08-01",1,2.99,2.99
463,3641,"2005-08-01",1,0.99,0.99
463,3743,"2005-08-01",1,4.99,4.99
463,3919,"2005-07-01",1,0.99,0.99
463,4070,"2005-08-01",1,7.99,7.99
463,4517,"2005-07-01",1,6.99,6.99
463,4567,"2005-07-01",1,0.99,0.99
464,22,"2005-08-01",1,2.99,2.99
464,76,"2005-06-01",1,4.99,4.99
464,353,"2005-06-01",1,2.99,2.99
464,970,"2005-08-01",1,8.99,8.99
464,1039,"2005-07-01",1,4.99,4.99
464,1640,"2005-07-01",1,3.99,3.99
464,1648,"2005-08-01",1,0.99,0.99
464,1955,"2005-07-01",1,6.99,6.99
464,2313,"2005-07-01",1,5.99,5.99
464,2418,"2005-08-01",1,6.99,6.99
464,2838,"2005-08-01",1,1.99,1.99
464,3318,"2005-08-01",1,4.99,4.99
464,3731,"2005-07-01",1,5.99,5.99
464,4304,"2005-07-01",1,4.99,4.99
465,204,"2005-08-01",1,4.99,4.99
465,441,"2005-06-01",1,0.99,0.99
465,899,"2005-07-01",1,0.99,0.99
465,907,"2005-08-01",1,2.99,2.99
465,1102,"2005-08-01",1,3.99,3.99
465,1375,"2005-08-01",1,3.99,3.99
465,2312,"2005-07-01",1,3.99,3.99
465,3095,"2005-06-01",1,8.99,8.99
465,3140,"2005-08-01",1,4.99,4.99
465,3234,"2005-08-01",1,4.99,4.99
465,3362,"2005-08-01",1,6.99,6.99
465,3401,"2005-07-01",1,2.99,2.99
465,3853,"2005-06-01",1,4.99,4.99
465,4014,"2005-06-01",1,2.99,2.99
465,4269,"2005-08-01",1,4.99,4.99
465,4481,"2005-08-01",1,4.99,4.99
466,564,"2005-08-01",1,0.99,0.99
466,710,"2005-07-01",1,2.99,2.99
466,1271,"2005-07-01",1,0.99,0.99
466,1283,"2005-06-01",1,8.99,8.99
466,1515,"2005-08-01",1,2.99,2.99
466,1648,"2005-08-01",1,4.99,4.99
466,2038,"2005-06-01",1,2.99,2.99
466,2190,"2005-08-01",1,2.99,2.99
466,2424,"2005-06-01",1,7.99,7.99
466,2451,"2005-07-01",1,0.99,0.99
466,2572,"2005-08-01",1,4.99,4.99
466,2615,"2005-07-01",1,2.99,2.99
466,3054,"2005-08-01",1,4.99,4.99
466,3182,"2005-08-01",1,5.99,5.99
466,3265,"2005-08-01",1,7.99,7.99
466,3526,"2005-07-01",1,4.99,4.99
466,3567,"2005-08-01",1,4.99,4.99
466,3745,"2005-06-01",1,3.99,3.99
466,3773,"2005-08-01",1,7.99,7.99
466,4243,"2005-07-01",1,6.99,6.99
466,4399,"2005-06-01",1,4.99,4.99
466,4525,"2005-07-01",1,3.99,3.99
467,68,"2005-07-01",1,7.99,7.99
467,141,"2005-06-01",1,4.99,4.99
467,214,"2005-06-01",1,9.99,9.99
467,309,"2005-08-01",1,2.99,2.99
467,314,"2005-07-01",1,5.99,5.99
467,650,"2005-07-01",1,6.99,6.99
467,736,"2005-06-01",1,6.99,6.99
467,749,"2005-08-01",1,2.99,2.99
467,776,"2005-08-01",1,2.99,2.99
467,962,"2005-07-01",1,4.99,4.99
467,1216,"2005-07-01",1,0.99,0.99
467,1232,"2005-08-01",1,0.99,0.99
467,1246,"2005-07-01",1,6.99,6.99
467,1312,"2005-07-01",1,2.99,2.99
467,1925,"2005-07-01",1,4.99,4.99
467,1995,"2005-07-01",1,2.99,2.99
467,2053,"2005-07-01",1,4.99,4.99
467,2192,"2005-08-01",1,2.99,2.99
467,2381,"2005-08-01",1,2.99,2.99
467,2511,"2005-08-01",1,3.99,3.99
467,2637,"2005-08-01",1,4.99,4.99
467,3347,"2005-07-01",1,2.99,2.99
467,3414,"2005-08-01",1,0.99,0.99
467,3512,"2005-07-01",1,8.99,8.99
467,3967,"2005-08-01",1,0.99,0.99
467,4029,"2005-06-01",1,8.99,8.99
467,4036,"2005-08-01",1,9.99,9.99
467,4378,"2005-07-01",1,4.99,4.99
468,92,"2005-08-01",1,0.99,0.99
468,105,"2005-08-01",1,10.99,10.99
468,120,"2005-08-01",1,3.99,3.99
468,187,"2005-07-01",1,5.99,5.99
468,260,"2005-08-01",1,2.99,2.99
468,676,"2005-07-01",1,2.99,2.99
468,795,"2005-07-01",1,4.99,4.99
468,951,"2005-08-01",1,4.99,4.99
468,1022,"2005-07-01",1,3.99,3.99
468,1105,"2005-07-01",1,0.99,0.99
468,1312,"2005-08-01",1,0.99,0.99
468,1568,"2005-08-01",1,6.99,6.99
468,1601,"2005-07-01",1,6.99,6.99
468,1706,"2005-08-01",1,4.99,4.99
468,1867,"2005-08-01",1,4.99,4.99
468,2103,"2005-08-01",1,4.99,4.99
468,2121,"2005-07-01",1,4.99,4.99
468,2140,"2005-06-01",1,2.99,2.99
468,2151,"2005-06-01",1,4.99,4.99
468,2213,"2005-07-01",1,0.99,0.99
468,2263,"2005-07-01",1,3.99,3.99
468,2396,"2005-08-01",1,1.99,1.99
468,2520,"2005-06-01",1,2.99,2.99
468,3053,"2005-08-01",1,9.99,9.99
468,3207,"2005-06-01",1,2.99,2.99
468,3236,"2005-07-01",1,5.99,5.99
468,3384,"2005-08-01",1,2.99,2.99
468,3622,"2005-07-01",1,2.99,2.99
468,4089,"2005-06-01",1,0.99,0.99
468,4135,"2005-06-01",1,8.99,8.99
468,4384,"2005-07-01",1,5.99,5.99
468,4406,"2005-07-01",1,0.99,0.99
468,4447,"2005-08-01",1,9.99,9.99
468,4449,"2005-07-01",1,6.99,6.99
469,68,"2005-08-01",1,9.99,9.99
469,226,"2005-07-01",1,6.99,6.99
469,340,"2005-08-01",1,7.99,7.99
469,745,"2005-08-01",1,2.99,2.99
469,858,"2005-07-01",1,6.99,6.99
469,1104,"2005-07-01",1,3.99,3.99
469,1215,"2005-08-01",1,0.99,0.99
469,1435,"2005-06-01",1,0.99,0.99
469,1536,"2005-07-01",1,4.99,4.99
469,1582,"2005-08-01",1,4.99,4.99
469,1611,"2005-07-01",1,4.99,4.99
469,1677,"2005-07-01",1,0.99,0.99
469,1907,"2005-08-01",1,4.99,4.99
469,2037,"2005-07-01",1,4.99,4.99
469,2062,"2005-08-01",1,4.99,4.99
469,2286,"2005-08-01",1,2.99,2.99
469,2335,"2005-08-01",1,0.99,0.99
469,2375,"2005-07-01",1,6.99,6.99
469,2435,"2005-07-01",1,0.99,0.99
469,2636,"2005-08-01",1,4.99,4.99
469,2707,"2005-07-01",1,0.99,0.99
469,2796,"2005-07-01",1,4.99,4.99
469,2943,"2005-08-01",1,2.99,2.99
469,2945,"2005-07-01",1,3.99,3.99
469,3300,"2005-08-01",1,2.99,2.99
469,3403,"2005-07-01",1,0.99,0.99
469,3865,"2005-07-01",1,4.99,4.99
469,3871,"2005-07-01",1,10.99,10.99
469,4008,"2005-07-01",1,2.99,2.99
469,4084,"2005-08-01",1,4.99,4.99
469,4171,"2005-08-01",1,2.99,2.99
469,4341,"2005-08-01",1,6.99,6.99
469,4416,"2005-07-01",1,3.99,3.99
469,4441,"2005-06-01",1,9.99,9.99
469,4522,"2005-07-01",1,4.99,4.99
470,46,"2005-07-01",1,4.99,4.99
470,225,"2005-07-01",1,6.99,6.99
470,494,"2005-07-01",1,3.99,3.99
470,522,"2005-08-01",1,3.99,3.99
470,596,"2005-08-01",1,0.99,0.99
470,832,"2005-07-01",1,4.99,4.99
470,1014,"2005-08-01",1,8.99,8.99
470,1203,"2005-07-01",1,5.99,5.99
470,1437,"2005-06-01",1,0.99,0.99
470,1494,"2005-08-01",1,10.99,10.99
470,1503,"2005-08-01",1,2.99,2.99
470,1509,"2005-08-01",1,4.99,4.99
470,1584,"2005-07-01",1,4.99,4.99
470,1843,"2005-07-01",1,5.99,5.99
470,2373,"2005-08-01",1,4.99,4.99
470,2538,"2005-07-01",1,4.99,4.99
470,2566,"2005-08-01",1,1.99,1.99
470,2777,"2005-08-01",1,4.99,4.99
470,2878,"2005-07-01",1,4.99,4.99
470,3115,"2005-07-01",1,5.99,5.99
470,3177,"2005-06-01",1,0.99,0.99
470,3314,"2005-08-01",1,4.99,4.99
470,3345,"2005-07-01",1,2.99,2.99
470,3540,"2005-07-01",1,2.99,2.99
470,3593,"2005-07-01",1,4.99,4.99
470,3656,"2005-07-01",1,6.99,6.99
470,3741,"2005-07-01",1,8.99,8.99
470,3754,"2005-08-01",1,0.99,0.99
470,3858,"2005-06-01",1,7.99,7.99
470,4228,"2005-07-01",1,4.99,4.99
470,4511,"2005-07-01",1,10.99,10.99
471,32,"2005-08-01",1,7.99,7.99
471,404,"2005-07-01",1,0.99,0.99
471,984,"2005-06-01",1,4.99,4.99
471,1098,"2005-08-01",1,4.99,4.99
471,1150,"2005-08-01",1,2.99,2.99
471,1179,"2005-06-01",1,4.99,4.99
471,1193,"2005-08-01",1,0.99,0.99
471,1229,"2005-07-01",1,8.99,8.99
471,1525,"2005-06-01",1,2.99,2.99
471,1701,"2005-07-01",1,5.99,5.99
471,2090,"2005-08-01",1,5.99,5.99
471,2392,"2005-06-01",1,2.99,2.99
471,2448,"2005-08-01",1,3.99,3.99
471,2700,"2005-07-01",1,0.99,0.99
471,2747,"2005-07-01",1,0.99,0.99
471,3164,"2005-06-01",1,4.99,4.99
471,3348,"2005-08-01",1,2.99,2.99
471,3506,"2005-08-01",1,7.99,7.99
471,3674,"2005-08-01",1,4.99,4.99
471,3760,"2005-07-01",1,2.99,2.99
471,3866,"2005-08-01",1,4.99,4.99
471,3996,"2005-08-01",1,5.99,5.99
471,4236,"2005-07-01",1,2.99,2.99
471,4260,"2005-07-01",1,2.99,2.99
471,4324,"2005-07-01",1,2.99,2.99
471,4360,"2005-08-01",1,1.99,1.99
472,393,"2005-08-01",1,4.99,4.99
472,583,"2005-08-01",1,8.99,8.99
472,617,"2005-08-01",1,6.99,6.99
472,896,"2005-08-01",1,4.99,4.99
472,965,"2005-06-01",1,4.99,4.99
472,1160,"2005-08-01",1,4.99,4.99
472,1287,"2005-06-01",1,5.99,5.99
472,1404,"2005-06-01",1,6.99,6.99
472,1738,"2005-07-01",1,2.99,2.99
472,1800,"2005-07-01",1,2.99,2.99
472,2010,"2005-08-01",1,4.99,4.99
472,2026,"2005-08-01",1,0.99,0.99
472,2322,"2005-06-01",1,0.99,0.99
472,2363,"2005-07-01",1,3.99,3.99
472,2454,"2005-08-01",1,2.99,2.99
472,2948,"2005-08-01",1,5.99,5.99
472,2998,"2005-07-01",1,5.99,5.99
472,3155,"2005-07-01",1,5.99,5.99
472,3501,"2005-07-01",1,5.99,5.99
472,3578,"2005-08-01",1,6.99,6.99
472,3733,"2005-07-01",1,6.99,6.99
472,3893,"2005-06-01",1,0.99,0.99
472,4038,"2005-07-01",1,6.99,6.99
472,4281,"2005-07-01",1,6.99,6.99
472,4308,"2005-06-01",1,4.99,4.99
472,4375,"2006-02-01",1,4.99,4.99
473,63,"2005-07-01",1,1.99,1.99
473,139,"2005-07-01",1,8.99,8.99
473,318,"2005-07-01",1,4.99,4.99
473,397,"2005-07-01",1,4.99,4.99
473,511,"2005-06-01",1,4.99,4.99
473,912,"2005-07-01",1,7.99,7.99
473,923,"2005-06-01",1,4.99,4.99
473,1109,"2005-08-01",1,4.99,4.99
473,1154,"2005-08-01",1,4.99,4.99
473,1252,"2005-07-01",1,4.99,4.99
473,1465,"2005-08-01",1,4.99,4.99
473,1819,"2005-08-01",1,0.99,0.99
473,1949,"2005-08-01",1,0.99,0.99
473,1995,"2005-08-01",1,0.99,0.99
473,2081,"2005-08-01",1,4.99,4.99
473,2183,"2005-08-01",1,4.99,4.99
473,2244,"2005-07-01",1,4.99,4.99
473,2434,"2005-06-01",1,0.99,0.99
473,2530,"2005-07-01",1,5.99,5.99
473,2538,"2005-07-01",1,4.99,4.99
473,2577,"2005-08-01",1,2.99,2.99
473,2664,"2005-08-01",1,2.99,2.99
473,2713,"2005-07-01",1,2.99,2.99
473,2776,"2005-08-01",1,2.99,2.99
473,2814,"2005-08-01",1,0.99,0.99
473,2910,"2005-08-01",1,4.99,4.99
473,3361,"2005-08-01",1,7.99,7.99
473,3634,"2005-07-01",1,2.99,2.99
473,4303,"2005-06-01",1,2.99,2.99
473,4415,"2005-07-01",1,0.99,0.99
473,4500,"2005-07-01",1,0.99,0.99
474,58,"2005-07-01",1,0.99,0.99
474,190,"2005-08-01",1,2.99,2.99
474,288,"2005-07-01",1,4.99,4.99
474,478,"2005-07-01",1,0.99,0.99
474,638,"2005-08-01",1,6.99,6.99
474,659,"2005-07-01",1,1.99,1.99
474,871,"2006-02-01",1,0.99,0.99
474,1105,"2005-07-01",1,0.99,0.99
474,1190,"2005-08-01",1,4.99,4.99
474,1536,"2005-08-01",1,4.99,4.99
474,1550,"2005-06-01",1,7.99,7.99
474,1613,"2005-08-01",1,0.99,0.99
474,1669,"2005-07-01",1,2.99,2.99
474,1884,"2005-08-01",1,4.99,4.99
474,1985,"2005-08-01",1,2.99,2.99
474,2654,"2005-06-01",1,8.99,8.99
474,2671,"2005-08-01",1,0.99,0.99
474,2779,"2005-08-01",1,0.99,0.99
474,3001,"2005-08-01",1,2.99,2.99
474,3165,"2005-07-01",1,7.99,7.99
474,3393,"2005-07-01",1,4.99,4.99
474,3804,"2005-08-01",1,2.99,2.99
474,4194,"2005-08-01",1,5.99,5.99
474,4251,"2005-07-01",1,2.99,2.99
474,4540,"2005-07-01",1,2.99,2.99
475,992,"2005-08-01",1,2.99,2.99
475,1195,"2005-07-01",1,5.99,5.99
475,1327,"2005-07-01",1,3.99,3.99
475,1514,"2005-08-01",1,5.99,5.99
475,1720,"2005-07-01",1,2.99,2.99
475,1845,"2005-07-01",1,5.99,5.99
475,1868,"2005-07-01",1,7.99,7.99
475,1999,"2005-08-01",1,4.99,4.99
475,2110,"2005-07-01",1,0.99,0.99
475,2201,"2005-07-01",1,2.99,2.99
475,2344,"2005-07-01",1,6.99,6.99
475,2838,"2005-08-01",1,1.99,1.99
475,2862,"2005-08-01",1,4.99,4.99
475,3102,"2005-08-01",1,0.99,0.99
475,3125,"2005-08-01",1,3.99,3.99
475,3274,"2005-07-01",1,4.99,4.99
475,3415,"2005-07-01",1,2.99,2.99
475,3641,"2005-07-01",1,0.99,0.99
475,3784,"2005-07-01",1,4.99,4.99
475,3795,"2005-07-01",1,1.99,1.99
475,4320,"2005-07-01",1,7.99,7.99
475,4413,"2005-07-01",1,9.99,9.99
476,352,"2005-07-01",1,2.99,2.99
476,592,"2005-06-01",1,2.99,2.99
476,1228,"2005-08-01",1,6.99,6.99
476,1231,"2005-06-01",1,0.99,0.99
476,1236,"2005-07-01",1,0.99,0.99
476,1740,"2005-07-01",1,3.99,3.99
476,1938,"2005-07-01",1,6.99,6.99
476,2165,"2005-06-01",1,3.99,3.99
476,2430,"2005-07-01",1,0.99,0.99
476,2494,"2005-08-01",1,0.99,0.99
476,2727,"2006-02-01",1,0.99,0.99
476,2952,"2005-08-01",1,4.99,4.99
476,3878,"2005-08-01",1,5.99,5.99
476,4069,"2005-07-01",1,4.99,4.99
476,4192,"2005-08-01",1,4.99,4.99
476,4199,"2005-07-01",1,4.99,4.99
476,4289,"2005-07-01",1,7.99,7.99
476,4322,"2005-06-01",1,4.99,4.99
476,4344,"2005-08-01",1,9.99,9.99
476,4509,"2005-07-01",1,5.99,5.99
477,52,"2005-07-01",1,5.99,5.99
477,208,"2005-06-01",1,10.99,10.99
477,316,"2005-07-01",1,10.99,10.99
477,452,"2005-08-01",1,4.99,4.99
477,469,"2005-08-01",1,4.99,4.99
477,535,"2005-06-01",1,6.99,6.99
477,732,"2005-08-01",1,0.99,0.99
477,1071,"2005-07-01",1,6.99,6.99
477,1348,"2005-07-01",1,2.99,2.99
477,1385,"2005-06-01",1,2.99,2.99
477,1512,"2005-07-01",1,7.99,7.99
477,1832,"2005-08-01",1,2.99,2.99
477,1880,"2005-07-01",1,8.99,8.99
477,1991,"2005-08-01",1,3.99,3.99
477,2092,"2005-08-01",1,2.99,2.99
477,2807,"2005-07-01",1,2.99,2.99
477,3773,"2005-07-01",1,5.99,5.99
477,3892,"2005-08-01",1,0.99,0.99
477,3931,"2005-07-01",1,2.99,2.99
477,3938,"2005-06-01",1,4.99,4.99
477,4539,"2005-07-01",1,2.99,2.99
478,131,"2005-08-01",1,4.99,4.99
478,325,"2005-08-01",1,2.99,2.99
478,326,"2005-08-01",1,4.99,4.99
478,581,"2005-06-01",1,8.99,8.99
478,717,"2005-07-01",1,0.99,0.99
478,1017,"2005-06-01",1,4.99,4.99
478,1025,"2005-08-01",1,4.99,4.99
478,1648,"2005-07-01",1,4.99,4.99
478,1728,"2005-06-01",1,4.99,4.99
478,1845,"2005-08-01",1,2.99,2.99
478,1937,"2005-07-01",1,4.99,4.99
478,2038,"2005-07-01",1,2.99,2.99
478,2176,"2005-07-01",1,4.99,4.99
478,2183,"2005-07-01",1,4.99,4.99
478,2259,"2005-06-01",1,0.99,0.99
478,2306,"2005-06-01",1,6.99,6.99
478,2751,"2005-06-01",1,4.99,4.99
478,2863,"2005-07-01",1,4.99,4.99
478,3324,"2005-08-01",1,4.99,4.99
479,110,"2005-06-01",1,2.99,2.99
479,290,"2005-07-01",1,8.99,8.99
479,387,"2005-07-01",1,4.99,4.99
479,562,"2005-07-01",1,0.99,0.99
479,762,"2005-07-01",1,2.99,2.99
479,936,"2005-08-01",1,4.99,4.99
479,979,"2005-07-01",1,0.99,0.99
479,1334,"2005-07-01",1,7.99,7.99
479,1556,"2006-02-01",1,0.99,0.99
479,1718,"2005-06-01",1,6.99,6.99
479,1912,"2005-08-01",1,2.99,2.99
479,1942,"2005-07-01",1,0.99,0.99
479,2683,"2005-08-01",1,4.99,4.99
479,2796,"2005-08-01",1,4.99,4.99
479,2867,"2005-06-01",1,3.99,3.99
479,2905,"2005-06-01",1,2.99,2.99
479,3058,"2005-07-01",1,2.99,2.99
479,3342,"2005-07-01",1,8.99,8.99
479,3344,"2005-06-01",1,3.99,3.99
479,3557,"2005-07-01",1,5.99,5.99
479,3664,"2005-06-01",1,2.99,2.99
479,3751,"2005-07-01",1,7.99,7.99
479,3906,"2005-08-01",1,1.99,1.99
479,3912,"2005-07-01",1,7.99,7.99
479,4104,"2005-08-01",1,8.99,8.99
479,4220,"2005-07-01",1,6.99,6.99
479,4307,"2005-07-01",1,8.99,8.99
479,4314,"2005-08-01",1,0.99,0.99
479,4477,"2005-07-01",1,1.99,1.99
480,166,"2005-07-01",1,7.99,7.99
480,542,"2005-06-01",1,0.99,0.99
480,570,"2005-08-01",1,4.99,4.99
480,596,"2005-08-01",1,1.99,1.99
480,1043,"2005-08-01",1,4.99,4.99
480,1056,"2005-07-01",1,2.99,2.99
480,1156,"2005-07-01",1,4.99,4.99
480,1466,"2005-08-01",1,9.99,9.99
480,1536,"2005-07-01",1,6.99,6.99
480,2044,"2005-07-01",1,9.99,9.99
480,2326,"2005-08-01",1,2.99,2.99
480,2480,"2005-08-01",1,5.99,5.99
480,2711,"2005-06-01",1,0.99,0.99
480,3302,"2005-07-01",1,2.99,2.99
480,3448,"2005-07-01",1,2.99,2.99
480,3986,"2005-08-01",1,4.99,4.99
480,4133,"2005-07-01",1,4.99,4.99
480,4140,"2005-08-01",1,0.99,0.99
480,4359,"2005-08-01",1,0.99,0.99
481,49,"2005-08-01",1,4.99,4.99
481,83,"2005-07-01",1,6.99,6.99
481,363,"2005-07-01",1,0.99,0.99
481,613,"2005-07-01",1,4.99,4.99
481,948,"2005-06-01",1,4.99,4.99
481,1270,"2005-07-01",1,0.99,0.99
481,1296,"2005-08-01",1,2.99,2.99
481,1328,"2005-08-01",1,2.99,2.99
481,1387,"2005-07-01",1,2.99,2.99
481,1561,"2005-08-01",1,4.99,4.99
481,1693,"2005-07-01",1,4.99,4.99
481,1770,"2005-07-01",1,7.99,7.99
481,1833,"2005-08-01",1,4.99,4.99
481,1864,"2005-07-01",1,1.99,1.99
481,1873,"2005-07-01",1,6.99,6.99
481,2272,"2005-08-01",1,1.99,1.99
481,2491,"2005-08-01",1,2.99,2.99
481,2617,"2005-08-01",1,0.99,0.99
481,3708,"2005-07-01",1,3.99,3.99
481,3925,"2005-08-01",1,4.99,4.99
481,3931,"2005-08-01",1,4.99,4.99
481,3971,"2005-07-01",1,10.99,10.99
481,3988,"2005-07-01",1,2.99,2.99
481,4012,"2005-07-01",1,0.99,0.99
481,4368,"2005-06-01",1,2.99,2.99
481,4407,"2005-06-01",1,0.99,0.99
481,4470,"2005-08-01",1,0.99,0.99
481,4558,"2005-06-01",1,4.99,4.99
482,235,"2005-08-01",1,3.99,3.99
482,288,"2005-08-01",1,6.99,6.99
482,359,"2005-07-01",1,2.99,2.99
482,487,"2005-08-01",1,6.99,6.99
482,1426,"2005-07-01",1,8.99,8.99
482,1656,"2005-07-01",1,2.99,2.99
482,1915,"2005-08-01",1,0.99,0.99
482,1941,"2005-08-01",1,4.99,4.99
482,2031,"2005-08-01",1,2.99,2.99
482,2302,"2005-07-01",1,4.99,4.99
482,2303,"2005-08-01",1,4.99,4.99
482,2472,"2005-07-01",1,8.99,8.99
482,2476,"2005-07-01",1,6.99,6.99
482,2564,"2005-06-01",1,0.99,0.99
482,2787,"2005-07-01",1,4.99,4.99
482,2867,"2005-08-01",1,2.99,2.99
482,2899,"2005-07-01",1,6.99,6.99
482,3211,"2005-07-01",1,5.99,5.99
482,3606,"2005-07-01",1,2.99,2.99
482,3852,"2005-07-01",1,4.99,4.99
482,3918,"2005-08-01",1,0.99,0.99
482,3945,"2005-07-01",1,7.99,7.99
482,3948,"2005-08-01",1,4.99,4.99
482,4077,"2005-08-01",1,5.99,5.99
482,4178,"2005-08-01",1,4.99,4.99
482,4389,"2005-06-01",1,2.99,2.99
483,95,"2005-06-01",1,0.99,0.99
483,446,"2005-08-01",1,2.99,2.99
483,1510,"2005-08-01",1,6.99,6.99
483,1595,"2005-07-01",1,4.99,4.99
483,1708,"2005-08-01",1,2.99,2.99
483,1879,"2005-07-01",1,4.99,4.99
483,2211,"2005-07-01",1,4.99,4.99
483,2589,"2005-07-01",1,4.99,4.99
483,2624,"2005-07-01",1,4.99,4.99
483,2951,"2005-07-01",1,4.99,4.99
483,3212,"2005-06-01",1,8.99,8.99
483,3495,"2005-06-01",1,4.99,4.99
483,3565,"2005-07-01",1,9.99,9.99
483,3957,"2005-07-01",1,0.99,0.99
483,4177,"2005-07-01",1,7.99,7.99
483,4350,"2005-08-01",1,0.99,0.99
483,4565,"2005-08-01",1,3.99,3.99
484,229,"2005-07-01",1,6.99,6.99
484,410,"2005-08-01",1,0.99,0.99
484,457,"2005-07-01",1,6.99,6.99
484,467,"2005-08-01",1,4.99,4.99
484,571,"2005-07-01",1,6.99,6.99
484,578,"2005-07-01",1,9.99,9.99
484,1352,"2005-06-01",1,3.99,3.99
484,1476,"2005-07-01",1,4.99,4.99
484,2194,"2005-07-01",1,2.99,2.99
484,2364,"2005-06-01",1,3.99,3.99
484,2398,"2005-08-01",1,0.99,0.99
484,2418,"2005-06-01",1,5.99,5.99
484,2534,"2005-07-01",1,4.99,4.99
484,2958,"2005-07-01",1,4.99,4.99
484,3013,"2005-08-01",1,4.99,4.99
484,3076,"2005-08-01",1,4.99,4.99
484,3087,"2005-07-01",1,5.99,5.99
484,3757,"2005-08-01",1,3.99,3.99
484,3776,"2005-06-01",1,4.99,4.99
484,3882,"2005-07-01",1,2.99,2.99
484,3890,"2005-07-01",1,0.99,0.99
484,4011,"2005-07-01",1,5.99,5.99
484,4118,"2005-08-01",1,2.99,2.99
484,4173,"2005-07-01",1,0.99,0.99
484,4202,"2005-07-01",1,2.99,2.99
484,4225,"2005-08-01",1,7.99,7.99
484,4304,"2005-07-01",1,8.99,8.99
485,92,"2005-07-01",1,3.99,3.99
485,132,"2005-08-01",1,6.99,6.99
485,314,"2005-07-01",1,4.99,4.99
485,494,"2005-08-01",1,4.99,4.99
485,806,"2005-06-01",1,2.99,2.99
485,1274,"2005-08-01",1,4.99,4.99
485,1372,"2005-08-01",1,3.99,3.99
485,1446,"2005-07-01",1,3.99,3.99
485,1511,"2005-07-01",1,4.99,4.99
485,1609,"2005-08-01",1,2.99,2.99
485,2065,"2005-07-01",1,3.99,3.99
485,2126,"2005-07-01",1,6.99,6.99
485,2166,"2005-07-01",1,2.99,2.99
485,2413,"2005-07-01",1,2.99,2.99
485,2535,"2005-07-01",1,4.99,4.99
485,2554,"2005-08-01",1,0.99,0.99
485,2802,"2005-07-01",1,4.99,4.99
485,3309,"2005-07-01",1,0.99,0.99
485,3348,"2005-07-01",1,2.99,2.99
485,3521,"2005-06-01",1,8.99,8.99
485,3580,"2005-08-01",1,2.99,2.99
485,3600,"2005-07-01",1,0.99,0.99
485,3621,"2005-07-01",1,0.99,0.99
485,4020,"2005-07-01",1,1.99,1.99
485,4076,"2005-08-01",1,8.99,8.99
485,4493,"2005-07-01",1,2.99,2.99
485,4506,"2005-07-01",1,4.99,4.99
485,4529,"2005-07-01",1,2.99,2.99
486,100,"2005-06-01",1,4.99,4.99
486,139,"2005-08-01",1,4.99,4.99
486,226,"2005-07-01",1,4.99,4.99
486,273,"2005-07-01",1,4.99,4.99
486,495,"2005-06-01",1,2.99,2.99
486,633,"2005-08-01",1,4.99,4.99
486,935,"2005-07-01",1,4.99,4.99
486,1029,"2005-08-01",1,4.99,4.99
486,1084,"2005-08-01",1,0.99,0.99
486,1277,"2005-07-01",1,4.99,4.99
486,1733,"2005-08-01",1,0.99,0.99
486,2156,"2005-07-01",1,7.99,7.99
486,2316,"2005-06-01",1,5.99,5.99
486,2327,"2005-08-01",1,2.99,2.99
486,2337,"2005-07-01",1,4.99,4.99
486,3222,"2005-06-01",1,2.99,2.99
486,3491,"2005-07-01",1,8.99,8.99
486,3727,"2005-07-01",1,2.99,2.99
486,3863,"2005-08-01",1,4.99,4.99
486,3922,"2005-07-01",1,4.99,4.99
486,4275,"2005-07-01",1,4.99,4.99
486,4467,"2005-07-01",1,0.99,0.99
486,4541,"2005-07-01",1,2.99,2.99
487,7,"2005-07-01",1,1.99,1.99
487,95,"2005-07-01",1,0.99,0.99
487,258,"2005-07-01",1,2.99,2.99
487,323,"2005-07-01",1,3.99,3.99
487,377,"2005-08-01",1,6.99,6.99
487,777,"2005-07-01",1,7.99,7.99
487,824,"2005-07-01",1,2.99,2.99
487,902,"2005-07-01",1,1.99,1.99
487,1302,"2005-07-01",1,3.99,3.99
487,1492,"2005-07-01",1,4.99,4.99
487,1597,"2005-08-01",1,9.99,9.99
487,2145,"2005-07-01",1,4.99,4.99
487,2172,"2005-07-01",1,2.99,2.99
487,2428,"2005-06-01",1,3.99,3.99
487,2789,"2005-08-01",1,4.99,4.99
487,3023,"2005-08-01",1,5.99,5.99
487,3029,"2005-08-01",1,7.99,7.99
487,3224,"2005-08-01",1,5.99,5.99
487,3337,"2005-08-01",1,5.99,5.99
487,3471,"2005-08-01",1,2.99,2.99
487,3605,"2005-07-01",1,2.99,2.99
487,3644,"2005-07-01",1,2.99,2.99
487,3827,"2005-08-01",1,7.99,7.99
487,3874,"2005-08-01",1,2.99,2.99
487,4096,"2005-08-01",1,6.99,6.99
487,4564,"2005-07-01",1,0.99,0.99
488,456,"2005-07-01",1,5.99,5.99
488,546,"2005-07-01",1,0.99,0.99
488,590,"2005-07-01",1,8.99,8.99
488,630,"2005-08-01",1,2.99,2.99
488,670,"2005-07-01",1,2.99,2.99
488,1170,"2005-08-01",1,2.99,2.99
488,1309,"2005-07-01",1,2.99,2.99
488,1679,"2005-08-01",1,3.99,3.99
488,1805,"2005-08-01",1,5.99,5.99
488,1849,"2005-07-01",1,5.99,5.99
488,1864,"2005-07-01",1,0.99,0.99
488,2480,"2005-07-01",1,5.99,5.99
488,2875,"2005-08-01",1,0.99,0.99
488,2914,"2005-08-01",1,5.99,5.99
488,3074,"2005-07-01",1,5.99,5.99
488,3226,"2005-08-01",1,4.99,4.99
488,3261,"2005-08-01",1,0.99,0.99
488,3672,"2005-07-01",1,6.99,6.99
488,3693,"2005-06-01",1,3.99,3.99
488,3788,"2005-07-01",1,2.99,2.99
488,4425,"2005-06-01",1,5.99,5.99
488,4482,"2005-08-01",1,5.99,5.99
489,23,"2005-06-01",1,3.99,3.99
489,456,"2005-08-01",1,6.99,6.99
489,673,"2005-07-01",1,3.99,3.99
489,1132,"2005-07-01",1,4.99,4.99
489,1550,"2005-08-01",1,5.99,5.99
489,1587,"2005-07-01",1,0.99,0.99
489,1864,"2005-06-01",1,0.99,0.99
489,2337,"2005-08-01",1,6.99,6.99
489,2535,"2005-08-01",1,6.99,6.99
489,2656,"2005-06-01",1,7.99,7.99
489,2867,"2005-08-01",1,4.99,4.99
489,2941,"2005-07-01",1,2.99,2.99
489,3194,"2005-08-01",1,2.99,2.99
489,3276,"2005-08-01",1,0.99,0.99
489,3865,"2005-08-01",1,4.99,4.99
489,4067,"2005-06-01",1,4.99,4.99
489,4242,"2005-08-01",1,4.99,4.99
489,4284,"2005-07-01",1,4.99,4.99
489,4307,"2005-08-01",1,9.99,9.99
490,50,"2005-08-01",1,7.99,7.99
490,194,"2005-08-01",1,2.99,2.99
490,483,"2005-08-01",1,4.99,4.99
490,618,"2005-08-01",1,7.99,7.99
490,1527,"2005-07-01",1,5.99,5.99
490,1896,"2005-07-01",1,2.99,2.99
490,1987,"2005-07-01",1,5.99,5.99
490,2260,"2005-07-01",1,2.99,2.99
490,2319,"2005-07-01",1,0.99,0.99
490,2581,"2005-07-01",1,0.99,0.99
490,2613,"2005-06-01",1,3.99,3.99
490,2642,"2005-07-01",1,8.99,8.99
490,2657,"2005-08-01",1,6.99,6.99
490,2676,"2005-07-01",1,4.99,4.99
490,2848,"2005-07-01",1,7.99,7.99
490,2903,"2005-08-01",1,2.99,2.99
490,3011,"2005-07-01",1,4.99,4.99
490,3419,"2005-07-01",1,4.99,4.99
490,3454,"2005-07-01",1,2.99,2.99
490,3977,"2005-07-01",1,4.99,4.99
490,4396,"2005-07-01",1,4.99,4.99
490,4523,"2005-08-01",1,2.99,2.99
491,41,"2005-07-01",1,2.99,2.99
491,149,"2005-07-01",1,6.99,6.99
491,206,"2005-08-01",1,4.99,4.99
491,370,"2005-08-01",1,5.99,5.99
491,448,"2005-07-01",1,2.99,2.99
491,690,"2005-08-01",1,6.99,6.99
491,760,"2005-06-01",1,4.99,4.99
491,853,"2005-06-01",1,3.99,3.99
491,1138,"2005-06-01",1,2.99,2.99
491,1179,"2005-07-01",1,7.99,7.99
491,1184,"2005-06-01",1,4.99,4.99
491,1350,"2005-07-01",1,6.99,6.99
491,1582,"2005-07-01",1,4.99,4.99
491,1706,"2005-07-01",1,4.99,4.99
491,1824,"2005-08-01",1,4.99,4.99
491,2692,"2005-08-01",1,2.99,2.99
491,2850,"2005-06-01",1,4.99,4.99
491,3171,"2005-08-01",1,0.99,0.99
491,3518,"2005-07-01",1,8.99,8.99
491,3600,"2005-08-01",1,0.99,0.99
491,3681,"2005-06-01",1,4.99,4.99
491,3837,"2005-07-01",1,3.99,3.99
491,3990,"2005-07-01",1,6.99,6.99
491,4103,"2005-06-01",1,4.99,4.99
491,4236,"2005-07-01",1,2.99,2.99
492,444,"2005-06-01",1,9.99,9.99
492,1403,"2005-06-01",1,4.99,4.99
492,1553,"2005-07-01",1,0.99,0.99
492,1562,"2005-07-01",1,6.99,6.99
492,1685,"2005-07-01",1,2.99,2.99
492,2703,"2005-07-01",1,0.99,0.99
492,3125,"2005-08-01",1,2.99,2.99
492,3253,"2005-07-01",1,2.99,2.99
492,3504,"2005-08-01",1,4.99,4.99
492,3563,"2005-07-01",1,8.99,8.99
492,3602,"2005-08-01",1,0.99,0.99
492,4045,"2005-07-01",1,2.99,2.99
492,4164,"2005-08-01",1,4.99,4.99
492,4438,"2005-06-01",1,1.99,1.99
492,4457,"2005-06-01",1,4.99,4.99
493,350,"2005-08-01",1,6.99,6.99
493,573,"2005-08-01",1,4.99,4.99
493,616,"2005-07-01",1,4.99,4.99
493,766,"2005-07-01",1,4.99,4.99
493,838,"2005-08-01",1,4.99,4.99
493,952,"2005-07-01",1,4.99,4.99
493,1056,"2005-06-01",1,2.99,2.99
493,1540,"2005-07-01",1,5.99,5.99
493,1592,"2005-08-01",1,2.99,2.99
493,2292,"2005-06-01",1,3.99,3.99
493,2428,"2006-02-01",1,2.99,2.99
493,2583,"2005-07-01",1,2.99,2.99
493,2688,"2005-07-01",1,7.99,7.99
493,3109,"2005-06-01",1,4.99,4.99
493,3255,"2005-08-01",1,2.99,2.99
493,3422,"2005-07-01",1,7.99,7.99
493,3456,"2005-07-01",1,2.99,2.99
493,3477,"2005-08-01",1,0.99,0.99
493,3487,"2005-08-01",1,6.99,6.99
493,3836,"2005-06-01",1,0.99,0.99
493,3922,"2005-08-01",1,6.99,6.99
493,4223,"2005-08-01",1,7.99,7.99
494,148,"2005-07-01",1,4.99,4.99
494,253,"2005-07-01",1,3.99,3.99
494,264,"2005-08-01",1,6.99,6.99
494,486,"2005-08-01",1,5.99,5.99
494,752,"2005-07-01",1,0.99,0.99
494,823,"2005-07-01",1,2.99,2.99
494,887,"2005-07-01",1,7.99,7.99
494,1160,"2005-07-01",1,7.99,7.99
494,1174,"2005-08-01",1,9.99,9.99
494,1235,"2005-07-01",1,1.99,1.99
494,1461,"2005-08-01",1,4.99,4.99
494,1478,"2005-08-01",1,5.99,5.99
494,1828,"2005-08-01",1,4.99,4.99
494,1968,"2005-08-01",1,0.99,0.99
494,2062,"2005-07-01",1,2.99,2.99
494,2079,"2005-07-01",1,3.99,3.99
494,2128,"2005-07-01",1,0.99,0.99
494,2261,"2005-08-01",1,3.99,3.99
494,2301,"2005-07-01",1,7.99,7.99
494,2361,"2005-06-01",1,2.99,2.99
494,3008,"2005-07-01",1,2.99,2.99
494,3085,"2005-07-01",1,5.99,5.99
494,3178,"2005-08-01",1,0.99,0.99
494,3217,"2005-07-01",1,2.99,2.99
494,3223,"2005-07-01",1,4.99,4.99
494,3604,"2005-07-01",1,4.99,4.99
494,3683,"2005-07-01",1,8.99,8.99
494,3684,"2005-07-01",1,2.99,2.99
494,3887,"2005-08-01",1,3.99,3.99
494,4426,"2005-08-01",1,2.99,2.99
495,71,"2005-06-01",1,2.99,2.99
495,405,"2005-07-01",1,5.99,5.99
495,498,"2005-07-01",1,7.99,7.99
495,556,"2005-07-01",1,2.99,2.99
495,577,"2005-07-01",1,9.99,9.99
495,1192,"2005-08-01",1,4.99,4.99
495,1283,"2005-08-01",1,4.99,4.99
495,1426,"2005-07-01",1,4.99,4.99
495,1454,"2005-08-01",1,5.99,5.99
495,1536,"2005-06-01",1,4.99,4.99
495,1630,"2005-08-01",1,2.99,2.99
495,1789,"2005-06-01",1,3.99,3.99
495,1971,"2005-07-01",1,4.99,4.99
495,2011,"2005-08-01",1,2.99,2.99
495,2288,"2005-08-01",1,0.99,0.99
495,2616,"2005-08-01",1,3.99,3.99
495,3248,"2005-07-01",1,7.99,7.99
495,3309,"2005-07-01",1,5.99,5.99
495,3746,"2006-02-01",1,0.99,0.99
495,3809,"2005-07-01",1,1.99,1.99
495,3853,"2005-08-01",1,5.99,5.99
495,3854,"2005-06-01",1,7.99,7.99
495,4292,"2005-07-01",1,2.99,2.99
495,4370,"2005-07-01",1,0.99,0.99
496,216,"2005-06-01",1,2.99,2.99
496,364,"2006-02-01",1,2.99,2.99
496,415,"2005-07-01",1,0.99,0.99
496,885,"2005-08-01",1,0.99,0.99
496,1185,"2005-08-01",1,4.99,4.99
496,1359,"2005-08-01",1,4.99,4.99
496,1388,"2005-08-01",1,7.99,7.99
496,1405,"2005-07-01",1,4.99,4.99
496,1929,"2005-07-01",1,3.99,3.99
496,1934,"2005-08-01",1,5.99,5.99
496,2321,"2005-08-01",1,3.99,3.99
496,2926,"2005-07-01",1,2.99,2.99
496,2995,"2005-07-01",1,2.99,2.99
496,3138,"2005-07-01",1,2.99,2.99
496,3395,"2005-08-01",1,7.99,7.99
496,3941,"2005-08-01",1,6.99,6.99
496,4122,"2005-07-01",1,5.99,5.99
496,4397,"2005-07-01",1,4.99,4.99
496,4474,"2005-08-01",1,2.99,2.99
497,25,"2005-07-01",1,4.99,4.99
497,124,"2005-07-01",1,2.99,2.99
497,152,"2005-07-01",1,7.99,7.99
497,361,"2005-08-01",1,0.99,0.99
497,380,"2005-07-01",1,4.99,4.99
497,882,"2005-08-01",1,0.99,0.99
497,1023,"2005-08-01",1,5.99,5.99
497,1227,"2005-06-01",1,5.99,5.99
497,1311,"2005-08-01",1,7.99,7.99
497,1321,"2005-06-01",1,2.99,2.99
497,1388,"2005-07-01",1,4.99,4.99
497,1461,"2005-07-01",1,4.99,4.99
497,1533,"2005-07-01",1,0.99,0.99
497,1746,"2005-08-01",1,0.99,0.99
497,1867,"2005-07-01",1,9.99,9.99
497,2159,"2005-08-01",1,0.99,0.99
497,2300,"2005-08-01",1,4.99,4.99
497,2314,"2005-07-01",1,4.99,4.99
497,2376,"2005-06-01",1,4.99,4.99
497,3244,"2005-07-01",1,2.99,2.99
497,3409,"2005-07-01",1,0.99,0.99
497,3442,"2005-07-01",1,6.99,6.99
497,3489,"2005-07-01",1,6.99,6.99
497,3527,"2005-08-01",1,2.99,2.99
497,3564,"2005-06-01",1,8.99,8.99
497,3657,"2006-02-01",1,4.99,4.99
497,4274,"2005-07-01",1,2.99,2.99
498,168,"2005-08-01",1,2.99,2.99
498,483,"2005-07-01",1,2.99,2.99
498,674,"2005-07-01",1,0.99,0.99
498,819,"2005-07-01",1,4.99,4.99
498,916,"2005-07-01",1,0.99,0.99
498,1820,"2005-06-01",1,2.99,2.99
498,2000,"2005-08-01",1,6.99,6.99
498,2015,"2005-06-01",1,2.99,2.99
498,2451,"2005-07-01",1,2.99,2.99
498,2792,"2005-06-01",1,0.99,0.99
498,2855,"2005-07-01",1,4.99,4.99
498,2985,"2005-07-01",1,4.99,4.99
498,3083,"2005-07-01",1,2.99,2.99
498,3131,"2005-08-01",1,0.99,0.99
498,3242,"2005-06-01",1,6.99,6.99
498,3409,"2005-06-01",1,0.99,0.99
498,3452,"2005-07-01",1,6.99,6.99
498,3567,"2005-07-01",1,4.99,4.99
498,3630,"2005-06-01",1,4.99,4.99
498,3761,"2005-07-01",1,2.99,2.99
498,3796,"2005-07-01",1,1.99,1.99
498,4272,"2005-07-01",1,2.99,2.99
498,4459,"2005-07-01",1,4.99,4.99
498,4493,"2005-07-01",1,0.99,0.99
499,366,"2005-08-01",1,3.99,3.99
499,584,"2005-07-01",1,4.99,4.99
499,807,"2005-08-01",1,3.99,3.99
499,928,"2005-07-01",1,2.99,2.99
499,935,"2005-08-01",1,4.99,4.99
499,1060,"2005-08-01",1,2.99,2.99
499,1368,"2005-07-01",1,0.99,0.99
499,1442,"2005-06-01",1,1.99,1.99
499,1940,"2005-06-01",1,4.99,4.99
499,2510,"2005-08-01",1,7.99,7.99
499,2536,"2005-07-01",1,4.99,4.99
499,2552,"2005-07-01",1,2.99,2.99
499,2678,"2005-07-01",1,4.99,4.99
499,2680,"2005-07-01",1,6.99,6.99
499,2690,"2005-08-01",1,8.99,8.99
499,2913,"2005-08-01",1,7.99,7.99
499,3081,"2005-08-01",1,1.99,1.99
499,3197,"2005-07-01",1,3.99,3.99
499,3386,"2005-07-01",1,0.99,0.99
499,3761,"2005-08-01",1,3.99,3.99
499,3955,"2005-08-01",1,0.99,0.99
499,4010,"2005-06-01",1,4.99,4.99
499,4025,"2005-07-01",1,3.99,3.99
499,4055,"2005-07-01",1,4.99,4.99
499,4138,"2005-08-01",1,0.99,0.99
499,4203,"2005-06-01",1,2.99,2.99
499,4380,"2005-08-01",1,4.99,4.99
499,4436,"2005-07-01",1,0.99,0.99
499,4473,"2005-08-01",1,7.99,7.99
500,100,"2005-07-01",1,4.99,4.99
500,225,"2005-08-01",1,2.99,2.99
500,249,"2005-06-01",1,3.99,3.99
500,562,"2005-08-01",1,2.99,2.99
500,872,"2005-07-01",1,3.99,3.99
500,1006,"2005-08-01",1,4.99,4.99
500,1126,"2005-08-01",1,1.99,1.99
500,1643,"2005-07-01",1,0.99,0.99
500,1763,"2005-07-01",1,2.99,2.99
500,2275,"2005-07-01",1,3.99,3.99
500,2302,"2005-08-01",1,4.99,4.99
500,2403,"2005-08-01",1,0.99,0.99
500,2510,"2005-08-01",1,6.99,6.99
500,3285,"2005-08-01",1,2.99,2.99
500,3309,"2005-06-01",1,6.99,6.99
500,3344,"2005-07-01",1,2.99,2.99
500,3526,"2005-08-01",1,2.99,2.99
500,3555,"2005-06-01",1,5.99,5.99
500,3753,"2005-07-01",1,0.99,0.99
500,3768,"2005-07-01",1,6.99,6.99
500,3987,"2005-06-01",1,5.99,5.99
500,4027,"2005-07-01",1,0.99,0.99
500,4064,"2005-06-01",1,2.99,2.99
500,4241,"2005-07-01",1,4.99,4.99
500,4555,"2005-07-01",1,4.99,4.99
501,21,"2005-07-01",1,2.99,2.99
501,40,"2005-08-01",1,6.99,6.99
501,727,"2005-07-01",1,7.99,7.99
501,1033,"2005-08-01",1,4.99,4.99
501,1055,"2005-07-01",1,2.99,2.99
501,1204,"2005-07-01",1,6.99,6.99
501,1718,"2005-08-01",1,1.99,1.99
501,1809,"2005-08-01",1,4.99,4.99
501,1920,"2005-07-01",1,2.99,2.99
501,1959,"2005-07-01",1,0.99,0.99
501,2527,"2005-07-01",1,1.99,1.99
501,3036,"2005-06-01",1,7.99,7.99
501,3056,"2005-08-01",1,4.99,4.99
501,3462,"2005-07-01",1,2.99,2.99
501,4023,"2005-06-01",1,5.99,5.99
501,4155,"2005-08-01",1,5.99,5.99
501,4396,"2005-08-01",1,4.99,4.99
501,4406,"2005-08-01",1,0.99,0.99
501,4554,"2005-07-01",1,6.99,6.99
502,219,"2005-07-01",1,2.99,2.99
502,241,"2005-06-01",1,0.99,0.99
502,501,"2005-07-01",1,8.99,8.99
502,655,"2005-08-01",1,3.99,3.99
502,676,"2005-08-01",1,0.99,0.99
502,814,"2005-07-01",1,7.99,7.99
502,853,"2005-07-01",1,2.99,2.99
502,874,"2005-07-01",1,2.99,2.99
502,1257,"2005-07-01",1,8.99,8.99
502,1489,"2005-08-01",1,4.99,4.99
502,1625,"2005-08-01",1,0.99,0.99
502,1666,"2005-08-01",1,3.99,3.99
502,1889,"2005-08-01",1,4.99,4.99
502,1946,"2005-07-01",1,2.99,2.99
502,1991,"2005-07-01",1,0.99,0.99
502,1997,"2005-07-01",1,4.99,4.99
502,2054,"2005-08-01",1,4.99,4.99
502,2101,"2005-07-01",1,4.99,4.99
502,2125,"2005-08-01",1,4.99,4.99
502,2836,"2005-07-01",1,3.99,3.99
502,3036,"2005-08-01",1,9.99,9.99
502,3164,"2005-07-01",1,4.99,4.99
502,3445,"2005-07-01",1,4.99,4.99
502,3645,"2005-06-01",1,0.99,0.99
502,3801,"2005-08-01",1,0.99,0.99
502,3871,"2005-07-01",1,4.99,4.99
502,3909,"2005-08-01",1,4.99,4.99
502,3918,"2005-08-01",1,0.99,0.99
502,3928,"2005-06-01",1,7.99,7.99
502,4429,"2005-07-01",1,5.99,5.99
503,197,"2005-07-01",1,4.99,4.99
503,430,"2005-07-01",1,4.99,4.99
503,497,"2005-08-01",1,0.99,0.99
503,680,"2005-08-01",1,0.99,0.99
503,723,"2005-07-01",1,2.99,2.99
503,906,"2005-08-01",1,2.99,2.99
503,967,"2005-07-01",1,4.99,4.99
503,1049,"2005-08-01",1,2.99,2.99
503,1058,"2005-07-01",1,2.99,2.99
503,1109,"2005-08-01",1,4.99,4.99
503,1395,"2005-06-01",1,4.99,4.99
503,1613,"2005-06-01",1,0.99,0.99
503,1810,"2005-08-01",1,3.99,3.99
503,1852,"2005-08-01",1,4.99,4.99
503,1871,"2005-08-01",1,4.99,4.99
503,2612,"2005-07-01",1,2.99,2.99
503,2825,"2005-07-01",1,2.99,2.99
503,2829,"2005-06-01",1,2.99,2.99
503,3027,"2005-08-01",1,2.99,2.99
503,3142,"2005-08-01",1,2.99,2.99
503,3144,"2005-08-01",1,2.99,2.99
503,3321,"2005-08-01",1,1.99,1.99
503,3343,"2005-08-01",1,2.99,2.99
503,3402,"2005-07-01",1,6.99,6.99
503,3483,"2005-08-01",1,4.99,4.99
503,3609,"2005-08-01",1,2.99,2.99
503,3724,"2005-07-01",1,6.99,6.99
503,3960,"2005-07-01",1,0.99,0.99
504,96,"2005-08-01",1,3.99,3.99
504,123,"2005-08-01",1,2.99,2.99
504,394,"2005-08-01",1,4.99,4.99
504,638,"2005-07-01",1,5.99,5.99
504,926,"2005-08-01",1,1.99,1.99
504,1066,"2005-07-01",1,2.99,2.99
504,1278,"2005-07-01",1,0.99,0.99
504,1530,"2005-08-01",1,6.99,6.99
504,1795,"2005-06-01",1,6.99,6.99
504,1823,"2005-07-01",1,6.99,6.99
504,2204,"2005-07-01",1,2.99,2.99
504,2477,"2005-08-01",1,2.99,2.99
504,2592,"2005-08-01",1,2.99,2.99
504,2826,"2005-07-01",1,6.99,6.99
504,2925,"2005-08-01",1,4.99,4.99
504,3148,"2005-07-01",1,4.99,4.99
504,3369,"2005-07-01",1,9.99,9.99
504,3597,"2005-06-01",1,1.99,1.99
504,3693,"2005-07-01",1,1.99,1.99
504,3741,"2005-07-01",1,9.99,9.99
504,3915,"2005-08-01",1,8.99,8.99
504,4083,"2005-07-01",1,3.99,3.99
504,4168,"2005-08-01",1,0.99,0.99
504,4381,"2005-08-01",1,5.99,5.99
504,4386,"2005-08-01",1,2.99,2.99
505,357,"2005-08-01",1,2.99,2.99
505,675,"2005-08-01",1,3.99,3.99
505,707,"2005-08-01",1,2.99,2.99
505,786,"2005-06-01",1,5.99,5.99
505,819,"2005-07-01",1,6.99,6.99
505,837,"2006-02-01",1,4.99,4.99
505,1107,"2005-07-01",1,5.99,5.99
505,1527,"2005-08-01",1,4.99,4.99
505,1693,"2005-07-01",1,9.99,9.99
505,1925,"2005-08-01",1,0.99,0.99
505,2262,"2005-08-01",1,5.99,5.99
505,2283,"2005-08-01",1,2.99,2.99
505,2367,"2005-06-01",1,4.99,4.99
505,2489,"2005-07-01",1,0.99,0.99
505,2847,"2005-06-01",1,5.99,5.99
505,3611,"2005-07-01",1,4.99,4.99
505,3928,"2005-08-01",1,2.99,2.99
505,4155,"2005-06-01",1,7.99,7.99
505,4375,"2005-07-01",1,4.99,4.99
506,26,"2005-07-01",1,7.99,7.99
506,169,"2005-08-01",1,4.99,4.99
506,190,"2005-07-01",1,2.99,2.99
506,214,"2005-07-01",1,8.99,8.99
506,235,"2005-08-01",1,2.99,2.99
506,249,"2005-08-01",1,5.99,5.99
506,502,"2005-07-01",1,9.99,9.99
506,632,"2005-08-01",1,6.99,6.99
506,688,"2005-06-01",1,2.99,2.99
506,855,"2005-08-01",1,2.99,2.99
506,946,"2005-06-01",1,9.99,9.99
506,1108,"2005-07-01",1,0.99,0.99
506,1147,"2005-07-01",1,6.99,6.99
506,1303,"2005-08-01",1,1.99,1.99
506,1853,"2005-08-01",1,4.99,4.99
506,1989,"2005-06-01",1,6.99,6.99
506,2705,"2005-08-01",1,0.99,0.99
506,2739,"2005-08-01",1,0.99,0.99
506,2816,"2005-08-01",1,1.99,1.99
506,2878,"2005-06-01",1,6.99,6.99
506,3017,"2005-08-01",1,9.99,9.99
506,3286,"2005-07-01",1,3.99,3.99
506,3529,"2005-08-01",1,2.99,2.99
506,3633,"2005-07-01",1,2.99,2.99
506,3714,"2005-07-01",1,0.99,0.99
506,3809,"2005-08-01",1,0.99,0.99
506,3833,"2005-06-01",1,0.99,0.99
506,3965,"2005-07-01",1,0.99,0.99
507,42,"2005-07-01",1,2.99,2.99
507,368,"2005-06-01",1,4.99,4.99
507,448,"2005-08-01",1,4.99,4.99
507,998,"2005-07-01",1,5.99,5.99
507,1129,"2005-07-01",1,4.99,4.99
507,1236,"2005-07-01",1,0.99,0.99
507,1257,"2005-06-01",1,4.99,4.99
507,1292,"2005-07-01",1,0.99,0.99
507,1396,"2005-07-01",1,2.99,2.99
507,1456,"2005-07-01",1,2.99,2.99
507,1474,"2005-08-01",1,4.99,4.99
507,1486,"2005-07-01",1,5.99,5.99
507,1605,"2005-07-01",1,2.99,2.99
507,1852,"2005-07-01",1,6.99,6.99
507,1874,"2005-08-01",1,6.99,6.99
507,2056,"2005-06-01",1,4.99,4.99
507,2135,"2005-07-01",1,2.99,2.99
507,2187,"2005-07-01",1,2.99,2.99
507,2394,"2005-07-01",1,1.99,1.99
507,2661,"2005-08-01",1,4.99,4.99
507,2948,"2005-07-01",1,0.99,0.99
507,3189,"2005-07-01",1,2.99,2.99
507,3455,"2005-08-01",1,2.99,2.99
508,111,"2005-08-01",1,2.99,2.99
508,142,"2005-07-01",1,2.99,2.99
508,171,"2005-08-01",1,6.99,6.99
508,305,"2005-08-01",1,8.99,8.99
508,520,"2005-08-01",1,6.99,6.99
508,1042,"2006-02-01",1,0.99,0.99
508,1080,"2005-08-01",1,4.99,4.99
508,1110,"2005-07-01",1,4.99,4.99
508,1151,"2005-08-01",1,2.99,2.99
508,1720,"2005-07-01",1,6.99,6.99
508,1777,"2005-07-01",1,4.99,4.99
508,1810,"2005-07-01",1,3.99,3.99
508,2403,"2005-06-01",1,4.99,4.99
508,2559,"2005-07-01",1,2.99,2.99
508,2618,"2005-07-01",1,4.99,4.99
508,3101,"2005-07-01",1,5.99,5.99
508,3339,"2005-07-01",1,8.99,8.99
508,3447,"2005-07-01",1,5.99,5.99
508,3868,"2005-08-01",1,6.99,6.99
508,3880,"2005-07-01",1,2.99,2.99
508,4061,"2005-07-01",1,0.99,0.99
508,4074,"2005-07-01",1,7.99,7.99
508,4342,"2005-07-01",1,9.99,9.99
509,162,"2005-07-01",1,6.99,6.99
509,352,"2005-07-01",1,5.99,5.99
509,616,"2005-08-01",1,4.99,4.99
509,815,"2005-07-01",1,8.99,8.99
509,824,"2005-07-01",1,2.99,2.99
509,1157,"2005-08-01",1,5.99,5.99
509,1423,"2005-08-01",1,4.99,4.99
509,1578,"2005-07-01",1,4.99,4.99
509,1601,"2005-08-01",1,5.99,5.99
509,1838,"2005-07-01",1,2.99,2.99
509,1975,"2005-07-01",1,0.99,0.99
509,2094,"2005-07-01",1,1.99,1.99
509,2835,"2005-06-01",1,4.99,4.99
509,2846,"2005-07-01",1,5.99,5.99
509,3010,"2005-08-01",1,4.99,4.99
509,3449,"2005-08-01",1,2.99,2.99
509,3462,"2005-08-01",1,6.99,6.99
509,4246,"2005-06-01",1,2.99,2.99
510,90,"2005-08-01",1,0.99,0.99
510,374,"2005-07-01",1,3.99,3.99
510,468,"2005-08-01",1,4.99,4.99
510,578,"2005-06-01",1,8.99,8.99
510,583,"2005-07-01",1,4.99,4.99
510,1488,"2005-06-01",1,5.99,5.99
510,2114,"2005-06-01",1,0.99,0.99
510,2720,"2005-08-01",1,4.99,4.99
510,2769,"2005-06-01",1,5.99,5.99
510,3338,"2005-08-01",1,7.99,7.99
510,3343,"2005-07-01",1,2.99,2.99
510,3398,"2005-07-01",1,8.99,8.99
510,3476,"2005-06-01",1,0.99,0.99
510,3635,"2005-07-01",1,2.99,2.99
510,3677,"2005-07-01",1,4.99,4.99
510,3944,"2005-07-01",1,4.99,4.99
510,3995,"2005-06-01",1,0.99,0.99
510,4169,"2005-07-01",1,0.99,0.99
510,4231,"2005-07-01",1,1.99,1.99
510,4368,"2005-08-01",1,2.99,2.99
510,4449,"2005-06-01",1,8.99,8.99
510,4491,"2005-06-01",1,0.99,0.99
510,4509,"2005-07-01",1,9.99,9.99
511,382,"2005-08-01",1,4.99,4.99
511,426,"2005-07-01",1,4.99,4.99
511,441,"2005-07-01",1,0.99,0.99
511,1056,"2005-08-01",1,2.99,2.99
511,1141,"2005-06-01",1,2.99,2.99
511,1170,"2005-07-01",1,3.99,3.99
511,1287,"2005-08-01",1,6.99,6.99
511,2161,"2005-07-01",1,0.99,0.99
511,2367,"2005-08-01",1,4.99,4.99
511,2516,"2005-08-01",1,4.99,4.99
511,2584,"2005-06-01",1,4.99,4.99
511,2748,"2005-07-01",1,4.99,4.99
511,2962,"2005-07-01",1,6.99,6.99
511,2963,"2005-06-01",1,2.99,2.99
511,2984,"2005-08-01",1,6.99,6.99
511,3019,"2005-07-01",1,0.99,0.99
511,3062,"2005-07-01",1,0.99,0.99
511,3329,"2005-07-01",1,0.99,0.99
511,3483,"2005-06-01",1,10.99,10.99
511,3500,"2005-07-01",1,4.99,4.99
511,3894,"2005-08-01",1,2.99,2.99
511,4225,"2005-07-01",1,4.99,4.99
512,97,"2006-02-01",1,0.99,0.99
512,156,"2005-08-01",1,3.99,3.99
512,213,"2005-08-01",1,9.99,9.99
512,373,"2005-07-01",1,6.99,6.99
512,586,"2005-08-01",1,4.99,4.99
512,587,"2005-08-01",1,4.99,4.99
512,634,"2005-07-01",1,2.99,2.99
512,770,"2005-08-01",1,4.99,4.99
512,914,"2005-06-01",1,4.99,4.99
512,942,"2005-07-01",1,3.99,3.99
512,1051,"2005-08-01",1,2.99,2.99
512,1229,"2005-07-01",1,4.99,4.99
512,1763,"2005-08-01",1,3.99,3.99
512,2170,"2005-08-01",1,2.99,2.99
512,2219,"2005-08-01",1,8.99,8.99
512,2278,"2005-08-01",1,0.99,0.99
512,2325,"2005-08-01",1,3.99,3.99
512,2715,"2005-06-01",1,6.99,6.99
512,2856,"2005-06-01",1,2.99,2.99
512,3210,"2005-07-01",1,6.99,6.99
512,3233,"2005-08-01",1,4.99,4.99
512,3250,"2005-07-01",1,5.99,5.99
512,3618,"2005-07-01",1,0.99,0.99
512,4046,"2005-07-01",1,2.99,2.99
512,4112,"2005-07-01",1,0.99,0.99
512,4185,"2005-08-01",1,4.99,4.99
513,39,"2005-08-01",1,5.99,5.99
513,145,"2005-08-01",1,7.99,7.99
513,200,"2005-06-01",1,7.99,7.99
513,339,"2005-08-01",1,4.99,4.99
513,447,"2005-08-01",1,2.99,2.99
513,474,"2005-07-01",1,2.99,2.99
513,482,"2005-08-01",1,5.99,5.99
513,800,"2005-07-01",1,5.99,5.99
513,821,"2005-07-01",1,4.99,4.99
513,843,"2005-08-01",1,5.99,5.99
513,1026,"2005-08-01",1,6.99,6.99
513,1285,"2005-07-01",1,4.99,4.99
513,1785,"2005-07-01",1,0.99,0.99
513,2041,"2005-07-01",1,7.99,7.99
513,2059,"2005-08-01",1,2.99,2.99
513,2323,"2005-08-01",1,4.99,4.99
513,2554,"2005-07-01",1,3.99,3.99
513,2561,"2005-07-01",1,2.99,2.99
513,2665,"2005-07-01",1,0.99,0.99
513,2898,"2005-07-01",1,4.99,4.99
513,3131,"2005-06-01",1,1.99,1.99
513,3289,"2005-06-01",1,2.99,2.99
513,3437,"2005-08-01",1,3.99,3.99
513,3457,"2005-08-01",1,3.99,3.99
513,3721,"2005-08-01",1,4.99,4.99
513,3726,"2005-07-01",1,4.99,4.99
513,3804,"2005-08-01",1,2.99,2.99
513,3912,"2005-08-01",1,4.99,4.99
513,3915,"2005-07-01",1,9.99,9.99
513,4536,"2005-07-01",1,4.99,4.99
514,43,"2005-08-01",1,5.99,5.99
514,144,"2005-07-01",1,2.99,2.99
514,217,"2005-07-01",1,3.99,3.99
514,231,"2005-08-01",1,2.99,2.99
514,269,"2005-07-01",1,5.99,5.99
514,614,"2005-08-01",1,4.99,4.99
514,765,"2005-08-01",1,4.99,4.99
514,822,"2005-07-01",1,4.99,4.99
514,930,"2005-08-01",1,0.99,0.99
514,1322,"2005-08-01",1,1.99,1.99
514,2013,"2005-08-01",1,4.99,4.99
514,2398,"2005-06-01",1,0.99,0.99
514,2406,"2005-06-01",1,3.99,3.99
514,2810,"2005-06-01",1,0.99,0.99
514,2815,"2005-06-01",1,0.99,0.99
514,3402,"2005-08-01",1,1.99,1.99
514,3544,"2005-06-01",1,4.99,4.99
514,3578,"2005-06-01",1,2.99,2.99
514,3595,"2005-08-01",1,2.99,2.99
514,3893,"2005-08-01",1,0.99,0.99
514,4392,"2005-08-01",1,3.99,3.99
515,776,"2005-08-01",1,3.99,3.99
515,810,"2005-08-01",1,3.99,3.99
515,934,"2005-07-01",1,4.99,4.99
515,1009,"2005-07-01",1,6.99,6.99
515,1026,"2005-06-01",1,4.99,4.99
515,1174,"2005-07-01",1,4.99,4.99
515,1388,"2005-06-01",1,5.99,5.99
515,1511,"2005-06-01",1,4.99,4.99
515,1581,"2005-06-01",1,4.99,4.99
515,1644,"2005-07-01",1,0.99,0.99
515,1757,"2005-08-01",1,0.99,0.99
515,2160,"2005-07-01",1,3.99,3.99
515,2387,"2005-08-01",1,4.99,4.99
515,2529,"2005-08-01",1,3.99,3.99
515,2886,"2005-07-01",1,4.99,4.99
515,2918,"2005-07-01",1,2.99,2.99
515,2926,"2005-08-01",1,6.99,6.99
515,2991,"2005-08-01",1,8.99,8.99
515,3365,"2005-07-01",1,0.99,0.99
515,3379,"2005-06-01",1,0.99,0.99
515,3405,"2005-08-01",1,0.99,0.99
515,3512,"2005-08-01",1,4.99,4.99
515,3519,"2005-08-01",1,4.99,4.99
515,3784,"2005-08-01",1,2.99,2.99
515,3954,"2005-06-01",1,3.99,3.99
515,4376,"2005-08-01",1,5.99,5.99
516,133,"2005-06-01",1,2.99,2.99
516,168,"2005-07-01",1,3.99,3.99
516,288,"2005-06-01",1,10.99,10.99
516,512,"2005-07-01",1,2.99,2.99
516,625,"2005-08-01",1,8.99,8.99
516,876,"2005-07-01",1,4.99,4.99
516,1095,"2005-07-01",1,6.99,6.99
516,1240,"2005-07-01",1,4.99,4.99
516,1358,"2006-02-01",1,5.98,5.98
516,1434,"2005-06-01",1,0.99,0.99
516,1958,"2005-06-01",1,0.99,0.99
516,2111,"2005-08-01",1,0.99,0.99
516,2259,"2005-08-01",1,0.99,0.99
516,2389,"2005-07-01",1,6.99,6.99
516,2651,"2006-02-01",1,0.00,0.00
516,2892,"2005-08-01",1,0.99,0.99
516,2942,"2005-08-01",1,0.99,0.99
516,2944,"2005-08-01",1,1.99,1.99
516,3305,"2005-08-01",1,1.99,1.99
516,3329,"2005-06-01",1,1.99,1.99
516,3911,"2005-07-01",1,4.99,4.99
516,3922,"2005-07-01",1,4.99,4.99
516,4029,"2005-07-01",1,5.99,5.99
516,4395,"2005-06-01",1,4.99,4.99
517,532,"2005-07-01",1,4.99,4.99
517,692,"2005-07-01",1,7.99,7.99
517,761,"2005-06-01",1,4.99,4.99
517,1071,"2005-06-01",1,8.99,8.99
517,1508,"2005-08-01",1,4.99,4.99
517,1740,"2005-07-01",1,2.99,2.99
517,1744,"2005-07-01",1,0.99,0.99
517,1773,"2005-08-01",1,5.99,5.99
517,2294,"2005-06-01",1,4.99,4.99
517,2342,"2005-08-01",1,0.99,0.99
517,2412,"2005-07-01",1,2.99,2.99
517,2540,"2005-06-01",1,2.99,2.99
517,2906,"2005-07-01",1,3.99,3.99
517,3003,"2005-07-01",1,4.99,4.99
517,3039,"2005-08-01",1,4.99,4.99
517,3552,"2005-07-01",1,4.99,4.99
517,3620,"2005-06-01",1,0.99,0.99
517,3690,"2005-07-01",1,0.99,0.99
517,3984,"2005-07-01",1,5.99,5.99
517,4169,"2005-08-01",1,0.99,0.99
517,4203,"2005-08-01",1,4.99,4.99
517,4277,"2005-08-01",1,3.99,3.99
517,4377,"2005-07-01",1,4.99,4.99
517,4458,"2005-07-01",1,4.99,4.99
518,1,"2005-08-01",1,3.99,3.99
518,356,"2005-07-01",1,2.99,2.99
518,819,"2005-06-01",1,5.99,5.99
518,914,"2005-07-01",1,6.99,6.99
518,1184,"2005-08-01",1,6.99,6.99
518,1231,"2005-07-01",1,0.99,0.99
518,1318,"2005-07-01",1,3.99,3.99
518,1570,"2005-08-01",1,2.99,2.99
518,1887,"2005-08-01",1,4.99,4.99
518,1909,"2005-07-01",1,3.99,3.99
518,2019,"2005-07-01",1,4.99,4.99
518,2200,"2005-07-01",1,2.99,2.99
518,2231,"2005-07-01",1,2.99,2.99
518,2319,"2005-07-01",1,2.99,2.99
518,2641,"2005-07-01",1,4.99,4.99
518,2701,"2005-08-01",1,0.99,0.99
518,2972,"2005-07-01",1,6.99,6.99
518,3110,"2005-08-01",1,6.99,6.99
518,3257,"2005-08-01",1,5.99,5.99
518,3371,"2005-08-01",1,4.99,4.99
518,3438,"2005-06-01",1,0.99,0.99
518,3439,"2005-08-01",1,2.99,2.99
518,3542,"2005-07-01",1,2.99,2.99
518,4075,"2005-07-01",1,7.99,7.99
518,4378,"2005-08-01",1,4.99,4.99
519,784,"2005-07-01",1,5.99,5.99
519,1063,"2005-06-01",1,2.99,2.99
519,1215,"2005-07-01",1,0.99,0.99
519,1386,"2005-07-01",1,7.99,7.99
519,1432,"2005-07-01",1,5.99,5.99
519,1449,"2005-06-01",1,5.99,5.99
519,1670,"2005-06-01",1,8.99,8.99
519,1715,"2005-07-01",1,0.99,0.99
519,2422,"2005-08-01",1,2.99,2.99
519,2494,"2005-07-01",1,0.99,0.99
519,2509,"2005-07-01",1,6.99,6.99
519,2839,"2005-07-01",1,0.99,0.99
519,3025,"2005-07-01",1,2.99,2.99
519,3115,"2005-08-01",1,4.99,4.99
519,3269,"2005-08-01",1,7.99,7.99
519,3413,"2005-07-01",1,0.99,0.99
519,3545,"2005-08-01",1,7.99,7.99
519,3764,"2005-08-01",1,2.99,2.99
519,3807,"2005-08-01",1,2.99,2.99
519,3982,"2005-07-01",1,4.99,4.99
519,4348,"2005-07-01",1,3.99,3.99
519,4457,"2005-07-01",1,7.99,7.99
520,185,"2005-07-01",1,4.99,4.99
520,323,"2005-08-01",1,5.99,5.99
520,362,"2005-08-01",1,0.99,0.99
520,432,"2005-08-01",1,7.99,7.99
520,541,"2005-08-01",1,0.99,0.99
520,563,"2005-07-01",1,0.99,0.99
520,1221,"2005-06-01",1,4.99,4.99
520,1291,"2005-07-01",1,4.99,4.99
520,1298,"2005-08-01",1,2.99,2.99
520,1750,"2005-08-01",1,2.99,2.99
520,1811,"2005-07-01",1,2.99,2.99
520,1850,"2005-07-01",1,7.99,7.99
520,1906,"2005-07-01",1,2.99,2.99
520,1953,"2005-08-01",1,4.99,4.99
520,2030,"2005-07-01",1,2.99,2.99
520,2276,"2005-06-01",1,0.99,0.99
520,2295,"2005-07-01",1,10.99,10.99
520,2908,"2005-08-01",1,4.99,4.99
520,3026,"2005-07-01",1,3.99,3.99
520,3045,"2005-07-01",1,4.99,4.99
520,3210,"2005-08-01",1,5.99,5.99
520,3216,"2005-08-01",1,4.99,4.99
520,3279,"2005-06-01",1,6.99,6.99
520,3610,"2005-08-01",1,2.99,2.99
520,3742,"2005-08-01",1,5.99,5.99
520,3783,"2005-07-01",1,2.99,2.99
520,3890,"2005-08-01",1,0.99,0.99
520,3963,"2005-07-01",1,0.99,0.99
520,4020,"2005-08-01",1,0.99,0.99
520,4283,"2005-07-01",1,5.99,5.99
520,4462,"2005-07-01",1,2.99,2.99
521,496,"2005-08-01",1,3.99,3.99
521,712,"2005-08-01",1,2.99,2.99
521,717,"2005-07-01",1,0.99,0.99
521,1054,"2005-08-01",1,4.99,4.99
521,1151,"2005-08-01",1,3.99,3.99
521,1313,"2005-07-01",1,0.99,0.99
521,1570,"2005-06-01",1,0.99,0.99
521,1900,"2005-08-01",1,2.99,2.99
521,2123,"2005-08-01",1,4.99,4.99
521,2203,"2005-07-01",1,4.99,4.99
521,2393,"2005-07-01",1,2.99,2.99
521,2524,"2005-07-01",1,2.99,2.99
521,2753,"2005-07-01",1,6.99,6.99
521,2873,"2005-08-01",1,0.99,0.99
521,3000,"2005-08-01",1,2.99,2.99
521,3269,"2005-07-01",1,7.99,7.99
521,3315,"2005-08-01",1,5.99,5.99
521,3435,"2005-08-01",1,4.99,4.99
521,3697,"2005-07-01",1,1.99,1.99
521,3791,"2005-07-01",1,1.99,1.99
521,3947,"2006-02-01",1,4.99,4.99
521,4279,"2005-06-01",1,0.99,0.99
521,4424,"2005-08-01",1,2.99,2.99
522,223,"2005-08-01",1,6.99,6.99
522,256,"2005-07-01",1,7.99,7.99
522,287,"2005-07-01",1,9.99,9.99
522,357,"2005-07-01",1,4.99,4.99
522,649,"2005-08-01",1,7.99,7.99
522,983,"2005-07-01",1,4.99,4.99
522,1006,"2005-07-01",1,4.99,4.99
522,1144,"2005-06-01",1,8.99,8.99
522,1370,"2005-08-01",1,0.99,0.99
522,1498,"2005-08-01",1,2.99,2.99
522,1519,"2005-07-01",1,2.99,2.99
522,1671,"2005-07-01",1,4.99,4.99
522,1824,"2005-07-01",1,6.99,6.99
522,1903,"2005-07-01",1,2.99,2.99
522,1946,"2005-08-01",1,3.99,3.99
522,1951,"2005-07-01",1,0.99,0.99
522,2016,"2005-08-01",1,5.99,5.99
522,2353,"2005-07-01",1,7.99,7.99
522,2471,"2005-06-01",1,2.99,2.99
522,2482,"2005-07-01",1,5.99,5.99
522,2691,"2005-07-01",1,6.99,6.99
522,3012,"2005-07-01",1,4.99,4.99
522,3154,"2005-06-01",1,3.99,3.99
522,3713,"2005-08-01",1,1.99,1.99
522,3816,"2005-08-01",1,2.99,2.99
522,3845,"2005-08-01",1,6.99,6.99
522,3947,"2005-07-01",1,6.99,6.99
522,4097,"2005-07-01",1,4.99,4.99
522,4156,"2005-07-01",1,5.99,5.99
522,4358,"2005-06-01",1,0.99,0.99
522,4446,"2005-08-01",1,6.99,6.99
522,4566,"2005-07-01",1,0.99,0.99
523,82,"2005-08-01",1,1.99,1.99
523,361,"2005-07-01",1,0.99,0.99
523,754,"2005-07-01",1,5.99,5.99
523,768,"2005-08-01",1,4.99,4.99
523,988,"2005-07-01",1,2.99,2.99
523,1139,"2005-07-01",1,4.99,4.99
523,1635,"2005-08-01",1,2.99,2.99
523,2124,"2005-07-01",1,4.99,4.99
523,2269,"2005-07-01",1,2.99,2.99
523,2353,"2005-06-01",1,8.99,8.99
523,2734,"2005-06-01",1,0.99,0.99
523,3064,"2005-08-01",1,4.99,4.99
523,3110,"2005-07-01",1,6.99,6.99
523,3151,"2005-07-01",1,2.99,2.99
523,3207,"2005-08-01",1,2.99,2.99
523,3364,"2005-06-01",1,6.99,6.99
523,3995,"2005-07-01",1,1.99,1.99
523,3999,"2005-06-01",1,7.99,7.99
523,4289,"2005-07-01",1,6.99,6.99
523,4401,"2005-08-01",1,2.99,2.99
524,435,"2005-07-01",1,4.99,4.99
524,470,"2005-07-01",1,4.99,4.99
524,594,"2005-08-01",1,2.99,2.99
524,640,"2005-07-01",1,6.99,6.99
524,714,"2005-07-01",1,8.99,8.99
524,1331,"2005-07-01",1,4.99,4.99
524,2132,"2005-06-01",1,1.99,1.99
524,2178,"2005-08-01",1,2.99,2.99
524,2352,"2005-08-01",1,4.99,4.99
524,2961,"2005-07-01",1,5.99,5.99
524,3009,"2005-06-01",1,2.99,2.99
524,3273,"2005-07-01",1,6.99,6.99
524,3681,"2005-07-01",1,4.99,4.99
524,3901,"2005-08-01",1,6.99,6.99
524,4011,"2005-08-01",1,2.99,2.99
524,4444,"2005-06-01",1,4.99,4.99
524,4469,"2005-08-01",1,1.99,1.99
525,387,"2005-07-01",1,5.99,5.99
525,391,"2005-07-01",1,4.99,4.99
525,411,"2005-08-01",1,2.99,2.99
525,651,"2005-07-01",1,4.99,4.99
525,1061,"2005-07-01",1,6.99,6.99
525,1230,"2005-07-01",1,2.99,2.99
525,1269,"2005-06-01",1,2.99,2.99
525,1568,"2005-07-01",1,1.99,1.99
525,1942,"2005-07-01",1,0.99,0.99
525,2502,"2005-08-01",1,2.99,2.99
525,3003,"2005-08-01",1,3.99,3.99
525,3016,"2005-07-01",1,7.99,7.99
525,3314,"2005-07-01",1,4.99,4.99
525,3353,"2005-07-01",1,0.99,0.99
525,3506,"2005-07-01",1,6.99,6.99
525,3608,"2006-02-01",1,2.99,2.99
525,4081,"2005-08-01",1,1.99,1.99
525,4355,"2005-08-01",1,0.99,0.99
526,302,"2005-07-01",1,4.99,4.99
526,312,"2005-06-01",1,6.99,6.99
526,375,"2005-08-01",1,2.99,2.99
526,447,"2005-07-01",1,2.99,2.99
526,955,"2005-07-01",1,3.99,3.99
526,1000,"2005-07-01",1,2.99,2.99
526,1177,"2005-07-01",1,0.99,0.99
526,1183,"2005-07-01",1,4.99,4.99
526,1289,"2005-07-01",1,5.99,5.99
526,1433,"2005-06-01",1,4.99,4.99
526,1496,"2005-08-01",1,10.99,10.99
526,1511,"2005-07-01",1,4.99,4.99
526,1589,"2005-07-01",1,2.99,2.99
526,1682,"2005-07-01",1,1.99,1.99
526,1888,"2005-07-01",1,7.99,7.99
526,1910,"2005-07-01",1,7.99,7.99
526,2105,"2005-08-01",1,4.99,4.99
526,2130,"2005-08-01",1,0.99,0.99
526,2423,"2005-07-01",1,6.99,6.99
526,2578,"2005-08-01",1,6.99,6.99
526,2599,"2005-07-01",1,2.99,2.99
526,2633,"2005-08-01",1,7.99,7.99
526,2657,"2005-06-01",1,7.99,7.99
526,2721,"2005-07-01",1,6.99,6.99
526,2758,"2005-06-01",1,2.99,2.99
526,2880,"2005-08-01",1,4.99,4.99
526,3001,"2005-06-01",1,4.99,4.99
526,3086,"2005-08-01",1,8.99,8.99
526,3186,"2005-06-01",1,2.99,2.99
526,3218,"2005-08-01",1,2.99,2.99
526,3230,"2005-06-01",1,2.99,2.99
526,3255,"2005-07-01",1,4.99,4.99
526,3286,"2005-08-01",1,4.99,4.99
526,3321,"2005-07-01",1,3.99,3.99
526,3350,"2005-07-01",1,1.99,1.99
526,3665,"2005-08-01",1,2.99,2.99
526,3797,"2005-06-01",1,0.99,0.99
526,3817,"2005-07-01",1,5.99,5.99
526,3869,"2005-08-01",1,9.99,9.99
526,4059,"2005-08-01",1,8.99,8.99
526,4418,"2005-06-01",1,6.99,6.99
526,4419,"2005-08-01",1,0.99,0.99
527,29,"2005-08-01",1,6.99,6.99
527,296,"2005-07-01",1,3.99,3.99
527,559,"2005-08-01",1,2.99,2.99
527,606,"2005-08-01",1,0.99,0.99
527,646,"2005-06-01",1,0.99,0.99
527,825,"2005-07-01",1,2.99,2.99
527,1220,"2005-07-01",1,0.99,0.99
527,1224,"2005-08-01",1,6.99,6.99
527,1365,"2005-07-01",1,0.99,0.99
527,2091,"2005-07-01",1,8.99,8.99
527,2193,"2005-08-01",1,2.99,2.99
527,2199,"2006-02-01",1,2.99,2.99
527,2454,"2005-08-01",1,3.99,3.99
527,2993,"2005-08-01",1,5.99,5.99
527,3170,"2005-06-01",1,0.99,0.99
527,3174,"2005-07-01",1,0.99,0.99
527,3328,"2005-07-01",1,1.99,1.99
527,3899,"2005-07-01",1,4.99,4.99
527,3944,"2005-08-01",1,7.99,7.99
527,4347,"2005-08-01",1,3.99,3.99
527,4357,"2005-08-01",1,0.99,0.99
527,4402,"2005-06-01",1,2.99,2.99
527,4469,"2005-07-01",1,0.99,0.99
527,4474,"2005-06-01",1,2.99,2.99
528,104,"2005-07-01",1,9.99,9.99
528,352,"2005-08-01",1,2.99,2.99
528,431,"2005-08-01",1,7.99,7.99
528,450,"2005-08-01",1,2.99,2.99
528,524,"2005-07-01",1,3.99,3.99
528,1605,"2005-08-01",1,2.99,2.99
528,1621,"2005-07-01",1,4.99,4.99
528,1652,"2005-06-01",1,2.99,2.99
528,2314,"2005-06-01",1,4.99,4.99
528,2315,"2005-07-01",1,7.99,7.99
528,2444,"2005-07-01",1,4.99,4.99
528,2538,"2005-08-01",1,6.99,6.99
528,2735,"2005-08-01",1,0.99,0.99
528,2897,"2005-07-01",1,5.99,5.99
528,3031,"2005-07-01",1,3.99,3.99
528,3069,"2005-08-01",1,3.99,3.99
528,3366,"2005-07-01",1,0.99,0.99
528,3888,"2005-07-01",1,3.99,3.99
528,4221,"2005-07-01",1,8.99,8.99
528,4568,"2005-07-01",1,0.99,0.99
529,143,"2005-07-01",1,3.99,3.99
529,278,"2005-08-01",1,3.99,3.99
529,318,"2005-08-01",1,10.99,10.99
529,493,"2005-08-01",1,2.99,2.99
529,536,"2005-08-01",1,5.99,5.99
529,653,"2005-08-01",1,4.99,4.99
529,671,"2005-08-01",1,2.99,2.99
529,709,"2005-06-01",1,1.99,1.99
529,764,"2005-07-01",1,5.99,5.99
529,1083,"2005-06-01",1,0.99,0.99
529,1270,"2005-08-01",1,0.99,0.99
529,1394,"2005-07-01",1,5.99,5.99
529,1422,"2005-07-01",1,0.99,0.99
529,1748,"2005-08-01",1,3.99,3.99
529,1795,"2005-07-01",1,5.99,5.99
529,1987,"2005-07-01",1,6.99,6.99
529,1998,"2005-08-01",1,4.99,4.99
529,2114,"2005-07-01",1,0.99,0.99
529,2604,"2005-08-01",1,2.99,2.99
529,2857,"2005-08-01",1,2.99,2.99
529,2957,"2005-07-01",1,4.99,4.99
529,3063,"2005-07-01",1,0.99,0.99
529,3161,"2005-07-01",1,7.99,7.99
529,3564,"2005-08-01",1,9.99,9.99
529,3588,"2005-07-01",1,4.99,4.99
529,3883,"2005-06-01",1,0.99,0.99
529,3957,"2005-07-01",1,0.99,0.99
529,4054,"2005-07-01",1,2.99,2.99
530,243,"2005-06-01",1,2.99,2.99
530,361,"2005-06-01",1,1.99,1.99
530,810,"2005-08-01",1,3.99,3.99
530,982,"2005-08-01",1,4.99,4.99
530,1299,"2005-07-01",1,2.99,2.99
530,1362,"2005-07-01",1,4.99,4.99
530,1435,"2005-07-01",1,3.99,3.99
530,1695,"2005-07-01",1,4.99,4.99
530,1726,"2005-07-01",1,0.99,0.99
530,1762,"2005-08-01",1,0.99,0.99
530,2458,"2005-07-01",1,4.99,4.99
530,2712,"2005-08-01",1,0.99,0.99
530,2916,"2005-08-01",1,5.99,5.99
530,3078,"2005-07-01",1,0.99,0.99
530,3147,"2005-07-01",1,4.99,4.99
530,3201,"2005-08-01",1,4.99,4.99
530,3202,"2006-02-01",1,2.99,2.99
530,3345,"2005-08-01",1,4.99,4.99
530,3604,"2005-08-01",1,2.99,2.99
530,3702,"2005-06-01",1,0.99,0.99
530,3936,"2005-08-01",1,5.99,5.99
530,4414,"2005-07-01",1,1.99,1.99
531,34,"2005-07-01",1,4.99,4.99
531,120,"2005-07-01",1,2.99,2.99
531,140,"2005-07-01",1,5.99,5.99
531,250,"2005-08-01",1,2.99,2.99
531,350,"2005-07-01",1,4.99,4.99
531,842,"2005-08-01",1,8.99,8.99
531,949,"2005-07-01",1,5.99,5.99
531,1068,"2005-07-01",1,4.99,4.99
531,1153,"2005-07-01",1,6.99,6.99
531,1174,"2005-07-01",1,4.99,4.99
531,1390,"2005-08-01",1,2.99,2.99
531,1950,"2005-08-01",1,0.99,0.99
531,2132,"2005-08-01",1,5.99,5.99
531,2232,"2005-06-01",1,2.99,2.99
531,2512,"2005-07-01",1,2.99,2.99
531,2841,"2005-07-01",1,4.99,4.99
531,3071,"2005-07-01",1,6.99,6.99
531,3106,"2005-08-01",1,4.99,4.99
531,3554,"2005-08-01",1,4.99,4.99
531,3698,"2005-07-01",1,0.99,0.99
531,3870,"2005-08-01",1,10.99,10.99
531,4015,"2005-07-01",1,0.99,0.99
531,4485,"2005-07-01",1,5.99,5.99
532,144,"2005-08-01",1,3.99,3.99
532,147,"2005-06-01",1,4.99,4.99
532,234,"2005-08-01",1,0.99,0.99
532,482,"2005-07-01",1,2.99,2.99
532,498,"2005-08-01",1,6.99,6.99
532,718,"2005-08-01",1,1.99,1.99
532,966,"2005-08-01",1,8.99,8.99
532,1188,"2005-08-01",1,5.99,5.99
532,1552,"2005-07-01",1,3.99,3.99
532,1651,"2005-08-01",1,5.99,5.99
532,2049,"2005-07-01",1,4.99,4.99
532,2181,"2005-08-01",1,2.99,2.99
532,2213,"2005-07-01",1,2.99,2.99
532,2226,"2005-08-01",1,4.99,4.99
532,2241,"2005-07-01",1,7.99,7.99
532,2386,"2005-08-01",1,4.99,4.99
532,2551,"2005-06-01",1,3.99,3.99
532,2573,"2005-07-01",1,4.99,4.99
532,2602,"2005-07-01",1,2.99,2.99
532,2923,"2005-07-01",1,2.99,2.99
532,3068,"2005-07-01",1,2.99,2.99
532,3322,"2005-08-01",1,5.99,5.99
532,3412,"2005-08-01",1,4.99,4.99
532,3553,"2005-07-01",1,8.99,8.99
532,3661,"2005-08-01",1,4.99,4.99
532,3684,"2005-08-01",1,5.99,5.99
532,4244,"2005-07-01",1,5.99,5.99
532,4329,"2005-07-01",1,4.99,4.99
532,4332,"2005-07-01",1,7.99,7.99
532,4399,"2005-07-01",1,4.99,4.99
532,4537,"2006-02-01",1,0.99,0.99
533,11,"2005-08-01",1,8.99,8.99
533,232,"2005-08-01",1,6.99,6.99
533,240,"2005-08-01",1,0.99,0.99
533,283,"2005-07-01",1,1.99,1.99
533,317,"2005-08-01",1,7.99,7.99
533,691,"2005-07-01",1,4.99,4.99
533,859,"2005-08-01",1,6.99,6.99
533,897,"2005-07-01",1,0.99,0.99
533,1080,"2005-07-01",1,2.99,2.99
533,1203,"2005-07-01",1,9.99,9.99
533,1427,"2005-07-01",1,8.99,8.99
533,1520,"2005-07-01",1,2.99,2.99
533,2001,"2005-08-01",1,0.99,0.99
533,2136,"2006-02-01",1,2.99,2.99
533,2169,"2005-08-01",1,2.99,2.99
533,2225,"2005-08-01",1,2.99,2.99
533,2404,"2005-07-01",1,1.99,1.99
533,2439,"2005-06-01",1,5.99,5.99
533,2595,"2005-08-01",1,7.99,7.99
533,2684,"2005-06-01",1,0.99,0.99
533,3042,"2005-06-01",1,6.99,6.99
533,3203,"2005-06-01",1,2.99,2.99
533,3284,"2005-07-01",1,8.99,8.99
533,3405,"2005-06-01",1,0.99,0.99
533,3416,"2005-06-01",1,0.99,0.99
533,3421,"2005-07-01",1,4.99,4.99
533,3554,"2005-08-01",1,4.99,4.99
533,3783,"2005-07-01",1,2.99,2.99
533,4023,"2005-07-01",1,3.99,3.99
533,4519,"2005-07-01",1,2.99,2.99
534,156,"2005-08-01",1,0.99,0.99
534,202,"2005-07-01",1,4.99,4.99
534,719,"2005-06-01",1,4.99,4.99
534,907,"2005-06-01",1,2.99,2.99
534,1017,"2005-07-01",1,2.99,2.99
534,1799,"2006-02-01",1,2.99,2.99
534,1963,"2005-07-01",1,2.99,2.99
534,2068,"2005-07-01",1,5.99,5.99
534,2113,"2005-08-01",1,0.99,0.99
534,2262,"2005-07-01",1,2.99,2.99
534,3328,"2005-06-01",1,0.99,0.99
534,3436,"2005-07-01",1,0.99,0.99
534,3551,"2005-06-01",1,4.99,4.99
534,3632,"2005-08-01",1,5.99,5.99
534,3744,"2005-08-01",1,5.99,5.99
534,3832,"2005-06-01",1,1.99,1.99
534,3904,"2005-07-01",1,4.99,4.99
534,4086,"2005-08-01",1,1.99,1.99
534,4244,"2005-08-01",1,4.99,4.99
534,4384,"2005-08-01",1,5.99,5.99
534,4463,"2005-08-01",1,2.99,2.99
534,4486,"2005-08-01",1,6.99,6.99
535,80,"2005-07-01",1,2.99,2.99
535,85,"2005-08-01",1,0.99,0.99
535,174,"2005-08-01",1,0.99,0.99
535,298,"2005-07-01",1,6.99,6.99
535,308,"2005-08-01",1,6.99,6.99
535,414,"2005-07-01",1,0.99,0.99
535,419,"2005-07-01",1,4.99,4.99
535,664,"2005-08-01",1,0.99,0.99
535,1015,"2005-08-01",1,4.99,4.99
535,1062,"2005-08-01",1,7.99,7.99
535,1166,"2005-07-01",1,0.99,0.99
535,1363,"2005-06-01",1,4.99,4.99
535,1446,"2005-08-01",1,3.99,3.99
535,1463,"2005-07-01",1,8.99,8.99
535,1471,"2005-07-01",1,2.99,2.99
535,1543,"2005-08-01",1,5.99,5.99
535,1653,"2005-07-01",1,6.99,6.99
535,1796,"2005-07-01",1,4.99,4.99
535,1938,"2005-08-01",1,5.99,5.99
535,2101,"2005-08-01",1,4.99,4.99
535,2489,"2005-06-01",1,4.99,4.99
535,2532,"2005-07-01",1,4.99,4.99
535,2859,"2005-08-01",1,2.99,2.99
535,3307,"2005-08-01",1,0.99,0.99
535,3717,"2005-08-01",1,1.99,1.99
535,3786,"2005-07-01",1,2.99,2.99
535,4204,"2005-08-01",1,4.99,4.99
535,4217,"2005-08-01",1,8.99,8.99
536,79,"2005-07-01",1,4.99,4.99
536,99,"2005-08-01",1,8.99,8.99
536,163,"2005-06-01",1,4.99,4.99
536,620,"2005-08-01",1,6.99,6.99
536,914,"2005-08-01",1,4.99,4.99
536,1528,"2005-08-01",1,4.99,4.99
536,1556,"2005-07-01",1,2.99,2.99
536,1837,"2005-08-01",1,2.99,2.99
536,2114,"2005-07-01",1,3.99,3.99
536,2278,"2005-07-01",1,0.99,0.99
536,2375,"2005-08-01",1,7.99,7.99
536,2697,"2005-06-01",1,2.99,2.99
536,2768,"2005-07-01",1,2.99,2.99
536,3076,"2005-07-01",1,4.99,4.99
536,3289,"2005-07-01",1,5.99,5.99
536,3484,"2005-07-01",1,8.99,8.99
536,3549,"2005-07-01",1,4.99,4.99
536,3570,"2005-07-01",1,4.99,4.99
536,3733,"2005-08-01",1,0.99,0.99
536,4386,"2005-06-01",1,2.99,2.99
536,4444,"2005-08-01",1,8.99,8.99
536,4489,"2005-07-01",1,4.99,4.99
536,4546,"2005-07-01",1,0.99,0.99
537,30,"2005-07-01",1,4.99,4.99
537,719,"2005-07-01",1,4.99,4.99
537,869,"2005-07-01",1,0.99,0.99
537,934,"2005-08-01",1,4.99,4.99
537,958,"2005-07-01",1,2.99,2.99
537,1151,"2005-07-01",1,2.99,2.99
537,1389,"2005-06-01",1,8.99,8.99
537,1411,"2005-07-01",1,0.99,0.99
537,1468,"2005-08-01",1,8.99,8.99
537,1483,"2005-07-01",1,4.99,4.99
537,1520,"2005-07-01",1,5.99,5.99
537,2365,"2005-07-01",1,2.99,2.99
537,3059,"2005-08-01",1,2.99,2.99
537,3064,"2005-07-01",1,2.99,2.99
537,3127,"2005-07-01",1,0.99,0.99
537,3189,"2005-06-01",1,2.99,2.99
537,3195,"2005-08-01",1,4.99,4.99
537,3468,"2005-06-01",1,2.99,2.99
537,3507,"2006-02-01",1,4.99,4.99
537,3859,"2005-07-01",1,4.99,4.99
537,4104,"2005-06-01",1,8.99,8.99
537,4211,"2005-08-01",1,4.99,4.99
537,4324,"2005-08-01",1,0.99,0.99
537,4493,"2005-08-01",1,0.99,0.99
538,58,"2005-08-01",1,1.99,1.99
538,60,"2005-07-01",1,0.99,0.99
538,651,"2005-08-01",1,5.99,5.99
538,793,"2005-07-01",1,4.99,4.99
538,998,"2005-08-01",1,4.99,4.99
538,1359,"2005-06-01",1,5.99,5.99
538,1397,"2005-08-01",1,2.99,2.99
538,1502,"2005-06-01",1,2.99,2.99
538,1550,"2005-07-01",1,4.99,4.99
538,1733,"2005-07-01",1,0.99,0.99
538,1953,"2005-08-01",1,4.99,4.99
538,2547,"2005-07-01",1,2.99,2.99
538,2589,"2005-08-01",1,6.99,6.99
538,2631,"2005-07-01",1,0.99,0.99
538,2810,"2005-08-01",1,5.99,5.99
538,2864,"2005-07-01",1,2.99,2.99
538,2892,"2005-07-01",1,0.99,0.99
538,3005,"2005-07-01",1,8.99,8.99
538,3049,"2005-07-01",1,8.99,8.99
538,3257,"2005-07-01",1,2.99,2.99
538,3410,"2005-08-01",1,0.99,0.99
538,3576,"2005-07-01",1,4.99,4.99
538,3609,"2005-06-01",1,4.99,4.99
538,3831,"2005-07-01",1,0.99,0.99
538,3945,"2005-07-01",1,4.99,4.99
538,3958,"2005-08-01",1,3.99,3.99
538,4136,"2005-06-01",1,4.99,4.99
539,51,"2005-07-01",1,7.99,7.99
539,186,"2005-06-01",1,3.99,3.99
539,225,"2005-07-01",1,7.99,7.99
539,403,"2005-06-01",1,0.99,0.99
539,541,"2005-07-01",1,2.99,2.99
539,808,"2005-07-01",1,0.99,0.99
539,1038,"2005-07-01",1,4.99,4.99
539,1303,"2005-06-01",1,4.99,4.99
539,1317,"2005-07-01",1,5.99,5.99
539,1864,"2005-08-01",1,2.99,2.99
539,2037,"2005-07-01",1,2.99,2.99
539,2385,"2005-08-01",1,5.99,5.99
539,2607,"2005-07-01",1,6.99,6.99
539,2833,"2005-08-01",1,2.99,2.99
539,3072,"2005-07-01",1,4.99,4.99
539,3611,"2005-07-01",1,2.99,2.99
539,4478,"2005-07-01",1,5.99,5.99
539,4507,"2005-08-01",1,2.99,2.99
539,4522,"2005-08-01",1,3.99,3.99
539,4544,"2005-07-01",1,0.99,0.99
540,155,"2005-07-01",1,4.99,4.99
540,262,"2005-07-01",1,2.99,2.99
540,589,"2005-08-01",1,8.99,8.99
540,721,"2005-06-01",1,2.99,2.99
540,959,"2005-08-01",1,6.99,6.99
540,1122,"2005-07-01",1,0.99,0.99
540,1266,"2005-08-01",1,0.99,0.99
540,1359,"2005-07-01",1,7.99,7.99
540,1829,"2005-06-01",1,3.99,3.99
540,1856,"2005-07-01",1,4.99,4.99
540,1888,"2005-07-01",1,4.99,4.99
540,1921,"2005-06-01",1,4.99,4.99
540,2438,"2005-08-01",1,8.99,8.99
540,2562,"2005-07-01",1,2.99,2.99
540,2728,"2005-07-01",1,2.99,2.99
540,2900,"2005-08-01",1,4.99,4.99
540,2908,"2005-08-01",1,3.99,3.99
540,2962,"2005-06-01",1,3.99,3.99
540,3213,"2005-08-01",1,6.99,6.99
540,3655,"2005-07-01",1,6.99,6.99
540,3676,"2005-08-01",1,4.99,4.99
540,3727,"2005-08-01",1,3.99,3.99
540,4144,"2005-06-01",1,2.99,2.99
540,4552,"2005-08-01",1,2.99,2.99
541,3,"2005-08-01",1,0.99,0.99
541,227,"2005-08-01",1,3.99,3.99
541,301,"2005-07-01",1,4.99,4.99
541,408,"2005-08-01",1,6.99,6.99
541,417,"2005-08-01",1,4.99,4.99
541,1114,"2005-08-01",1,1.99,1.99
541,1571,"2005-07-01",1,4.99,4.99
541,2020,"2005-08-01",1,4.99,4.99
541,2263,"2005-08-01",1,1.99,1.99
541,2266,"2005-07-01",1,0.99,0.99
541,2283,"2005-07-01",1,2.99,2.99
541,2317,"2005-07-01",1,2.99,2.99
541,2659,"2005-06-01",1,6.99,6.99
541,2819,"2005-08-01",1,5.99,5.99
541,2894,"2005-06-01",1,2.99,2.99
541,3296,"2005-08-01",1,4.99,4.99
541,3383,"2005-08-01",1,0.99,0.99
541,3427,"2005-08-01",1,0.99,0.99
541,3853,"2005-08-01",1,4.99,4.99
541,4269,"2005-07-01",1,8.99,8.99
541,4560,"2005-07-01",1,7.99,7.99
541,4581,"2005-08-01",1,7.99,7.99
542,133,"2005-08-01",1,0.99,0.99
542,285,"2005-08-01",1,0.99,0.99
542,412,"2005-07-01",1,3.99,3.99
542,551,"2005-07-01",1,4.99,4.99
542,573,"2005-07-01",1,8.99,8.99
542,994,"2005-07-01",1,6.99,6.99
542,1117,"2005-08-01",1,0.99,0.99
542,1196,"2005-08-01",1,2.99,2.99
542,1457,"2005-08-01",1,4.99,4.99
542,2154,"2005-07-01",1,5.99,5.99
542,2333,"2005-08-01",1,9.99,9.99
542,2880,"2005-07-01",1,0.99,0.99
542,3845,"2005-06-01",1,4.99,4.99
542,4034,"2005-06-01",1,10.99,10.99
542,4487,"2005-07-01",1,9.99,9.99
542,4556,"2005-07-01",1,5.99,5.99
543,189,"2005-06-01",1,2.99,2.99
543,228,"2005-07-01",1,2.99,2.99
543,374,"2005-07-01",1,4.99,4.99
543,474,"2005-06-01",1,2.99,2.99
543,729,"2005-06-01",1,5.99,5.99
543,1260,"2005-08-01",1,2.99,2.99
543,1438,"2005-07-01",1,0.99,0.99
543,1758,"2005-08-01",1,1.99,1.99
543,1944,"2005-08-01",1,0.99,0.99
543,2403,"2005-08-01",1,0.99,0.99
543,3036,"2005-07-01",1,4.99,4.99
543,3500,"2005-06-01",1,4.99,4.99
543,3613,"2005-07-01",1,2.99,2.99
543,3657,"2005-08-01",1,9.99,9.99
543,3774,"2005-07-01",1,4.99,4.99
543,3860,"2005-06-01",1,4.99,4.99
543,3992,"2005-08-01",1,1.99,1.99
543,4040,"2005-07-01",1,2.99,2.99
543,4047,"2005-07-01",1,2.99,2.99
543,4396,"2005-08-01",1,4.99,4.99
544,100,"2005-07-01",1,9.99,9.99
544,360,"2005-07-01",1,0.99,0.99
544,899,"2005-06-01",1,2.99,2.99
544,1239,"2005-08-01",1,2.99,2.99
544,1479,"2005-08-01",1,4.99,4.99
544,1715,"2005-08-01",1,3.99,3.99
544,1799,"2005-08-01",1,3.99,3.99
544,2011,"2005-07-01",1,2.99,2.99
544,2406,"2005-07-01",1,5.99,5.99
544,2780,"2005-06-01",1,0.99,0.99
544,2859,"2005-07-01",1,2.99,2.99
544,2999,"2005-08-01",1,2.99,2.99
544,3152,"2005-08-01",1,4.99,4.99
544,3313,"2005-08-01",1,6.99,6.99
544,3397,"2005-07-01",1,6.99,6.99
544,3878,"2005-06-01",1,1.99,1.99
544,3971,"2005-08-01",1,4.99,4.99
544,4037,"2005-08-01",1,8.99,8.99
544,4061,"2005-08-01",1,0.99,0.99
544,4228,"2005-06-01",1,10.99,10.99
545,104,"2005-08-01",1,10.99,10.99
545,257,"2005-08-01",1,2.99,2.99
545,534,"2005-08-01",1,4.99,4.99
545,626,"2005-08-01",1,2.99,2.99
545,673,"2005-08-01",1,4.99,4.99
545,1169,"2005-07-01",1,3.99,3.99
545,1177,"2005-08-01",1,0.99,0.99
545,1229,"2005-08-01",1,4.99,4.99
545,2066,"2005-07-01",1,2.99,2.99
545,2497,"2005-06-01",1,2.99,2.99
545,2972,"2005-07-01",1,2.99,2.99
545,2989,"2005-07-01",1,8.99,8.99
545,3268,"2005-08-01",1,2.99,2.99
545,3307,"2005-07-01",1,0.99,0.99
545,3767,"2005-07-01",1,5.99,5.99
545,4191,"2005-08-01",1,2.99,2.99
545,4343,"2005-07-01",1,5.99,5.99
545,4518,"2005-07-01",1,5.99,5.99
545,4573,"2005-07-01",1,4.99,4.99
546,71,"2005-08-01",1,4.99,4.99
546,400,"2005-07-01",1,0.99,0.99
546,578,"2005-07-01",1,4.99,4.99
546,723,"2005-08-01",1,2.99,2.99
546,1131,"2005-08-01",1,4.99,4.99
546,1142,"2005-08-01",1,4.99,4.99
546,1290,"2005-07-01",1,6.99,6.99
546,1318,"2005-07-01",1,0.99,0.99
546,1928,"2005-07-01",1,0.99,0.99
546,2011,"2005-07-01",1,2.99,2.99
546,2216,"2005-07-01",1,1.99,1.99
546,2760,"2005-08-01",1,5.99,5.99
546,2973,"2005-06-01",1,1.99,1.99
546,3030,"2005-08-01",1,5.99,5.99
546,3045,"2005-07-01",1,4.99,4.99
546,3380,"2005-06-01",1,0.99,0.99
546,3547,"2005-06-01",1,5.99,5.99
546,3606,"2005-08-01",1,2.99,2.99
546,3823,"2005-06-01",1,3.99,3.99
546,4048,"2005-07-01",1,4.99,4.99
546,4098,"2005-07-01",1,9.99,9.99
546,4195,"2005-08-01",1,3.99,3.99
546,4358,"2005-08-01",1,0.99,0.99
547,43,"2005-07-01",1,4.99,4.99
547,150,"2005-08-01",1,4.99,4.99
547,997,"2005-07-01",1,4.99,4.99
547,1124,"2005-08-01",1,0.99,0.99
547,1333,"2005-08-01",1,5.99,5.99
547,1608,"2005-07-01",1,2.99,2.99
547,1733,"2005-07-01",1,3.99,3.99
547,1805,"2005-07-01",1,4.99,4.99
547,1868,"2005-08-01",1,9.99,9.99
547,2186,"2005-07-01",1,4.99,4.99
547,2242,"2005-08-01",1,2.99,2.99
547,2696,"2005-08-01",1,2.99,2.99
547,2892,"2005-07-01",1,0.99,0.99
547,2957,"2005-08-01",1,4.99,4.99
547,3021,"2005-08-01",1,0.99,0.99
547,3053,"2005-06-01",1,8.99,8.99
547,3392,"2005-07-01",1,3.99,3.99
547,3505,"2005-07-01",1,4.99,4.99
547,3657,"2005-07-01",1,4.99,4.99
547,3930,"2005-08-01",1,2.99,2.99
548,59,"2005-06-01",1,1.99,1.99
548,212,"2005-07-01",1,7.99,7.99
548,376,"2005-07-01",1,2.99,2.99
548,676,"2005-08-01",1,3.99,3.99
548,778,"2005-08-01",1,5.99,5.99
548,885,"2005-08-01",1,0.99,0.99
548,1283,"2005-07-01",1,4.99,4.99
548,1330,"2005-08-01",1,7.99,7.99
548,2249,"2005-07-01",1,4.99,4.99
548,2470,"2005-07-01",1,2.99,2.99
548,2755,"2005-08-01",1,6.99,6.99
548,2955,"2005-07-01",1,5.99,5.99
548,3966,"2006-02-01",1,0.99,0.99
548,4364,"2005-06-01",1,0.99,0.99
548,4492,"2005-08-01",1,0.99,0.99
548,4568,"2005-06-01",1,2.99,2.99
549,255,"2005-08-01",1,2.99,2.99
549,404,"2005-07-01",1,0.99,0.99
549,436,"2005-07-01",1,0.99,0.99
549,778,"2005-07-01",1,4.99,4.99
549,964,"2005-07-01",1,9.99,9.99
549,1037,"2005-08-01",1,2.99,2.99
549,1047,"2005-08-01",1,0.99,0.99
549,1480,"2005-07-01",1,7.99,7.99
549,1963,"2005-06-01",1,2.99,2.99
549,2085,"2005-08-01",1,0.99,0.99
549,2171,"2005-07-01",1,2.99,2.99
549,3107,"2005-07-01",1,7.99,7.99
549,3951,"2005-07-01",1,0.99,0.99
549,4075,"2005-08-01",1,4.99,4.99
549,4118,"2005-07-01",1,4.99,4.99
549,4128,"2005-08-01",1,4.99,4.99
550,133,"2005-07-01",1,2.99,2.99
550,306,"2005-08-01",1,4.99,4.99
550,668,"2005-08-01",1,4.99,4.99
550,794,"2005-07-01",1,4.99,4.99
550,1031,"2005-08-01",1,4.99,4.99
550,1090,"2005-06-01",1,10.99,10.99
550,1141,"2005-08-01",1,2.99,2.99
550,1210,"2005-07-01",1,2.99,2.99
550,1277,"2005-07-01",1,0.99,0.99
550,1295,"2006-02-01",1,2.99,2.99
550,1492,"2005-06-01",1,9.99,9.99
550,2222,"2005-07-01",1,2.99,2.99
550,2471,"2005-08-01",1,2.99,2.99
550,2494,"2005-07-01",1,4.99,4.99
550,2507,"2005-08-01",1,6.99,6.99
550,2792,"2005-08-01",1,0.99,0.99
550,3088,"2005-07-01",1,2.99,2.99
550,3195,"2005-06-01",1,2.99,2.99
550,3251,"2005-08-01",1,9.99,9.99
550,3308,"2005-07-01",1,0.99,0.99
550,3338,"2005-07-01",1,4.99,4.99
550,3362,"2005-08-01",1,0.99,0.99
550,3504,"2005-06-01",1,4.99,4.99
550,3508,"2005-07-01",1,8.99,8.99
550,3577,"2005-08-01",1,2.99,2.99
550,3589,"2005-08-01",1,4.99,4.99
550,4214,"2005-06-01",1,6.99,6.99
550,4342,"2005-08-01",1,10.99,10.99
550,4466,"2005-06-01",1,3.99,3.99
550,4484,"2005-07-01",1,6.99,6.99
550,4532,"2005-08-01",1,4.99,4.99
551,221,"2005-08-01",1,2.99,2.99
551,462,"2005-08-01",1,6.99,6.99
551,472,"2005-07-01",1,4.99,4.99
551,680,"2005-07-01",1,0.99,0.99
551,1008,"2005-07-01",1,9.99,9.99
551,1046,"2005-08-01",1,0.99,0.99
551,1206,"2005-08-01",1,4.99,4.99
551,1726,"2005-06-01",1,3.99,3.99
551,1960,"2005-08-01",1,2.99,2.99
551,2039,"2005-08-01",1,4.99,4.99
551,2048,"2005-07-01",1,2.99,2.99
551,2137,"2005-08-01",1,2.99,2.99
551,2453,"2005-07-01",1,1.99,1.99
551,2495,"2005-08-01",1,0.99,0.99
551,2746,"2005-06-01",1,4.99,4.99
551,2815,"2005-07-01",1,0.99,0.99
551,2857,"2005-07-01",1,5.99,5.99
551,3405,"2005-08-01",1,4.99,4.99
551,3535,"2005-08-01",1,3.99,3.99
551,3992,"2005-07-01",1,0.99,0.99
551,4054,"2005-08-01",1,0.99,0.99
552,255,"2005-07-01",1,2.99,2.99
552,597,"2005-06-01",1,0.99,0.99
552,602,"2005-06-01",1,4.99,4.99
552,604,"2005-07-01",1,5.99,5.99
552,933,"2005-08-01",1,0.99,0.99
552,986,"2005-07-01",1,2.99,2.99
552,1602,"2005-07-01",1,6.99,6.99
552,1776,"2005-08-01",1,4.99,4.99
552,2055,"2005-07-01",1,4.99,4.99
552,2318,"2005-07-01",1,8.99,8.99
552,2383,"2005-08-01",1,2.99,2.99
552,2488,"2005-08-01",1,1.99,1.99
552,2935,"2005-08-01",1,2.99,2.99
552,3032,"2005-08-01",1,7.99,7.99
552,3059,"2005-07-01",1,2.99,2.99
552,3386,"2005-08-01",1,2.99,2.99
552,3559,"2005-08-01",1,4.99,4.99
552,3708,"2005-07-01",1,7.99,7.99
552,3800,"2005-07-01",1,4.99,4.99
552,4321,"2005-08-01",1,4.99,4.99
553,256,"2005-07-01",1,2.99,2.99
553,613,"2005-08-01",1,4.99,4.99
553,677,"2005-07-01",1,4.99,4.99
553,1352,"2005-07-01",1,4.99,4.99
553,1370,"2005-07-01",1,0.99,0.99
553,1592,"2005-07-01",1,2.99,2.99
553,1687,"2005-08-01",1,2.99,2.99
553,1877,"2005-06-01",1,6.99,6.99
553,1914,"2005-08-01",1,0.99,0.99
553,2227,"2005-07-01",1,6.99,6.99
553,2306,"2005-07-01",1,6.99,6.99
553,2337,"2005-07-01",1,4.99,4.99
553,2548,"2005-07-01",1,2.99,2.99
553,2570,"2005-07-01",1,4.99,4.99
553,3216,"2005-07-01",1,4.99,4.99
553,3299,"2005-06-01",1,3.99,3.99
553,3443,"2005-07-01",1,4.99,4.99
553,3697,"2005-07-01",1,0.99,0.99
553,3796,"2005-08-01",1,4.99,4.99
553,3816,"2005-07-01",1,3.99,3.99
553,3927,"2005-07-01",1,4.99,4.99
553,3933,"2005-06-01",1,8.99,8.99
553,4558,"2005-07-01",1,4.99,4.99
554,6,"2005-08-01",1,3.99,3.99
554,168,"2005-08-01",1,7.99,7.99
554,287,"2005-08-01",1,6.99,6.99
554,1008,"2005-06-01",1,6.99,6.99
554,1038,"2005-08-01",1,2.99,2.99
554,1076,"2005-08-01",1,8.99,8.99
554,1077,"2005-07-01",1,2.99,2.99
554,1464,"2005-06-01",1,4.99,4.99
554,1778,"2005-08-01",1,0.99,0.99
554,1953,"2005-06-01",1,6.99,6.99
554,1957,"2005-08-01",1,0.99,0.99
554,2099,"2005-08-01",1,4.99,4.99
554,2102,"2005-08-01",1,4.99,4.99
554,2238,"2005-07-01",1,4.99,4.99
554,2832,"2005-06-01",1,2.99,2.99
554,3145,"2005-08-01",1,2.99,2.99
554,3273,"2005-07-01",1,5.99,5.99
554,3480,"2005-08-01",1,9.99,9.99
554,4021,"2005-08-01",1,0.99,0.99
554,4462,"2005-07-01",1,2.99,2.99
555,296,"2005-08-01",1,2.99,2.99
555,468,"2005-08-01",1,4.99,4.99
555,843,"2005-07-01",1,2.99,2.99
555,848,"2005-07-01",1,0.99,0.99
555,964,"2005-08-01",1,4.99,4.99
555,1041,"2005-08-01",1,2.99,2.99
555,1117,"2005-07-01",1,7.99,7.99
555,1515,"2005-07-01",1,5.99,5.99
555,1820,"2005-08-01",1,3.99,3.99
555,1972,"2005-06-01",1,1.99,1.99
555,2161,"2005-08-01",1,4.99,4.99
555,2317,"2005-08-01",1,6.99,6.99
555,3330,"2005-07-01",1,3.99,3.99
555,3673,"2005-08-01",1,4.99,4.99
555,3781,"2005-08-01",1,2.99,2.99
555,4016,"2005-08-01",1,2.99,2.99
555,4481,"2005-07-01",1,7.99,7.99
556,417,"2005-07-01",1,0.99,0.99
556,469,"2005-08-01",1,4.99,4.99
556,478,"2005-06-01",1,0.99,0.99
556,988,"2005-08-01",1,2.99,2.99
556,1040,"2005-08-01",1,3.99,3.99
556,1315,"2005-07-01",1,2.99,2.99
556,1757,"2005-06-01",1,6.99,6.99
556,1810,"2005-07-01",1,3.99,3.99
556,2031,"2005-06-01",1,5.99,5.99
556,2534,"2005-06-01",1,4.99,4.99
556,2606,"2005-07-01",1,5.99,5.99
556,2890,"2005-07-01",1,0.99,0.99
556,3363,"2005-08-01",1,1.99,1.99
556,3444,"2005-07-01",1,4.99,4.99
556,4093,"2005-07-01",1,2.99,2.99
556,4420,"2005-08-01",1,2.99,2.99
556,4427,"2005-06-01",1,6.99,6.99
556,4444,"2005-08-01",1,6.99,6.99
557,134,"2005-07-01",1,1.99,1.99
557,747,"2005-08-01",1,0.99,0.99
557,793,"2005-07-01",1,6.99,6.99
557,795,"2005-07-01",1,4.99,4.99
557,894,"2005-07-01",1,2.99,2.99
557,1725,"2005-07-01",1,0.99,0.99
557,1911,"2005-07-01",1,0.99,0.99
557,2148,"2005-08-01",1,2.99,2.99
557,2334,"2006-02-01",1,4.99,4.99
557,2397,"2005-06-01",1,3.99,3.99
557,2412,"2005-08-01",1,2.99,2.99
557,3127,"2005-08-01",1,0.99,0.99
557,3160,"2005-06-01",1,6.99,6.99
557,3785,"2005-08-01",1,2.99,2.99
557,4013,"2005-07-01",1,1.99,1.99
557,4014,"2005-08-01",1,5.99,5.99
557,4019,"2005-06-01",1,0.99,0.99
557,4025,"2005-07-01",1,0.99,0.99
557,4064,"2005-07-01",1,0.99,0.99
557,4124,"2005-08-01",1,0.99,0.99
557,4218,"2005-07-01",1,3.99,3.99
557,4434,"2005-08-01",1,1.99,1.99
558,125,"2005-08-01",1,7.99,7.99
558,292,"2005-08-01",1,1.99,1.99
558,547,"2005-07-01",1,0.99,0.99
558,567,"2005-08-01",1,5.99,5.99
558,624,"2005-07-01",1,5.99,5.99
558,660,"2005-07-01",1,0.99,0.99
558,1165,"2005-08-01",1,0.99,0.99
558,1288,"2005-08-01",1,6.99,6.99
558,1407,"2005-07-01",1,6.99,6.99
558,1465,"2005-06-01",1,4.99,4.99
558,2009,"2005-07-01",1,3.99,3.99
558,2232,"2005-07-01",1,7.99,7.99
558,2377,"2005-08-01",1,5.99,5.99
558,2378,"2005-07-01",1,4.99,4.99
558,2587,"2005-07-01",1,9.99,9.99
558,3225,"2005-06-01",1,4.99,4.99
558,3275,"2005-08-01",1,0.99,0.99
558,3302,"2005-06-01",1,1.99,1.99
558,3457,"2005-07-01",1,2.99,2.99
558,3489,"2005-06-01",1,10.99,10.99
558,3514,"2005-06-01",1,4.99,4.99
558,3614,"2005-07-01",1,2.99,2.99
558,4133,"2005-07-01",1,9.99,9.99
558,4237,"2005-07-01",1,2.99,2.99
558,4242,"2005-07-01",1,4.99,4.99
558,4250,"2005-07-01",1,0.99,0.99
558,4397,"2005-08-01",1,5.99,5.99
558,4524,"2005-07-01",1,3.99,3.99
559,98,"2005-07-01",1,1.99,1.99
559,373,"2005-06-01",1,0.99,0.99
559,471,"2005-06-01",1,4.99,4.99
559,735,"2005-07-01",1,1.99,1.99
559,976,"2005-08-01",1,1.99,1.99
559,987,"2005-07-01",1,4.99,4.99
559,1243,"2005-07-01",1,2.99,2.99
559,1299,"2005-07-01",1,2.99,2.99
559,1315,"2005-08-01",1,1.99,1.99
559,1573,"2005-06-01",1,1.99,1.99
559,1591,"2005-07-01",1,7.99,7.99
559,1721,"2005-07-01",1,2.99,2.99
559,1784,"2005-07-01",1,1.99,1.99
559,2121,"2005-08-01",1,8.99,8.99
559,2149,"2005-08-01",1,4.99,4.99
559,2161,"2005-08-01",1,0.99,0.99
559,2254,"2005-08-01",1,4.99,4.99
559,2307,"2005-08-01",1,4.99,4.99
559,2401,"2005-08-01",1,3.99,3.99
559,2702,"2005-08-01",1,4.99,4.99
559,2749,"2005-08-01",1,4.99,4.99
559,2864,"2005-08-01",1,6.99,6.99
559,2928,"2005-06-01",1,4.99,4.99
559,3686,"2005-07-01",1,5.99,5.99
559,3795,"2005-07-01",1,1.99,1.99
559,3797,"2005-07-01",1,0.99,0.99
559,3993,"2005-08-01",1,5.99,5.99
559,4530,"2005-07-01",1,4.99,4.99
560,16,"2005-08-01",1,6.99,6.99
560,89,"2005-07-01",1,0.99,0.99
560,109,"2005-07-01",1,4.99,4.99
560,379,"2005-06-01",1,4.99,4.99
560,382,"2005-07-01",1,4.99,4.99
560,553,"2005-08-01",1,4.99,4.99
560,759,"2005-07-01",1,5.99,5.99
560,835,"2005-07-01",1,5.99,5.99
560,1055,"2005-07-01",1,2.99,2.99
560,1127,"2005-07-01",1,4.99,4.99
560,1310,"2005-08-01",1,4.99,4.99
560,1345,"2005-07-01",1,2.99,2.99
560,1504,"2005-08-01",1,7.99,7.99
560,1627,"2005-07-01",1,2.99,2.99
560,1881,"2005-07-01",1,2.99,2.99
560,1981,"2005-08-01",1,2.99,2.99
560,2427,"2005-08-01",1,5.99,5.99
560,2579,"2005-08-01",1,4.99,4.99
560,2667,"2005-07-01",1,4.99,4.99
560,2752,"2006-02-01",1,0.00,0.00
560,2802,"2005-08-01",1,4.99,4.99
560,3035,"2005-07-01",1,9.99,9.99
560,3082,"2006-02-01",1,5.98,5.98
560,3473,"2005-08-01",1,2.99,2.99
560,3637,"2005-07-01",1,3.99,3.99
560,3700,"2005-07-01",1,0.99,0.99
560,3980,"2005-08-01",1,7.99,7.99
560,4179,"2005-06-01",1,1.99,1.99
560,4498,"2005-08-01",1,1.99,1.99
561,110,"2005-08-01",1,2.99,2.99
561,324,"2005-08-01",1,2.99,2.99
561,389,"2005-06-01",1,4.99,4.99
561,560,"2005-06-01",1,0.99,0.99
561,746,"2005-07-01",1,4.99,4.99
561,1323,"2005-06-01",1,5.99,5.99
561,1430,"2005-08-01",1,4.99,4.99
561,1438,"2005-06-01",1,4.99,4.99
561,1591,"2005-07-01",1,7.99,7.99
561,1957,"2005-07-01",1,0.99,0.99
561,2104,"2005-06-01",1,4.99,4.99
561,2163,"2005-08-01",1,2.99,2.99
561,2229,"2005-07-01",1,0.99,0.99
561,2280,"2005-08-01",1,0.99,0.99
561,2295,"2005-07-01",1,10.99,10.99
561,2670,"2006-02-01",1,0.99,0.99
561,2903,"2005-07-01",1,2.99,2.99
561,2961,"2005-06-01",1,2.99,2.99
561,3133,"2005-08-01",1,0.99,0.99
561,3291,"2005-08-01",1,2.99,2.99
561,3650,"2005-07-01",1,0.99,0.99
561,4292,"2005-06-01",1,0.99,0.99
561,4333,"2005-06-01",1,4.99,4.99
561,4504,"2005-06-01",1,2.99,2.99
561,4549,"2005-08-01",1,2.99,2.99
562,22,"2005-07-01",1,4.99,4.99
562,308,"2005-07-01",1,5.99,5.99
562,337,"2005-07-01",1,8.99,8.99
562,679,"2005-07-01",1,0.99,0.99
562,865,"2005-08-01",1,4.99,4.99
562,933,"2005-06-01",1,3.99,3.99
562,1007,"2005-07-01",1,6.99,6.99
562,1112,"2005-08-01",1,1.99,1.99
562,1191,"2005-06-01",1,4.99,4.99
562,1303,"2005-07-01",1,0.99,0.99
562,1375,"2005-07-01",1,3.99,3.99
562,1420,"2005-08-01",1,2.99,2.99
562,1421,"2005-06-01",1,4.99,4.99
562,2120,"2005-08-01",1,5.99,5.99
562,2182,"2005-08-01",1,2.99,2.99
562,2443,"2005-08-01",1,6.99,6.99
562,2489,"2005-08-01",1,0.99,0.99
562,3574,"2005-07-01",1,2.99,2.99
562,4038,"2005-08-01",1,10.99,10.99
562,4205,"2005-07-01",1,2.99,2.99
562,4365,"2005-06-01",1,3.99,3.99
562,4503,"2005-08-01",1,2.99,2.99
563,228,"2005-07-01",1,6.99,6.99
563,586,"2005-08-01",1,4.99,4.99
563,672,"2005-08-01",1,1.99,1.99
563,762,"2005-06-01",1,4.99,4.99
563,1172,"2005-07-01",1,7.99,7.99
563,1322,"2005-07-01",1,0.99,0.99
563,1341,"2005-07-01",1,1.99,1.99
563,1366,"2005-07-01",1,0.99,0.99
563,1411,"2005-07-01",1,0.99,0.99
563,1666,"2005-07-01",1,6.99,6.99
563,2137,"2005-07-01",1,2.99,2.99
563,2207,"2005-08-01",1,0.99,0.99
563,2327,"2005-07-01",1,2.99,2.99
563,2417,"2005-08-01",1,9.99,9.99
563,2419,"2005-07-01",1,4.99,4.99
563,2544,"2005-07-01",1,3.99,3.99
563,2598,"2005-07-01",1,5.99,5.99
563,2681,"2005-08-01",1,4.99,4.99
563,2820,"2005-08-01",1,2.99,2.99
563,3130,"2005-08-01",1,0.99,0.99
563,3354,"2005-06-01",1,0.99,0.99
563,3358,"2005-08-01",1,3.99,3.99
563,3755,"2005-07-01",1,3.99,3.99
563,4083,"2005-07-01",1,1.99,1.99
563,4222,"2005-07-01",1,5.99,5.99
563,4326,"2005-07-01",1,0.99,0.99
563,4404,"2005-08-01",1,1.99,1.99
564,123,"2005-06-01",1,2.99,2.99
564,289,"2005-07-01",1,10.99,10.99
564,459,"2005-07-01",1,0.99,0.99
564,849,"2005-07-01",1,0.99,0.99
564,1288,"2005-08-01",1,1.99,1.99
564,1307,"2005-08-01",1,2.99,2.99
564,1399,"2005-08-01",1,0.99,0.99
564,1551,"2005-08-01",1,0.99,0.99
564,1560,"2005-08-01",1,4.99,4.99
564,1643,"2005-08-01",1,0.99,0.99
564,1840,"2005-07-01",1,4.99,4.99
564,2521,"2005-07-01",1,2.99,2.99
564,2848,"2005-07-01",1,6.99,6.99
564,2851,"2005-07-01",1,3.99,3.99
564,3407,"2005-07-01",1,2.99,2.99
564,3573,"2005-08-01",1,2.99,2.99
564,3687,"2005-08-01",1,6.99,6.99
564,3903,"2005-08-01",1,5.99,5.99
564,4079,"2005-08-01",1,8.99,8.99
564,4349,"2005-08-01",1,0.99,0.99
564,4401,"2005-08-01",1,2.99,2.99
564,4572,"2005-07-01",1,2.99,2.99
565,475,"2005-07-01",1,5.99,5.99
565,616,"2005-08-01",1,4.99,4.99
565,626,"2005-07-01",1,2.99,2.99
565,729,"2005-08-01",1,6.99,6.99
565,869,"2005-08-01",1,0.99,0.99
565,883,"2005-07-01",1,0.99,0.99
565,1062,"2005-07-01",1,2.99,2.99
565,1160,"2005-06-01",1,5.99,5.99
565,1387,"2005-07-01",1,2.99,2.99
565,1405,"2005-06-01",1,4.99,4.99
565,1529,"2005-08-01",1,4.99,4.99
565,1598,"2005-08-01",1,10.99,10.99
565,1857,"2005-07-01",1,4.99,4.99
565,1966,"2005-07-01",1,5.99,5.99
565,2094,"2005-08-01",1,3.99,3.99
565,2116,"2005-08-01",1,2.99,2.99
565,2220,"2005-08-01",1,2.99,2.99
565,2480,"2005-08-01",1,3.99,3.99
565,2505,"2005-06-01",1,5.99,5.99
565,2537,"2005-08-01",1,4.99,4.99
565,2630,"2005-08-01",1,5.99,5.99
565,3388,"2005-08-01",1,3.99,3.99
565,3404,"2005-07-01",1,2.99,2.99
565,3411,"2005-07-01",1,0.99,0.99
565,4034,"2005-08-01",1,8.99,8.99
565,4113,"2005-07-01",1,0.99,0.99
565,4246,"2005-07-01",1,2.99,2.99
566,23,"2005-08-01",1,2.99,2.99
566,159,"2005-08-01",1,1.99,1.99
566,331,"2005-07-01",1,2.99,2.99
566,439,"2005-07-01",1,0.99,0.99
566,451,"2005-08-01",1,4.99,4.99
566,915,"2005-07-01",1,6.99,6.99
566,1091,"2005-06-01",1,4.99,4.99
566,1187,"2005-06-01",1,5.99,5.99
566,1245,"2005-07-01",1,3.99,3.99
566,1304,"2005-07-01",1,3.99,3.99
566,1371,"2005-08-01",1,0.99,0.99
566,1712,"2005-08-01",1,2.99,2.99
566,1816,"2005-07-01",1,0.99,0.99
566,1881,"2005-08-01",1,2.99,2.99
566,2022,"2005-06-01",1,4.99,4.99
566,2069,"2005-08-01",1,4.99,4.99
566,2646,"2005-07-01",1,4.99,4.99
566,2652,"2005-08-01",1,3.99,3.99
566,2929,"2005-07-01",1,4.99,4.99
566,2933,"2005-07-01",1,2.99,2.99
566,3024,"2005-07-01",1,2.99,2.99
566,3049,"2005-08-01",1,8.99,8.99
566,3122,"2005-07-01",1,6.99,6.99
566,3153,"2005-08-01",1,6.99,6.99
566,3165,"2005-07-01",1,4.99,4.99
566,3391,"2005-07-01",1,0.99,0.99
566,3908,"2005-07-01",1,4.99,4.99
566,3916,"2005-07-01",1,1.99,1.99
566,3948,"2005-07-01",1,9.99,9.99
566,4086,"2005-06-01",1,0.99,0.99
566,4464,"2005-07-01",1,2.99,2.99
566,4550,"2005-07-01",1,2.99,2.99
567,220,"2005-07-01",1,2.99,2.99
567,282,"2005-07-01",1,0.99,0.99
567,407,"2005-07-01",1,0.99,0.99
567,467,"2005-07-01",1,5.99,5.99
567,853,"2005-07-01",1,2.99,2.99
567,1070,"2005-07-01",1,7.99,7.99
567,1184,"2005-07-01",1,4.99,4.99
567,1298,"2005-06-01",1,2.99,2.99
567,1344,"2005-07-01",1,2.99,2.99
567,1525,"2005-08-01",1,2.99,2.99
567,1920,"2005-07-01",1,0.99,0.99
567,2186,"2005-07-01",1,6.99,6.99
567,2478,"2005-06-01",1,4.99,4.99
567,3112,"2005-08-01",1,5.99,5.99
567,3440,"2005-08-01",1,2.99,2.99
567,3978,"2005-08-01",1,7.99,7.99
567,4141,"2005-08-01",1,2.99,2.99
567,4227,"2005-08-01",1,10.99,10.99
567,4298,"2005-08-01",1,2.99,2.99
567,4527,"2005-07-01",1,2.99,2.99
568,272,"2005-06-01",1,4.99,4.99
568,547,"2005-06-01",1,1.99,1.99
568,584,"2005-08-01",1,4.99,4.99
568,592,"2005-08-01",1,5.99,5.99
568,743,"2005-08-01",1,2.99,2.99
568,915,"2005-06-01",1,4.99,4.99
568,1156,"2005-06-01",1,4.99,4.99
568,1442,"2005-08-01",1,0.99,0.99
568,1522,"2005-07-01",1,2.99,2.99
568,1783,"2005-07-01",1,0.99,0.99
568,2278,"2005-07-01",1,0.99,0.99
568,2452,"2005-07-01",1,0.99,0.99
568,2967,"2005-08-01",1,0.99,0.99
568,3127,"2005-06-01",1,0.99,0.99
568,3269,"2005-07-01",1,2.99,2.99
568,3543,"2005-07-01",1,6.99,6.99
568,3592,"2005-07-01",1,4.99,4.99
568,3608,"2005-08-01",1,2.99,2.99
568,3789,"2005-08-01",1,2.99,2.99
568,4296,"2006-02-01",1,2.99,2.99
568,4465,"2005-07-01",1,2.99,2.99
569,1022,"2005-07-01",1,1.99,1.99
569,1039,"2005-07-01",1,2.99,2.99
569,1327,"2005-08-01",1,4.99,4.99
569,1437,"2005-08-01",1,1.99,1.99
569,1513,"2005-07-01",1,5.99,5.99
569,1632,"2005-08-01",1,2.99,2.99
569,1777,"2005-08-01",1,4.99,4.99
569,1887,"2005-08-01",1,6.99,6.99
569,1935,"2005-07-01",1,5.99,5.99
569,2009,"2005-08-01",1,2.99,2.99
569,2311,"2005-08-01",1,2.99,2.99
569,2463,"2005-07-01",1,1.99,1.99
569,2483,"2005-06-01",1,5.99,5.99
569,2508,"2005-08-01",1,8.99,8.99
569,2648,"2005-08-01",1,9.99,9.99
569,2654,"2005-08-01",1,3.99,3.99
569,2716,"2005-08-01",1,7.99,7.99
569,2877,"2005-08-01",1,0.99,0.99
569,2953,"2005-08-01",1,4.99,4.99
569,2984,"2005-06-01",1,6.99,6.99
569,3393,"2005-08-01",1,4.99,4.99
569,3438,"2005-07-01",1,0.99,0.99
569,3668,"2005-07-01",1,4.99,4.99
569,3702,"2005-08-01",1,0.99,0.99
569,3891,"2005-08-01",1,0.99,0.99
569,4085,"2005-08-01",1,0.99,0.99
569,4214,"2005-08-01",1,2.99,2.99
570,46,"2005-07-01",1,4.99,4.99
570,158,"2005-08-01",1,3.99,3.99
570,858,"2006-02-01",1,0.99,0.99
570,1152,"2005-06-01",1,2.99,2.99
570,1175,"2005-07-01",1,0.99,0.99
570,1334,"2005-06-01",1,4.99,4.99
570,1425,"2005-07-01",1,4.99,4.99
570,1528,"2005-07-01",1,4.99,4.99
570,1763,"2005-06-01",1,3.99,3.99
570,1772,"2005-08-01",1,4.99,4.99
570,2081,"2005-06-01",1,5.99,5.99
570,2205,"2005-07-01",1,0.99,0.99
570,2265,"2005-06-01",1,2.99,2.99
570,2396,"2005-07-01",1,0.99,0.99
570,2489,"2005-07-01",1,2.99,2.99
570,2881,"2005-07-01",1,4.99,4.99
570,3361,"2005-07-01",1,0.99,0.99
570,3453,"2005-07-01",1,7.99,7.99
570,3465,"2005-08-01",1,3.99,3.99
570,3901,"2005-07-01",1,0.99,0.99
570,3963,"2005-07-01",1,0.99,0.99
570,4049,"2005-07-01",1,4.99,4.99
570,4275,"2005-06-01",1,6.99,6.99
570,4460,"2005-06-01",1,4.99,4.99
570,4548,"2005-07-01",1,2.99,2.99
571,230,"2005-06-01",1,3.99,3.99
571,510,"2005-07-01",1,8.99,8.99
571,557,"2005-07-01",1,2.99,2.99
571,745,"2005-07-01",1,4.99,4.99
571,872,"2005-08-01",1,2.99,2.99
571,911,"2005-07-01",1,5.99,5.99
571,1097,"2005-08-01",1,7.99,7.99
571,1326,"2005-08-01",1,2.99,2.99
571,1351,"2005-06-01",1,2.99,2.99
571,1401,"2005-06-01",1,4.99,4.99
571,1471,"2005-06-01",1,4.99,4.99
571,1639,"2005-07-01",1,1.99,1.99
571,2294,"2005-07-01",1,8.99,8.99
571,2497,"2005-08-01",1,2.99,2.99
571,2601,"2005-07-01",1,4.99,4.99
571,2645,"2005-06-01",1,10.99,10.99
571,2865,"2005-08-01",1,4.99,4.99
571,3650,"2005-08-01",1,0.99,0.99
571,3986,"2005-06-01",1,4.99,4.99
571,4060,"2005-07-01",1,4.99,4.99
571,4303,"2005-08-01",1,2.99,2.99
571,4383,"2005-07-01",1,4.99,4.99
572,130,"2005-08-01",1,4.99,4.99
572,163,"2005-08-01",1,6.99,6.99
572,264,"2005-07-01",1,4.99,4.99
572,378,"2005-07-01",1,4.99,4.99
572,599,"2005-06-01",1,0.99,0.99
572,764,"2005-08-01",1,4.99,4.99
572,1025,"2005-08-01",1,4.99,4.99
572,1116,"2005-08-01",1,5.99,5.99
572,1123,"2005-06-01",1,0.99,0.99
572,1213,"2005-07-01",1,6.99,6.99
572,1273,"2005-08-01",1,0.99,0.99
572,1316,"2005-08-01",1,1.99,1.99
572,1657,"2005-07-01",1,5.99,5.99
572,2018,"2005-07-01",1,6.99,6.99
572,2197,"2005-08-01",1,2.99,2.99
572,2419,"2005-08-01",1,4.99,4.99
572,2434,"2005-07-01",1,4.99,4.99
572,2975,"2005-08-01",1,1.99,1.99
572,3040,"2005-07-01",1,3.99,3.99
572,3184,"2005-07-01",1,2.99,2.99
572,3301,"2005-07-01",1,0.99,0.99
572,3896,"2005-07-01",1,0.99,0.99
572,3909,"2005-06-01",1,10.99,10.99
572,4296,"2005-07-01",1,2.99,2.99
573,65,"2005-08-01",1,0.99,0.99
573,75,"2005-07-01",1,5.99,5.99
573,136,"2005-08-01",1,1.99,1.99
573,165,"2005-07-01",1,2.99,2.99
573,274,"2005-07-01",1,4.99,4.99
573,344,"2005-08-01",1,1.99,1.99
573,724,"2005-08-01",1,6.99,6.99
573,744,"2005-08-01",1,5.99,5.99
573,1388,"2005-07-01",1,2.99,2.99
573,1393,"2005-06-01",1,5.99,5.99
573,1609,"2005-07-01",1,2.99,2.99
573,1683,"2005-07-01",1,0.99,0.99
573,1703,"2005-06-01",1,7.99,7.99
573,1958,"2005-08-01",1,0.99,0.99
573,2014,"2005-07-01",1,7.99,7.99
573,2393,"2005-08-01",1,2.99,2.99
573,2406,"2005-07-01",1,2.99,2.99
573,2622,"2005-07-01",1,9.99,9.99
573,2674,"2005-07-01",1,5.99,5.99
573,3450,"2005-08-01",1,2.99,2.99
573,3488,"2005-07-01",1,10.99,10.99
573,3594,"2005-08-01",1,0.99,0.99
573,3680,"2005-07-01",1,4.99,4.99
573,3711,"2005-07-01",1,0.99,0.99
573,3995,"2005-07-01",1,0.99,0.99
573,4240,"2005-07-01",1,4.99,4.99
573,4462,"2005-06-01",1,4.99,4.99
573,4544,"2005-06-01",1,1.99,1.99
574,204,"2005-07-01",1,7.99,7.99
574,256,"2005-08-01",1,3.99,3.99
574,667,"2005-07-01",1,4.99,4.99
574,686,"2005-07-01",1,3.99,3.99
574,716,"2005-06-01",1,0.99,0.99
574,890,"2005-08-01",1,2.99,2.99
574,953,"2005-08-01",1,4.99,4.99
574,1058,"2005-07-01",1,2.99,2.99
574,1070,"2005-08-01",1,4.99,4.99
574,1354,"2005-06-01",1,0.99,0.99
574,1500,"2005-08-01",1,2.99,2.99
574,1620,"2005-07-01",1,4.99,4.99
574,1825,"2005-07-01",1,4.99,4.99
574,1848,"2005-07-01",1,2.99,2.99
574,1880,"2005-06-01",1,6.99,6.99
574,1999,"2005-07-01",1,4.99,4.99
574,2052,"2005-06-01",1,5.99,5.99
574,2274,"2005-06-01",1,0.99,0.99
574,2328,"2005-08-01",1,2.99,2.99
574,2528,"2005-07-01",1,2.99,2.99
574,2604,"2005-07-01",1,7.99,7.99
574,2706,"2005-07-01",1,2.99,2.99
574,2950,"2005-07-01",1,3.99,3.99
574,3065,"2005-07-01",1,1.99,1.99
574,3216,"2005-08-01",1,4.99,4.99
574,3576,"2005-07-01",1,2.99,2.99
574,4388,"2005-07-01",1,3.99,3.99
575,244,"2005-06-01",1,2.99,2.99
575,304,"2005-08-01",1,7.99,7.99
575,443,"2005-08-01",1,8.99,8.99
575,846,"2005-07-01",1,2.99,2.99
575,954,"2005-07-01",1,4.99,4.99
575,964,"2005-07-01",1,8.99,8.99
575,997,"2005-08-01",1,7.99,7.99
575,1255,"2005-07-01",1,4.99,4.99
575,1305,"2005-08-01",1,2.99,2.99
575,1654,"2005-08-01",1,5.99,5.99
575,1742,"2005-07-01",1,6.99,6.99
575,2269,"2005-06-01",1,2.99,2.99
575,2493,"2005-08-01",1,3.99,3.99
575,2516,"2005-07-01",1,2.99,2.99
575,2579,"2005-06-01",1,4.99,4.99
575,2663,"2005-07-01",1,0.99,0.99
575,2733,"2005-08-01",1,0.99,0.99
575,2795,"2005-08-01",1,4.99,4.99
575,2950,"2005-08-01",1,2.99,2.99
575,3471,"2005-07-01",1,2.99,2.99
575,3514,"2005-08-01",1,4.99,4.99
575,3622,"2005-07-01",1,0.99,0.99
575,4152,"2005-08-01",1,4.99,4.99
575,4224,"2005-08-01",1,4.99,4.99
576,408,"2005-07-01",1,5.99,5.99
576,429,"2005-08-01",1,4.99,4.99
576,611,"2005-06-01",1,0.99,0.99
576,646,"2005-07-01",1,2.99,2.99
576,730,"2005-08-01",1,4.99,4.99
576,1275,"2005-08-01",1,0.99,0.99
576,1391,"2005-07-01",1,3.99,3.99
576,1938,"2005-07-01",1,4.99,4.99
576,1951,"2005-07-01",1,0.99,0.99
576,2005,"2005-07-01",1,0.99,0.99
576,2177,"2005-07-01",1,8.99,8.99
576,2181,"2005-06-01",1,3.99,3.99
576,2233,"2005-06-01",1,8.99,8.99
576,2370,"2005-07-01",1,1.99,1.99
576,2517,"2005-08-01",1,0.99,0.99
576,2772,"2005-06-01",1,2.99,2.99
576,2796,"2005-07-01",1,4.99,4.99
576,2960,"2005-08-01",1,4.99,4.99
576,3038,"2005-07-01",1,5.99,5.99
576,3187,"2005-07-01",1,4.99,4.99
576,3221,"2005-07-01",1,2.99,2.99
576,3239,"2005-07-01",1,4.99,4.99
576,3425,"2005-08-01",1,3.99,3.99
576,3588,"2005-08-01",1,4.99,4.99
576,3825,"2005-07-01",1,4.99,4.99
576,4079,"2005-06-01",1,6.99,6.99
576,4094,"2006-02-01",1,5.98,5.98
576,4238,"2005-06-01",1,4.99,4.99
576,4264,"2005-07-01",1,3.99,3.99
576,4290,"2005-08-01",1,5.99,5.99
576,4292,"2006-02-01",1,0.00,0.00
576,4579,"2005-06-01",1,4.99,4.99
577,208,"2005-07-01",1,5.99,5.99
577,538,"2005-08-01",1,0.99,0.99
577,728,"2005-08-01",1,7.99,7.99
577,742,"2005-06-01",1,2.99,2.99
577,1121,"2005-08-01",1,0.99,0.99
577,1353,"2005-08-01",1,3.99,3.99
577,1431,"2005-07-01",1,6.99,6.99
577,1507,"2005-08-01",1,4.99,4.99
577,1734,"2005-08-01",1,0.99,0.99
577,1807,"2005-07-01",1,4.99,4.99
577,2109,"2005-07-01",1,0.99,0.99
577,2359,"2005-07-01",1,2.99,2.99
577,2492,"2005-06-01",1,3.99,3.99
577,2732,"2005-08-01",1,4.99,4.99
577,2746,"2005-08-01",1,3.99,3.99
577,2928,"2005-07-01",1,2.99,2.99
577,3262,"2005-07-01",1,0.99,0.99
577,3279,"2005-07-01",1,7.99,7.99
577,3298,"2005-08-01",1,2.99,2.99
577,3413,"2005-08-01",1,4.99,4.99
577,3423,"2005-06-01",1,6.99,6.99
577,3539,"2005-08-01",1,4.99,4.99
577,3563,"2005-07-01",1,8.99,8.99
577,3765,"2005-07-01",1,6.99,6.99
577,4521,"2005-07-01",1,2.99,2.99
577,4548,"2005-08-01",1,2.99,2.99
578,129,"2005-07-01",1,5.99,5.99
578,150,"2005-07-01",1,4.99,4.99
578,197,"2005-07-01",1,4.99,4.99
578,421,"2005-06-01",1,6.99,6.99
578,505,"2005-07-01",1,6.99,6.99
578,527,"2005-08-01",1,5.99,5.99
578,565,"2005-07-01",1,0.99,0.99
578,758,"2005-08-01",1,2.99,2.99
578,1603,"2005-08-01",1,5.99,5.99
578,1943,"2005-07-01",1,0.99,0.99
578,2092,"2005-08-01",1,7.99,7.99
578,2769,"2005-07-01",1,2.99,2.99
578,2811,"2005-06-01",1,2.99,2.99
578,2846,"2005-07-01",1,4.99,4.99
578,2902,"2005-07-01",1,2.99,2.99
578,3118,"2005-07-01",1,4.99,4.99
578,3810,"2005-06-01",1,4.99,4.99
578,3926,"2005-08-01",1,7.99,7.99
578,4112,"2005-08-01",1,2.99,2.99
578,4440,"2005-08-01",1,0.99,0.99
578,4445,"2005-07-01",1,4.99,4.99
579,186,"2005-08-01",1,2.99,2.99
579,322,"2005-07-01",1,2.99,2.99
579,550,"2005-06-01",1,3.99,3.99
579,640,"2005-07-01",1,4.99,4.99
579,709,"2005-08-01",1,1.99,1.99
579,858,"2005-07-01",1,6.99,6.99
579,1616,"2005-08-01",1,2.99,2.99
579,1863,"2005-07-01",1,1.99,1.99
579,1970,"2005-07-01",1,0.99,0.99
579,2012,"2005-08-01",1,5.99,5.99
579,2127,"2005-07-01",1,9.99,9.99
579,2194,"2005-08-01",1,4.99,4.99
579,2394,"2005-07-01",1,0.99,0.99
579,2630,"2005-06-01",1,5.99,5.99
579,2650,"2005-07-01",1,8.99,8.99
579,3643,"2005-08-01",1,0.99,0.99
579,3739,"2005-07-01",1,9.99,9.99
579,3820,"2005-07-01",1,2.99,2.99
579,3917,"2006-02-01",1,0.99,0.99
579,3957,"2005-08-01",1,0.99,0.99
579,3994,"2005-08-01",1,3.99,3.99
579,4001,"2005-08-01",1,6.99,6.99
579,4183,"2005-07-01",1,4.99,4.99
579,4187,"2005-07-01",1,5.99,5.99
579,4219,"2005-07-01",1,2.99,2.99
579,4476,"2005-07-01",1,0.99,0.99
579,4494,"2005-06-01",1,2.99,2.99
580,278,"2005-07-01",1,2.99,2.99
580,931,"2005-07-01",1,0.99,0.99
580,1355,"2005-07-01",1,0.99,0.99
580,1377,"2005-08-01",1,2.99,2.99
580,1579,"2005-07-01",1,6.99,6.99
580,1619,"2005-08-01",1,2.99,2.99
580,1716,"2005-08-01",1,2.99,2.99
580,1728,"2005-07-01",1,3.99,3.99
580,1877,"2005-08-01",1,4.99,4.99
580,1909,"2005-08-01",1,6.99,6.99
580,2192,"2005-08-01",1,3.99,3.99
580,2308,"2005-07-01",1,4.99,4.99
580,2451,"2005-06-01",1,0.99,0.99
580,2526,"2005-08-01",1,3.99,3.99
580,3298,"2005-07-01",1,2.99,2.99
580,3360,"2005-07-01",1,1.99,1.99
580,3440,"2005-07-01",1,3.99,3.99
580,3590,"2005-08-01",1,6.99,6.99
580,3620,"2005-07-01",1,1.99,1.99
580,3709,"2005-08-01",1,2.99,2.99
580,4166,"2005-07-01",1,1.99,1.99
580,4233,"2005-07-01",1,3.99,3.99
580,4336,"2005-07-01",1,0.99,0.99
580,4342,"2005-07-01",1,4.99,4.99
580,4450,"2005-08-01",1,8.99,8.99
580,4463,"2005-07-01",1,5.99,5.99
581,2,"2005-07-01",1,1.99,1.99
581,77,"2005-08-01",1,2.99,2.99
581,476,"2005-07-01",1,0.99,0.99
581,592,"2005-07-01",1,2.99,2.99
581,708,"2005-07-01",1,4.99,4.99
581,840,"2005-07-01",1,8.99,8.99
581,846,"2005-08-01",1,8.99,8.99
581,1030,"2005-08-01",1,2.99,2.99
581,1039,"2005-08-01",1,2.99,2.99
581,1158,"2005-06-01",1,4.99,4.99
581,1291,"2005-08-01",1,2.99,2.99
581,1681,"2005-07-01",1,2.99,2.99
581,1843,"2005-06-01",1,3.99,3.99
581,1902,"2005-07-01",1,4.99,4.99
581,1972,"2005-07-01",1,2.99,2.99
581,2137,"2005-06-01",1,2.99,2.99
581,2175,"2005-08-01",1,4.99,4.99
581,2921,"2005-07-01",1,1.99,1.99
581,3152,"2005-07-01",1,4.99,4.99
581,3494,"2005-07-01",1,5.99,5.99
581,3707,"2005-07-01",1,7.99,7.99
581,3754,"2005-08-01",1,0.99,0.99
581,3782,"2005-07-01",1,2.99,2.99
581,3817,"2005-07-01",1,2.99,2.99
581,4315,"2005-08-01",1,0.99,0.99
582,76,"2005-08-01",1,2.99,2.99
582,425,"2005-08-01",1,7.99,7.99
582,601,"2005-07-01",1,5.99,5.99
582,702,"2005-07-01",1,2.99,2.99
582,923,"2005-07-01",1,0.99,0.99
582,950,"2005-07-01",1,5.99,5.99
582,1198,"2005-06-01",1,0.99,0.99
582,1516,"2005-08-01",1,5.99,5.99
582,1563,"2005-07-01",1,2.99,2.99
582,1936,"2005-08-01",1,4.99,4.99
582,2656,"2005-07-01",1,9.99,9.99
582,2699,"2005-06-01",1,2.99,2.99
582,2807,"2005-07-01",1,6.99,6.99
582,2853,"2005-08-01",1,0.99,0.99
582,2855,"2005-07-01",1,5.99,5.99
582,2918,"2005-08-01",1,5.99,5.99
582,3006,"2005-08-01",1,4.99,4.99
582,3240,"2005-07-01",1,4.99,4.99
582,3331,"2005-08-01",1,0.99,0.99
582,3388,"2005-08-01",1,5.99,5.99
582,3654,"2005-07-01",1,6.99,6.99
582,4218,"2006-02-01",1,2.99,2.99
582,4519,"2005-08-01",1,2.99,2.99
582,4522,"2005-06-01",1,7.99,7.99
583,507,"2005-08-01",1,4.99,4.99
583,587,"2005-07-01",1,9.99,9.99
583,634,"2005-07-01",1,2.99,2.99
583,871,"2005-07-01",1,0.99,0.99
583,1012,"2005-06-01",1,4.99,4.99
583,1279,"2005-06-01",1,0.99,0.99
583,1599,"2005-07-01",1,7.99,7.99
583,1920,"2005-06-01",1,3.99,3.99
583,2233,"2005-07-01",1,7.99,7.99
583,2759,"2005-07-01",1,5.99,5.99
583,2817,"2005-07-01",1,6.99,6.99
583,3072,"2005-08-01",1,4.99,4.99
583,3073,"2005-08-01",1,4.99,4.99
583,3119,"2005-07-01",1,4.99,4.99
583,3213,"2005-07-01",1,5.99,5.99
583,3238,"2005-06-01",1,9.99,9.99
583,3259,"2005-07-01",1,1.99,1.99
583,3306,"2005-08-01",1,2.99,2.99
583,3689,"2005-06-01",1,3.99,3.99
583,3705,"2005-08-01",1,0.99,0.99
583,3948,"2005-06-01",1,5.99,5.99
583,4484,"2005-07-01",1,4.99,4.99
583,4562,"2005-07-01",1,7.99,7.99
584,145,"2005-07-01",1,7.99,7.99
584,199,"2005-08-01",1,8.99,8.99
584,335,"2005-07-01",1,5.99,5.99
584,478,"2005-08-01",1,0.99,0.99
584,585,"2005-08-01",1,4.99,4.99
584,685,"2005-07-01",1,3.99,3.99
584,844,"2005-08-01",1,5.99,5.99
584,899,"2005-08-01",1,0.99,0.99
584,924,"2005-06-01",1,3.99,3.99
584,1007,"2005-08-01",1,4.99,4.99
584,1112,"2005-07-01",1,0.99,0.99
584,1449,"2005-07-01",1,2.99,2.99
584,1543,"2005-08-01",1,5.99,5.99
584,1622,"2005-07-01",1,4.99,4.99
584,1889,"2005-08-01",1,4.99,4.99
584,2754,"2005-07-01",1,0.99,0.99
584,2875,"2005-08-01",1,1.99,1.99
584,2956,"2005-07-01",1,4.99,4.99
584,3202,"2005-07-01",1,4.99,4.99
584,3310,"2005-07-01",1,0.99,0.99
584,3772,"2005-08-01",1,5.99,5.99
584,4003,"2005-08-01",1,6.99,6.99
584,4005,"2005-07-01",1,2.99,2.99
584,4095,"2005-06-01",1,6.99,6.99
584,4146,"2005-08-01",1,2.99,2.99
584,4246,"2005-07-01",1,2.99,2.99
584,4357,"2005-08-01",1,2.99,2.99
585,26,"2005-07-01",1,2.99,2.99
585,261,"2005-08-01",1,3.99,3.99
585,503,"2005-07-01",1,9.99,9.99
585,528,"2005-08-01",1,6.99,6.99
585,1024,"2006-02-01",1,4.99,4.99
585,1036,"2005-07-01",1,2.99,2.99
585,1259,"2005-07-01",1,4.99,4.99
585,1476,"2005-07-01",1,6.99,6.99
585,1625,"2005-06-01",1,0.99,0.99
585,2293,"2005-07-01",1,3.99,3.99
585,2352,"2005-07-01",1,4.99,4.99
585,2594,"2005-07-01",1,8.99,8.99
585,2700,"2005-08-01",1,0.99,0.99
585,2832,"2005-07-01",1,2.99,2.99
585,3266,"2005-07-01",1,6.99,6.99
585,3338,"2005-08-01",1,4.99,4.99
585,3573,"2005-07-01",1,4.99,4.99
585,3615,"2005-06-01",1,3.99,3.99
585,3744,"2005-06-01",1,0.99,0.99
585,3849,"2005-08-01",1,9.99,9.99
585,4252,"2005-08-01",1,0.99,0.99
585,4290,"2005-07-01",1,4.99,4.99
585,4319,"2005-07-01",1,4.99,4.99
585,4540,"2005-06-01",1,7.99,7.99
586,78,"2005-07-01",1,2.99,2.99
586,330,"2005-06-01",1,2.99,2.99
586,847,"2005-08-01",1,1.99,1.99
586,872,"2005-08-01",1,0.99,0.99
586,1485,"2005-08-01",1,2.99,2.99
586,1555,"2005-08-01",1,0.99,0.99
586,1575,"2005-07-01",1,6.99,6.99
586,2202,"2005-08-01",1,2.99,2.99
586,2560,"2005-07-01",1,2.99,2.99
586,2591,"2005-07-01",1,2.99,2.99
586,2707,"2005-06-01",1,0.99,0.99
586,2939,"2005-08-01",1,2.99,2.99
586,3242,"2005-07-01",1,4.99,4.99
586,3406,"2005-08-01",1,3.99,3.99
586,3530,"2005-08-01",1,4.99,4.99
586,3664,"2005-07-01",1,2.99,2.99
586,3976,"2005-08-01",1,0.99,0.99
587,122,"2005-07-01",1,3.99,3.99
587,320,"2005-06-01",1,2.99,2.99
587,383,"2005-07-01",1,0.99,0.99
587,512,"2006-02-01",1,0.99,0.99
587,889,"2005-08-01",1,6.99,6.99
587,1219,"2005-06-01",1,2.99,2.99
587,1282,"2005-07-01",1,6.99,6.99
587,1443,"2005-08-01",1,4.99,4.99
587,1464,"2005-07-01",1,8.99,8.99
587,1512,"2005-06-01",1,4.99,4.99
587,1565,"2005-07-01",1,5.99,5.99
587,1660,"2005-07-01",1,2.99,2.99
587,1922,"2005-08-01",1,4.99,4.99
587,2362,"2005-08-01",1,2.99,2.99
587,2600,"2005-07-01",1,5.99,5.99
587,2912,"2005-07-01",1,6.99,6.99
587,3385,"2005-07-01",1,0.99,0.99
587,3846,"2005-08-01",1,2.99,2.99
587,3849,"2005-08-01",1,4.99,4.99
587,4055,"2005-08-01",1,0.99,0.99
587,4072,"2005-08-01",1,4.99,4.99
587,4101,"2005-07-01",1,4.99,4.99
587,4156,"2005-06-01",1,4.99,4.99
587,4386,"2005-08-01",1,2.99,2.99
588,435,"2005-08-01",1,4.99,4.99
588,487,"2005-06-01",1,3.99,3.99
588,565,"2005-08-01",1,1.99,1.99
588,740,"2005-06-01",1,2.99,2.99
588,1119,"2005-07-01",1,5.99,5.99
588,1163,"2005-07-01",1,2.99,2.99
588,1369,"2005-07-01",1,2.99,2.99
588,1558,"2005-08-01",1,2.99,2.99
588,1620,"2005-08-01",1,4.99,4.99
588,1754,"2005-08-01",1,4.99,4.99
588,1939,"2005-06-01",1,6.99,6.99
588,2180,"2005-07-01",1,2.99,2.99
588,2353,"2005-07-01",1,4.99,4.99
588,2456,"2005-07-01",1,2.99,2.99
588,2562,"2005-06-01",1,2.99,2.99
588,2767,"2005-07-01",1,2.99,2.99
588,2891,"2005-07-01",1,0.99,0.99
588,3129,"2005-08-01",1,1.99,1.99
588,3399,"2005-07-01",1,4.99,4.99
588,3447,"2005-06-01",1,7.99,7.99
588,3509,"2005-07-01",1,4.99,4.99
588,3614,"2005-08-01",1,2.99,2.99
588,3661,"2005-07-01",1,2.99,2.99
588,3666,"2005-07-01",1,4.99,4.99
588,3772,"2005-07-01",1,2.99,2.99
588,4131,"2005-08-01",1,4.99,4.99
588,4433,"2005-07-01",1,4.99,4.99
589,215,"2005-07-01",1,9.99,9.99
589,313,"2005-07-01",1,4.99,4.99
589,1069,"2005-08-01",1,6.99,6.99
589,1084,"2005-07-01",1,3.99,3.99
589,1549,"2005-08-01",1,6.99,6.99
589,2093,"2005-08-01",1,5.99,5.99
589,2346,"2005-06-01",1,4.99,4.99
589,2445,"2005-08-01",1,0.99,0.99
589,2501,"2005-07-01",1,0.99,0.99
589,2504,"2005-07-01",1,3.99,3.99
589,3108,"2005-06-01",1,8.99,8.99
589,3155,"2005-06-01",1,4.99,4.99
589,3195,"2005-08-01",1,4.99,4.99
589,3334,"2005-08-01",1,0.99,0.99
589,3410,"2005-07-01",1,0.99,0.99
589,3517,"2005-07-01",1,2.99,2.99
589,3743,"2005-07-01",1,4.99,4.99
589,3931,"2005-07-01",1,3.99,3.99
589,3961,"2005-06-01",1,2.99,2.99
589,4018,"2005-07-01",1,0.99,0.99
589,4103,"2005-08-01",1,8.99,8.99
589,4165,"2005-08-01",1,4.99,4.99
589,4313,"2005-08-01",1,7.99,7.99
589,4486,"2005-06-01",1,8.99,8.99
589,4494,"2005-08-01",1,0.99,0.99
590,25,"2006-02-01",1,2.99,2.99
590,192,"2005-08-01",1,5.99,5.99
590,248,"2005-07-01",1,2.99,2.99
590,280,"2005-07-01",1,0.99,0.99
590,466,"2005-07-01",1,4.99,4.99
590,511,"2005-07-01",1,4.99,4.99
590,602,"2005-07-01",1,4.99,4.99
590,632,"2005-06-01",1,7.99,7.99
590,637,"2005-08-01",1,2.99,2.99
590,672,"2005-06-01",1,2.99,2.99
590,1111,"2005-07-01",1,4.99,4.99
590,1201,"2005-06-01",1,9.99,9.99
590,1455,"2005-07-01",1,2.99,2.99
590,1652,"2005-07-01",1,2.99,2.99
590,1919,"2005-08-01",1,3.99,3.99
590,2141,"2005-06-01",1,2.99,2.99
590,2492,"2005-07-01",1,4.99,4.99
590,3016,"2005-07-01",1,4.99,4.99
590,3075,"2005-08-01",1,4.99,4.99
590,3086,"2005-06-01",1,6.99,6.99
590,3623,"2005-07-01",1,4.99,4.99
590,3738,"2005-07-01",1,4.99,4.99
590,3989,"2005-07-01",1,5.99,5.99
590,4495,"2005-07-01",1,0.99,0.99
591,310,"2005-08-01",1,2.99,2.99
591,362,"2005-07-01",1,0.99,0.99
591,451,"2005-06-01",1,4.99,4.99
591,582,"2005-07-01",1,8.99,8.99
591,816,"2005-07-01",1,6.99,6.99
591,887,"2005-07-01",1,6.99,6.99
591,1013,"2005-08-01",1,5.99,5.99
591,1032,"2005-08-01",1,3.99,3.99
591,1765,"2005-07-01",1,3.99,3.99
591,1790,"2005-07-01",1,3.99,3.99
591,1845,"2005-07-01",1,4.99,4.99
591,2104,"2005-07-01",1,5.99,5.99
591,2189,"2005-06-01",1,2.99,2.99
591,2597,"2005-08-01",1,4.99,4.99
591,2649,"2005-07-01",1,11.99,11.99
591,2905,"2005-07-01",1,2.99,2.99
591,2974,"2005-06-01",1,0.99,0.99
591,3046,"2005-08-01",1,4.99,4.99
591,3100,"2005-07-01",1,4.99,4.99
591,3242,"2005-08-01",1,5.99,5.99
591,3379,"2005-07-01",1,0.99,0.99
591,3669,"2005-07-01",1,5.99,5.99
591,3671,"2005-08-01",1,4.99,4.99
591,3917,"2005-07-01",1,0.99,0.99
591,4044,"2005-07-01",1,4.99,4.99
591,4228,"2005-08-01",1,5.99,5.99
591,4514,"2005-08-01",1,9.99,9.99
592,66,"2005-08-01",1,1.99,1.99
592,131,"2005-07-01",1,0.99,0.99
592,172,"2005-06-01",1,2.99,2.99
592,177,"2005-07-01",1,0.99,0.99
592,445,"2005-08-01",1,2.99,2.99
592,531,"2005-07-01",1,3.99,3.99
592,692,"2005-08-01",1,8.99,8.99
592,697,"2005-07-01",1,2.99,2.99
592,888,"2005-07-01",1,2.99,2.99
592,980,"2005-08-01",1,0.99,0.99
592,1230,"2005-07-01",1,3.99,3.99
592,1396,"2005-06-01",1,5.99,5.99
592,1413,"2005-07-01",1,1.99,1.99
592,1768,"2005-07-01",1,0.99,0.99
592,2291,"2006-02-01",1,0.99,0.99
592,2625,"2005-07-01",1,11.99,11.99
592,2779,"2005-06-01",1,0.99,0.99
592,3046,"2005-07-01",1,4.99,4.99
592,3050,"2005-07-01",1,9.99,9.99
592,3461,"2005-06-01",1,7.99,7.99
592,3593,"2005-07-01",1,4.99,4.99
592,3706,"2005-08-01",1,0.99,0.99
592,3880,"2005-08-01",1,3.99,3.99
592,4121,"2005-07-01",1,0.99,0.99
592,4166,"2005-08-01",1,0.99,0.99
592,4191,"2005-07-01",1,2.99,2.99
592,4209,"2005-06-01",1,6.99,6.99
592,4318,"2005-07-01",1,6.99,6.99
592,4391,"2005-08-01",1,2.99,2.99
593,222,"2005-08-01",1,5.99,5.99
593,421,"2005-07-01",1,4.99,4.99
593,491,"2005-08-01",1,0.99,0.99
593,583,"2005-08-01",1,5.99,5.99
593,633,"2005-07-01",1,2.99,2.99
593,828,"2005-06-01",1,4.99,4.99
593,844,"2005-07-01",1,2.99,2.99
593,1115,"2005-07-01",1,3.99,3.99
593,1136,"2005-07-01",1,6.99,6.99
593,1245,"2005-06-01",1,4.99,4.99
593,1293,"2005-07-01",1,6.99,6.99
593,1399,"2005-06-01",1,5.99,5.99
593,1818,"2005-07-01",1,4.99,4.99
593,1837,"2005-07-01",1,2.99,2.99
593,1924,"2005-08-01",1,3.99,3.99
593,1989,"2005-07-01",1,2.99,2.99
593,3148,"2005-06-01",1,4.99,4.99
593,3535,"2005-08-01",1,3.99,3.99
593,3681,"2005-08-01",1,4.99,4.99
593,3815,"2005-08-01",1,2.99,2.99
593,4090,"2005-07-01",1,0.99,0.99
593,4171,"2005-07-01",1,0.99,0.99
593,4391,"2005-07-01",1,2.99,2.99
593,4557,"2005-08-01",1,6.99,6.99
594,97,"2005-07-01",1,0.99,0.99
594,191,"2005-07-01",1,3.99,3.99
594,481,"2005-07-01",1,5.99,5.99
594,527,"2005-07-01",1,6.99,6.99
594,562,"2005-06-01",1,1.99,1.99
594,721,"2005-07-01",1,2.99,2.99
594,723,"2005-06-01",1,2.99,2.99
594,959,"2005-07-01",1,4.99,4.99
594,960,"2005-08-01",1,8.99,8.99
594,1145,"2005-06-01",1,6.99,6.99
594,1612,"2005-07-01",1,1.99,1.99
594,1791,"2005-07-01",1,8.99,8.99
594,2090,"2005-07-01",1,2.99,2.99
594,2156,"2005-07-01",1,4.99,4.99
594,2255,"2005-06-01",1,0.99,0.99
594,2861,"2005-06-01",1,4.99,4.99
594,3007,"2005-07-01",1,2.99,2.99
594,3399,"2005-08-01",1,4.99,4.99
594,3451,"2005-07-01",1,7.99,7.99
594,3477,"2005-07-01",1,3.99,3.99
594,3903,"2005-07-01",1,5.99,5.99
594,4162,"2005-08-01",1,4.99,4.99
594,4577,"2005-06-01",1,5.99,5.99
595,321,"2005-07-01",1,2.99,2.99
595,438,"2005-08-01",1,0.99,0.99
595,510,"2005-07-01",1,4.99,4.99
595,933,"2005-07-01",1,0.99,0.99
595,957,"2005-08-01",1,0.99,0.99
595,1175,"2005-08-01",1,0.99,0.99
595,1448,"2005-08-01",1,0.99,0.99
595,1590,"2005-07-01",1,6.99,6.99
595,1688,"2005-08-01",1,2.99,2.99
595,2095,"2005-07-01",1,1.99,1.99
595,2243,"2005-07-01",1,4.99,4.99
595,2444,"2005-06-01",1,2.99,2.99
595,2526,"2005-06-01",1,4.99,4.99
595,2649,"2005-07-01",1,10.99,10.99
595,2918,"2005-08-01",1,2.99,2.99
595,2938,"2005-07-01",1,4.99,4.99
595,3117,"2005-07-01",1,4.99,4.99
595,3231,"2005-07-01",1,2.99,2.99
595,3257,"2005-08-01",1,2.99,2.99
595,3346,"2005-07-01",1,4.99,4.99
595,3374,"2005-08-01",1,2.99,2.99
595,3406,"2005-07-01",1,1.99,1.99
595,3501,"2005-07-01",1,6.99,6.99
595,3560,"2005-07-01",1,9.99,9.99
595,3607,"2005-07-01",1,2.99,2.99
595,3882,"2005-07-01",1,0.99,0.99
595,4154,"2005-07-01",1,4.99,4.99
595,4277,"2005-07-01",1,2.99,2.99
595,4503,"2005-07-01",1,3.99,3.99
596,295,"2005-07-01",1,2.99,2.99
596,371,"2005-08-01",1,4.99,4.99
596,468,"2005-07-01",1,4.99,4.99
596,749,"2005-06-01",1,1.99,1.99
596,829,"2005-08-01",1,4.99,4.99
596,1182,"2005-08-01",1,4.99,4.99
596,1230,"2005-08-01",1,0.99,0.99
596,1737,"2005-08-01",1,3.99,3.99
596,1768,"2005-08-01",1,0.99,0.99
596,1786,"2006-02-01",1,0.99,0.99
596,2358,"2005-08-01",1,3.99,3.99
596,2574,"2005-08-01",1,4.99,4.99
596,2865,"2005-07-01",1,3.99,3.99
596,2915,"2005-08-01",1,0.99,0.99
596,3263,"2005-08-01",1,0.99,0.99
596,3851,"2005-08-01",1,6.99,6.99
596,3921,"2005-08-01",1,4.99,4.99
596,3975,"2005-07-01",1,3.99,3.99
596,4052,"2005-06-01",1,1.99,1.99
596,4088,"2005-07-01",1,0.99,0.99
596,4156,"2005-07-01",1,4.99,4.99
596,4247,"2005-08-01",1,2.99,2.99
597,6,"2005-06-01",1,1.99,1.99
597,555,"2005-08-01",1,5.99,5.99
597,620,"2005-08-01",1,4.99,4.99
597,648,"2005-08-01",1,0.99,0.99
597,948,"2005-07-01",1,4.99,4.99
597,1474,"2005-07-01",1,2.99,2.99
597,1522,"2005-08-01",1,2.99,2.99
597,1539,"2005-08-01",1,5.99,5.99
597,1562,"2005-08-01",1,4.99,4.99
597,1622,"2006-02-01",1,4.99,4.99
597,1939,"2005-08-01",1,4.99,4.99
597,1994,"2005-08-01",1,2.99,2.99
597,2110,"2005-06-01",1,4.99,4.99
597,2170,"2005-08-01",1,2.99,2.99
597,2708,"2005-06-01",1,0.99,0.99
597,2734,"2005-07-01",1,0.99,0.99
597,2827,"2005-08-01",1,2.99,2.99
597,2833,"2005-07-01",1,2.99,2.99
597,3022,"2005-08-01",1,0.99,0.99
597,3235,"2005-07-01",1,4.99,4.99
597,3495,"2005-07-01",1,4.99,4.99
597,3571,"2005-08-01",1,6.99,6.99
597,3865,"2005-07-01",1,4.99,4.99
598,286,"2005-06-01",1,2.99,2.99
598,446,"2005-07-01",1,3.99,3.99
598,482,"2005-07-01",1,6.99,6.99
598,742,"2005-08-01",1,7.99,7.99
598,1265,"2005-08-01",1,0.99,0.99
598,1397,"2005-07-01",1,0.99,0.99
598,1414,"2005-07-01",1,0.99,0.99
598,1726,"2005-08-01",1,0.99,0.99
598,1895,"2005-07-01",1,4.99,4.99
598,2303,"2005-07-01",1,4.99,4.99
598,2395,"2005-07-01",1,0.99,0.99
598,2702,"2005-07-01",1,0.99,0.99
598,2810,"2005-07-01",1,0.99,0.99
598,3036,"2005-07-01",1,5.99,5.99
598,3099,"2005-08-01",1,2.99,2.99
598,3667,"2005-07-01",1,5.99,5.99
598,3725,"2005-07-01",1,4.99,4.99
598,3824,"2005-07-01",1,4.99,4.99
598,4149,"2005-07-01",1,4.99,4.99
598,4153,"2005-07-01",1,6.99,6.99
598,4175,"2005-07-01",1,4.99,4.99
598,4525,"2005-08-01",1,2.99,2.99
599,221,"2005-06-01",1,4.99,4.99
599,378,"2005-08-01",1,2.99,2.99
599,456,"2005-06-01",1,6.99,6.99
599,633,"2005-06-01",1,6.99,6.99
599,1364,"2005-06-01",1,1.99,1.99
599,1615,"2005-07-01",1,2.99,2.99
599,1788,"2005-07-01",1,0.99,0.99
599,2008,"2005-07-01",1,2.99,2.99
599,2033,"2005-08-01",1,3.99,3.99
599,2419,"2005-07-01",1,6.99,6.99
599,2935,"2005-07-01",1,2.99,2.99
599,2943,"2005-08-01",1,1.99,1.99
599,3742,"2005-07-01",1,9.99,9.99
599,3819,"2005-07-01",1,2.99,2.99
599,3990,"2005-08-01",1,2.99,2.99
599,4048,"2005-08-01",1,8.99,8.99
599,4091,"2005-08-01",1,1.99,1.99
599,4575,"2005-08-01",1,4.99,4.99
